ISO-10303-21;
HEADER;
FILE_DESCRIPTION (( 'STEP AP214' ),
    '1' );
FILE_NAME ('NRH2412T100MNGH.STEP',
    '2024-02-07T18:30:54',
    ( '' ),
    ( '' ),
    'SwSTEP 2.0',
    'SolidWorks 2021',
    '' );
FILE_SCHEMA (( 'AUTOMOTIVE_DESIGN' ));
ENDSEC;

DATA;
#1 = EDGE_LOOP ( 'NONE', ( #1142, #767, #2638, #2256, #3879, #813 ) ) ;
#2 =( NAMED_UNIT ( * ) SI_UNIT ( $, .STERADIAN. ) SOLID_ANGLE_UNIT ( ) );
#3 = EDGE_CURVE ( 'NONE', #2151, #3014, #2032, .T. ) ;
#4 = SURFACE_STYLE_USAGE ( .BOTH. , #2924 ) ;
#5 = CARTESIAN_POINT ( 'NONE',  ( 0.7250000000000004219, 0.4349999999999997202, 1.199999999999999734 ) ) ;
#6 = EDGE_CURVE ( 'NONE', #2326, #228, #2013, .T. ) ;
#7 = MECHANICAL_DESIGN_GEOMETRIC_PRESENTATION_REPRESENTATION (  '', ( #2351 ), #4016 ) ;
#8 = CARTESIAN_POINT ( 'NONE',  ( 0.7200000000000007505, 0.3199999999999998401, 0.9343682837723317203 ) ) ;
#9 =( NAMED_UNIT ( * ) PLANE_ANGLE_UNIT ( ) SI_UNIT ( $, .RADIAN. ) );
#10 = EDGE_LOOP ( 'NONE', ( #627, #1758, #928, #4096, #4164, #3926 ) ) ;
#11 =( LENGTH_UNIT ( ) NAMED_UNIT ( * ) SI_UNIT ( .MILLI., .METRE. ) );
#12 = VERTEX_POINT ( 'NONE', #2419 ) ;
#13 = CIRCLE ( 'NONE', #3957, 0.05999999999999917899 ) ;
#14 = CYLINDRICAL_SURFACE ( 'NONE', #3176, 0.05999999999999994227 ) ;
#15 = SURFACE_STYLE_FILL_AREA ( #44 ) ;
#16 =( NAMED_UNIT ( * ) SI_UNIT ( $, .STERADIAN. ) SOLID_ANGLE_UNIT ( ) );
#17 = ORIENTED_EDGE ( 'NONE', *, *, #3794, .F. ) ;
#18 = DIRECTION ( 'NONE',  ( -1.000000000000000000, 0.000000000000000000, -0.000000000000000000 ) ) ;
#19 = PLANE ( 'NONE',  #633 ) ;
#20 =( GEOMETRIC_REPRESENTATION_CONTEXT ( 3 ) GLOBAL_UNCERTAINTY_ASSIGNED_CONTEXT ( ( #3905 ) ) GLOBAL_UNIT_ASSIGNED_CONTEXT ( ( #1996, #741, #16 ) ) REPRESENTATION_CONTEXT ( 'NONE', 'WORKASPACE' ) );
#21 = LINE ( 'NONE', #2331, #1494 ) ;
#22 = CLOSED_SHELL ( 'NONE', ( #3394, #2020, #1133, #401, #1034, #2115, #1220, #1012, #2664, #691, #2542, #2842, #2849, #817, #683, #2921, #4176, #1886, #3259, #4059, #3593, #3125, #3933, #969, #3722, #4120 ) ) ;
#23 = VECTOR ( 'NONE', #1760, 1000.000000000000000 ) ;
#24 =( NAMED_UNIT ( * ) SI_UNIT ( $, .STERADIAN. ) SOLID_ANGLE_UNIT ( ) );
#25 = CARTESIAN_POINT ( 'NONE',  ( 0.000000000000000000, 0.1199999999999998845, 0.000000000000000000 ) ) ;
#26 =( NAMED_UNIT ( * ) SI_UNIT ( $, .STERADIAN. ) SOLID_ANGLE_UNIT ( ) );
#27 = COLOUR_RGB ( '',0.7294117647058823151, 0.3568627450980392246, 0.02352941176470588203 ) ;
#28 = DIRECTION ( 'NONE',  ( -0.000000000000000000, -0.000000000000000000, 1.000000000000000000 ) ) ;
#29 = DIRECTION ( 'NONE',  ( -1.000000000000000000, 0.000000000000000000, -0.000000000000000000 ) ) ;
#30 = COLOUR_RGB ( '',0.2509803921568627416, 0.2509803921568627416, 0.2509803921568627416 ) ;
#31 = AXIS2_PLACEMENT_3D ( 'NONE', #3907, #2296, #1611 ) ;
#32 = PLANE ( 'NONE',  #2387 ) ;
#33 = EDGE_CURVE ( 'NONE', #3143, #139, #1370, .T. ) ;
#34 = EDGE_LOOP ( 'NONE', ( #2900, #2582, #607, #2782 ) ) ;
#35 = EDGE_CURVE ( 'NONE', #2410, #893, #2052, .T. ) ;
#36 = EDGE_CURVE ( 'NONE', #4213, #1131, #2073, .T. ) ;
#37 =( NAMED_UNIT ( * ) SI_UNIT ( $, .STERADIAN. ) SOLID_ANGLE_UNIT ( ) );
#38 = FILL_AREA_STYLE_COLOUR ( '', #1262 ) ;
#39 = ORIENTED_EDGE ( 'NONE', *, *, #3226, .T. ) ;
#40 = FACE_OUTER_BOUND ( 'NONE', #2233, .T. ) ;
#41 = ORIENTED_EDGE ( 'NONE', *, *, #1066, .F. ) ;
#42 = UNCERTAINTY_MEASURE_WITH_UNIT (LENGTH_MEASURE( 1.000000000000000082E-05 ), #686, 'distance_accuracy_value', 'NONE');
#43 = SURFACE_STYLE_USAGE ( .BOTH. , #3586 ) ;
#44 = FILL_AREA_STYLE ('',( #3187 ) ) ;
#45 = CIRCLE ( 'NONE', #3838, 0.4349999999999998312 ) ;
#46 = EDGE_CURVE ( 'NONE', #3208, #934, #1360, .T. ) ;
#47 = PRESENTATION_STYLE_ASSIGNMENT (( #3271 ) ) ;
#48 = FILL_AREA_STYLE ('',( #1007 ) ) ;
#49 = FACE_OUTER_BOUND ( 'NONE', #2147, .T. ) ;
#50 = LINE ( 'NONE', #3936, #705 ) ;
#51 = B_SPLINE_CURVE_WITH_KNOTS ( 'NONE', 3,
 ( #2740, #500, #1099, #1779, #1448, #2433, #3701, #3383, #3070, #3729, #2458, #481, #3089, #2783, #4076, #3749, #3293, #2685, #3651, #702, #2993, #2012, #1048, #3955, #1660, #2976, #2964, #1020, #3945, #2356, #694 ),
 .UNSPECIFIED., .F., .F.,
 ( 4, 3, 3, 3, 3, 3, 3, 3, 3, 3, 4 ),
 ( 7.893110957891142823E-19, 3.051330004894495663E-05, 5.319239350620554095E-05, 7.605790331854425364E-05, 9.609000749850042005E-05, 0.0001142436684527323588, 0.0001319496479927230307, 0.0001503350577230481327, 0.0001704050213743615828, 0.0001931346091586831290, 0.0002030172096952873365 ),
 .UNSPECIFIED. ) ;
#52 = FACE_OUTER_BOUND ( 'NONE', #3758, .T. ) ;
#53 = ORIENTED_EDGE ( 'NONE', *, *, #1750, .T. ) ;
#54 = CIRCLE ( 'NONE', #3505, 0.2443682837723300805 ) ;
#55 = MECHANICAL_DESIGN_GEOMETRIC_PRESENTATION_REPRESENTATION (  '', ( #1445 ), #3303 ) ;
#56 = COLOUR_RGB ( '',0.7294117647058823151, 0.3568627450980392246, 0.02352941176470588203 ) ;
#57 = LINE ( 'NONE', #2352, #1450 ) ;
#58 = ORIENTED_EDGE ( 'NONE', *, *, #1060, .F. ) ;
#59 = CARTESIAN_POINT ( 'NONE',  ( 0.6900000000000013900, 0.6600000000000000311, -0.6900000000000009459 ) ) ;
#60 = CIRCLE ( 'NONE', #1880, 0.5999999999999998668 ) ;
#61 = AXIS2_PLACEMENT_3D ( 'NONE', #2391, #3340, #416 ) ;
#62 = STYLED_ITEM ( 'NONE', ( #3898 ), #2085 ) ;
#63 = SURFACE_STYLE_FILL_AREA ( #2968 ) ;
#64 = ORIENTED_EDGE ( 'NONE', *, *, #3719, .F. ) ;
#65 = DIRECTION ( 'NONE',  ( 9.035018104045993214E-16, 1.000000000000000000, -0.000000000000000000 ) ) ;
#66 = PRESENTATION_STYLE_ASSIGNMENT (( #634 ) ) ;
#67 = DIRECTION ( 'NONE',  ( -0.3007057995042665688, 0.9537169507482290420, 0.000000000000000000 ) ) ;
#68 = PLANE ( 'NONE',  #478 ) ;
#69 = CARTESIAN_POINT ( 'NONE',  ( -0.3069135704107689433, 0.08276749176747284775, -1.453086429589224515 ) ) ;
#70 =( LENGTH_UNIT ( ) NAMED_UNIT ( * ) SI_UNIT ( .MILLI., .METRE. ) );
#71 =( NAMED_UNIT ( * ) PLANE_ANGLE_UNIT ( ) SI_UNIT ( $, .RADIAN. ) );
#72 = CARTESIAN_POINT ( 'NONE',  ( 0.7199999999999999734, 0.3199999999999998401, 1.040000000000000036 ) ) ;
#73 = CARTESIAN_POINT ( 'NONE',  ( -0.7250000000000004219, 0.4349999999999997202, -1.833392230628972941 ) ) ;
#74 = ORIENTED_EDGE ( 'NONE', *, *, #2922, .T. ) ;
#75 = DIRECTION ( 'NONE',  ( 0.000000000000000000, 1.000000000000000000, -0.000000000000000000 ) ) ;
#76 = LINE ( 'NONE', #1987, #364 ) ;
#77 = VERTEX_POINT ( 'NONE', #491 ) ;
#78 = ORIENTED_EDGE ( 'NONE', *, *, #327, .T. ) ;
#79 = UNCERTAINTY_MEASURE_WITH_UNIT (LENGTH_MEASURE( 1.000000000000000082E-05 ), #595, 'distance_accuracy_value', 'NONE');
#80 = FACE_OUTER_BOUND ( 'NONE', #1470, .T. ) ;
#81 = FILL_AREA_STYLE ('',( #2030 ) ) ;
#82 = AXIS2_PLACEMENT_3D ( 'NONE', #123, #780, #1804 ) ;
#83 = PLANE ( 'NONE',  #1023 ) ;
#84 = AXIS2_PLACEMENT_3D ( 'NONE', #4080, #3386, #143 ) ;
#85 = LINE ( 'NONE', #2627, #1441 ) ;
#86 = ADVANCED_FACE ( 'NONE', ( #1786 ), #529, .T. ) ;
#87 =( NAMED_UNIT ( * ) SI_UNIT ( $, .STERADIAN. ) SOLID_ANGLE_UNIT ( ) );
#88 = EDGE_CURVE ( 'NONE', #1916, #2410, #2816, .T. ) ;
#89 = PRESENTATION_STYLE_ASSIGNMENT (( #387 ) ) ;
#90 = CYLINDRICAL_SURFACE ( 'NONE', #3965, 0.5999999999999996447 ) ;
#91 = ORIENTED_EDGE ( 'NONE', *, *, #3797, .T. ) ;
#92 = AXIS2_PLACEMENT_3D ( 'NONE', #3252, #2836, #2272 ) ;
#93 = VECTOR ( 'NONE', #2814, 1000.000000000000000 ) ;
#94 = AXIS2_PLACEMENT_3D ( 'NONE', #958, #2834, #1918 ) ;
#95 = COLOUR_RGB ( '',0.2509803921568627416, 0.2509803921568627416, 0.2509803921568627416 ) ;
#96 =( LENGTH_UNIT ( ) NAMED_UNIT ( * ) SI_UNIT ( .MILLI., .METRE. ) );
#97 = UNCERTAINTY_MEASURE_WITH_UNIT (LENGTH_MEASURE( 1.000000000000000082E-05 ), #3430, 'distance_accuracy_value', 'NONE');
#98 = MECHANICAL_DESIGN_GEOMETRIC_PRESENTATION_REPRESENTATION (  '', ( #1920 ), #2282 ) ;
#99 = VERTEX_POINT ( 'NONE', #1460 ) ;
#100 =( NAMED_UNIT ( * ) PLANE_ANGLE_UNIT ( ) SI_UNIT ( $, .RADIAN. ) );
#101 = ORIENTED_EDGE ( 'NONE', *, *, #451, .T. ) ;
#102 = CARTESIAN_POINT ( 'NONE',  ( 0.7800000000000003597, 0.1199999999999998845, 1.039999999999999591 ) ) ;
#103 = LINE ( 'NONE', #2722, #413 ) ;
#104 =( NAMED_UNIT ( * ) PLANE_ANGLE_UNIT ( ) SI_UNIT ( $, .RADIAN. ) );
#105 = DIRECTION ( 'NONE',  ( 0.000000000000000000, 1.000000000000000000, -0.000000000000000000 ) ) ;
#106 = DIRECTION ( 'NONE',  ( 0.6901619708142010534, -0.2176072335280445358, -0.6901619708141916165 ) ) ;
#107 =( NAMED_UNIT ( * ) SI_UNIT ( $, .STERADIAN. ) SOLID_ANGLE_UNIT ( ) );
#108 = CARTESIAN_POINT ( 'NONE',  ( 0.6900000000000013900, 0.6600000000000000311, 0.6900000000000013900 ) ) ;
#109 = DIRECTION ( 'NONE',  ( 0.000000000000000000, 0.000000000000000000, 1.000000000000000000 ) ) ;
#110 = EDGE_CURVE ( 'NONE', #3632, #2194, #3715, .T. ) ;
#111 = VERTEX_POINT ( 'NONE', #2172 ) ;
#112 = PRESENTATION_STYLE_ASSIGNMENT (( #2406 ) ) ;
#113 = COLOUR_RGB ( '',0.2509803921568627416, 0.2509803921568627416, 0.2509803921568627416 ) ;
#114 = CARTESIAN_POINT ( 'NONE',  ( -0.6528306081189763077, 0.1918347148094735610, 1.107169391881022813 ) ) ;
#115 =( LENGTH_UNIT ( ) NAMED_UNIT ( * ) SI_UNIT ( .MILLI., .METRE. ) );
#116 = VECTOR ( 'NONE', #2460, 1000.000000000000000 ) ;
#117 = SURFACE_STYLE_FILL_AREA ( #3702 ) ;
#118 = MECHANICAL_DESIGN_GEOMETRIC_PRESENTATION_REPRESENTATION (  '', ( #1724 ), #2383 ) ;
#119 = DIRECTION ( 'NONE',  ( 0.000000000000000000, 0.000000000000000000, 1.000000000000000000 ) ) ;
#120 = DIRECTION ( 'NONE',  ( 0.7071067811865426878, 0.000000000000000000, 0.7071067811865523467 ) ) ;
#121 = CIRCLE ( 'NONE', #2517, 0.4349999999999997202 ) ;
#122 = LINE ( 'NONE', #1388, #2669 ) ;
#123 = CARTESIAN_POINT ( 'NONE',  ( 0.7250000000000004219, -0.03705735337010138825, -1.040000000000000036 ) ) ;
#124 = CARTESIAN_POINT ( 'NONE',  ( 0.4250000000000005995, 0.1199999999999998845, -1.833392230628972941 ) ) ;
#125 = PRESENTATION_LAYER_ASSIGNMENT (  '', '', ( #1531 ) ) ;
#126 = SURFACE_STYLE_USAGE ( .BOTH. , #3099 ) ;
#127 =( NAMED_UNIT ( * ) PLANE_ANGLE_UNIT ( ) SI_UNIT ( $, .RADIAN. ) );
#128 = FACE_OUTER_BOUND ( 'NONE', #3768, .T. ) ;
#129 = DIRECTION ( 'NONE',  ( 1.000000000000000000, 6.211574946531536346E-15, 9.035018104045870941E-16 ) ) ;
#130 = VERTEX_POINT ( 'NONE', #803 ) ;
#131 = PRESENTATION_STYLE_ASSIGNMENT (( #2820 ) ) ;
#132 = SURFACE_SIDE_STYLE ('',( #449 ) ) ;
#133 = LINE ( 'NONE', #3380, #399 ) ;
#134 = EDGE_CURVE ( 'NONE', #480, #3088, #3124, .T. ) ;
#135 = CARTESIAN_POINT ( 'NONE',  ( -1.199999999999998845, 0.1199999999999998845, -0.9650000000000036326 ) ) ;
#136 = FILL_AREA_STYLE ('',( #477 ) ) ;
#137 = UNCERTAINTY_MEASURE_WITH_UNIT (LENGTH_MEASURE( 1.000000000000000082E-05 ), #2294, 'distance_accuracy_value', 'NONE');
#138 = EDGE_CURVE ( 'NONE', #2194, #3008, #4083, .T. ) ;
#139 = VERTEX_POINT ( 'NONE', #1107 ) ;
#140 =( LENGTH_UNIT ( ) NAMED_UNIT ( * ) SI_UNIT ( .MILLI., .METRE. ) );
#141 = FACE_OUTER_BOUND ( 'NONE', #2753, .T. ) ;
#142 = CARTESIAN_POINT ( 'NONE',  ( 1.199999999999999734, 0.1199999999999998845, 0.9650000000000040767 ) ) ;
#143 = DIRECTION ( 'NONE',  ( 0.000000000000000000, 0.000000000000000000, 1.000000000000000000 ) ) ;
#144 = DIRECTION ( 'NONE',  ( 0.000000000000000000, 0.000000000000000000, 1.000000000000000000 ) ) ;
#145 =( NAMED_UNIT ( * ) SI_UNIT ( $, .STERADIAN. ) SOLID_ANGLE_UNIT ( ) );
#146 =( LENGTH_UNIT ( ) NAMED_UNIT ( * ) SI_UNIT ( .MILLI., .METRE. ) );
#147 = ORIENTED_EDGE ( 'NONE', *, *, #3560, .F. ) ;
#148 = AXIS2_PLACEMENT_3D ( 'NONE', #441, #725, #3075 ) ;
#149 = FILL_AREA_STYLE ('',( #764 ) ) ;
#150 = PRESENTATION_STYLE_ASSIGNMENT (( #828 ) ) ;
#151 = ORIENTED_EDGE ( 'NONE', *, *, #1332, .F. ) ;
#152 = ORIENTED_EDGE ( 'NONE', *, *, #664, .F. ) ;
#153 =( GEOMETRIC_REPRESENTATION_CONTEXT ( 3 ) GLOBAL_UNCERTAINTY_ASSIGNED_CONTEXT ( ( #2905 ) ) GLOBAL_UNIT_ASSIGNED_CONTEXT ( ( #2727, #827, #2077 ) ) REPRESENTATION_CONTEXT ( 'NONE', 'WORKASPACE' ) );
#154 = CARTESIAN_POINT ( 'NONE',  ( 0.9343682837723310541, 0.6600000000000000311, -0.6900000000000009459 ) ) ;
#155 =( GEOMETRIC_REPRESENTATION_CONTEXT ( 3 ) GLOBAL_UNCERTAINTY_ASSIGNED_CONTEXT ( ( #2969 ) ) GLOBAL_UNIT_ASSIGNED_CONTEXT ( ( #759, #1737, #145 ) ) REPRESENTATION_CONTEXT ( 'NONE', 'WORKASPACE' ) );
#156 = AXIS2_PLACEMENT_3D ( 'NONE', #3310, #398, #2972 ) ;
#157 = ADVANCED_FACE ( 'NONE', ( #1393 ), #169, .T. ) ;
#158 = ADVANCED_FACE ( 'NONE', ( #1740 ), #2480, .T. ) ;
#159 = ADVANCED_FACE ( 'NONE', ( #2268 ), #873, .F. ) ;
#160 = ORIENTED_EDGE ( 'NONE', *, *, #378, .T. ) ;
#161 = LINE ( 'NONE', #1581, #3370 ) ;
#162 = CARTESIAN_POINT ( 'NONE',  ( -0.5599999999999979439, 1.000000000000000000, 1.199999999999999734 ) ) ;
#163 = DIRECTION ( 'NONE',  ( 1.070816960479510155E-15, 0.000000000000000000, 1.000000000000000000 ) ) ;
#164 =( NAMED_UNIT ( * ) SI_UNIT ( $, .STERADIAN. ) SOLID_ANGLE_UNIT ( ) );
#165 =( GEOMETRIC_REPRESENTATION_CONTEXT ( 3 ) GLOBAL_UNCERTAINTY_ASSIGNED_CONTEXT ( ( #2863 ) ) GLOBAL_UNIT_ASSIGNED_CONTEXT ( ( #299, #3842, #592 ) ) REPRESENTATION_CONTEXT ( 'NONE', 'WORKASPACE' ) );
#166 = DIRECTION ( 'NONE',  ( 0.000000000000000000, 1.000000000000000000, 0.000000000000000000 ) ) ;
#167 = FILL_AREA_STYLE ('',( #4101 ) ) ;
#168 = VERTEX_POINT ( 'NONE', #1878 ) ;
#169 = PLANE ( 'NONE',  #1909 ) ;
#170 = FILL_AREA_STYLE ('',( #1762 ) ) ;
#171 = CARTESIAN_POINT ( 'NONE',  ( -0.7799999999999994715, 0.3199999999999998401, 1.099999999999999645 ) ) ;
#172 = DIRECTION ( 'NONE',  ( 0.000000000000000000, -1.000000000000000000, 0.000000000000000000 ) ) ;
#173 = VERTEX_POINT ( 'NONE', #3800 ) ;
#174 = EDGE_LOOP ( 'NONE', ( #3628, #3330, #2273, #1616, #2210, #1795 ) ) ;
#175 = PRESENTATION_STYLE_ASSIGNMENT (( #1442 ) ) ;
#176 = VECTOR ( 'NONE', #3329, 1000.000000000000000 ) ;
#177 = ORIENTED_EDGE ( 'NONE', *, *, #975, .T. ) ;
#178 = ORIENTED_EDGE ( 'NONE', *, *, #1836, .T. ) ;
#179 =( GEOMETRIC_REPRESENTATION_CONTEXT ( 3 ) GLOBAL_UNCERTAINTY_ASSIGNED_CONTEXT ( ( #3644 ) ) GLOBAL_UNIT_ASSIGNED_CONTEXT ( ( #2227, #597, #1202 ) ) REPRESENTATION_CONTEXT ( 'NONE', 'WORKASPACE' ) );
#180 = LINE ( 'NONE', #865, #2774 ) ;
#181 = LINE ( 'NONE', #3449, #742 ) ;
#182 = CARTESIAN_POINT ( 'NONE',  ( 0.7199999999999999734, 2.873658136914782751E-05, 1.040000000000000036 ) ) ;
#183 = COLOUR_RGB ( '',0.2509803921568627416, 0.2509803921568627416, 0.2509803921568627416 ) ;
#184 = COLOUR_RGB ( '',0.7294117647058823151, 0.3568627450980392246, 0.02352941176470588203 ) ;
#185 = FILL_AREA_STYLE_COLOUR ( '', #1554 ) ;
#186 = CARTESIAN_POINT ( 'NONE',  ( 0.5599999999999980549, 0.1199999999999998845, -1.199999999999999734 ) ) ;
#187 = EDGE_LOOP ( 'NONE', ( #1125, #212, #2692, #3948, #2929 ) ) ;
#188 = MECHANICAL_DESIGN_GEOMETRIC_PRESENTATION_REPRESENTATION (  '', ( #3578 ), #1525 ) ;
#189 = SURFACE_STYLE_USAGE ( .BOTH. , #3101 ) ;
#190 = MECHANICAL_DESIGN_GEOMETRIC_PRESENTATION_REPRESENTATION (  '', ( #1120 ), #3181 ) ;
#191 = LINE ( 'NONE', #3436, #3960 ) ;
#192 = FILL_AREA_STYLE_COLOUR ( '', #375 ) ;
#193 = PRODUCT_DEFINITION_SHAPE ( 'NONE', 'NONE',  #599 ) ;
#194 = ORIENTED_EDGE ( 'NONE', *, *, #2798, .T. ) ;
#195 = ORIENTED_EDGE ( 'NONE', *, *, #2716, .F. ) ;
#196 = COLOUR_RGB ( '',0.2509803921568627416, 0.2509803921568627416, 0.2509803921568627416 ) ;
#197 = FILL_AREA_STYLE_COLOUR ( '', #3236 ) ;
#198 = DIRECTION ( 'NONE',  ( 0.7071067811865440200, 0.000000000000000000, -0.7071067811865511255 ) ) ;
#199 = DIRECTION ( 'NONE',  ( -1.000000000000000000, -0.000000000000000000, -0.000000000000000000 ) ) ;
#200 = PRESENTATION_STYLE_ASSIGNMENT (( #3742 ) ) ;
#201 = ORIENTED_EDGE ( 'NONE', *, *, #3421, .T. ) ;
#202 = DIRECTION ( 'NONE',  ( -1.000000000000000000, 0.000000000000000000, 0.000000000000000000 ) ) ;
#203 = EDGE_LOOP ( 'NONE', ( #2713, #1503, #1790, #642, #2778 ) ) ;
#204 = SURFACE_STYLE_USAGE ( .BOTH. , #2522 ) ;
#205 = FACE_OUTER_BOUND ( 'NONE', #611, .T. ) ;
#206 = SURFACE_SIDE_STYLE ('',( #3029 ) ) ;
#207 = ORIENTED_EDGE ( 'NONE', *, *, #3224, .F. ) ;
#208 = CARTESIAN_POINT ( 'NONE',  ( 0.8049732812287083705, 0.3745557991846119039, 1.006616819330153012 ) ) ;
#209 = PRESENTATION_STYLE_ASSIGNMENT (( #1436 ) ) ;
#210 = SURFACE_STYLE_FILL_AREA ( #492 ) ;
#211 = EDGE_CURVE ( 'NONE', #3248, #956, #3476, .T. ) ;
#212 = ORIENTED_EDGE ( 'NONE', *, *, #3982, .T. ) ;
#213 = VECTOR ( 'NONE', #166, 1000.000000000000000 ) ;
#214 = EDGE_CURVE ( 'NONE', #968, #3317, #2873, .T. ) ;
#215 = FILL_AREA_STYLE_COLOUR ( '', #951 ) ;
#216 = COLOUR_RGB ( '',0.7294117647058823151, 0.3568627450980392246, 0.02352941176470588203 ) ;
#217 = DIRECTION ( 'NONE',  ( 1.000000000000000000, 0.000000000000000000, 9.969675149292002865E-16 ) ) ;
#218 = LINE ( 'NONE', #1182, #1627 ) ;
#219 = ADVANCED_FACE ( 'NONE', ( #3223 ), #2695, .T. ) ;
#220 = CARTESIAN_POINT ( 'NONE',  ( 0.6900000000000013900, 0.6599999999999999201, 0.6900000000000013900 ) ) ;
#221 = CARTESIAN_POINT ( 'NONE',  ( -0.7199999999999995293, 0.2028905576439351266, -1.039999999999999591 ) ) ;
#222 = VECTOR ( 'NONE', #1993, 1000.000000000000000 ) ;
#223 = STYLED_ITEM ( 'NONE', ( #209 ), #158 ) ;
#224 = CARTESIAN_POINT ( 'NONE',  ( 0.5599999999999980549, 0.03250776405003887037, 1.199999999999999512 ) ) ;
#225 = CARTESIAN_POINT ( 'NONE',  ( 0.7200000000000003064, 0.3227616989782570722, 1.038100651511375316 ) ) ;
#226 = DIRECTION ( 'NONE',  ( 1.070816960479511339E-15, 0.000000000000000000, -1.000000000000000000 ) ) ;
#227 = PLANE ( 'NONE',  #1027 ) ;
#228 = VERTEX_POINT ( 'NONE', #919 ) ;
#229 = CARTESIAN_POINT ( 'NONE',  ( -0.5599999999999973888, 0.1199999999999998845, -1.199999999999999734 ) ) ;
#230 = SURFACE_STYLE_FILL_AREA ( #2504 ) ;
#231 = EDGE_CURVE ( 'NONE', #2858, #2042, #3984, .T. ) ;
#232 = FILL_AREA_STYLE_COLOUR ( '', #3246 ) ;
#233 = SURFACE_STYLE_FILL_AREA ( #2534 ) ;
#234 = EDGE_LOOP ( 'NONE', ( #3553, #2807, #3528, #1200 ) ) ;
#235 = VECTOR ( 'NONE', #313, 1000.000000000000000 ) ;
#236 = ORIENTED_EDGE ( 'NONE', *, *, #4033, .T. ) ;
#237 = CARTESIAN_POINT ( 'NONE',  ( 1.050000000000001155, 1.199999999999999956, -1.039999999999999591 ) ) ;
#238 = VECTOR ( 'NONE', #1355, 1000.000000000000000 ) ;
#239 =( GEOMETRIC_REPRESENTATION_CONTEXT ( 3 ) GLOBAL_UNCERTAINTY_ASSIGNED_CONTEXT ( ( #753 ) ) GLOBAL_UNIT_ASSIGNED_CONTEXT ( ( #4014, #127, #1759 ) ) REPRESENTATION_CONTEXT ( 'NONE', 'WORKASPACE' ) );
#240 = DIRECTION ( 'NONE',  ( 1.000000000000000000, -0.000000000000000000, 0.000000000000000000 ) ) ;
#241 = VERTEX_POINT ( 'NONE', #2431 ) ;
#242 = MANIFOLD_SOLID_BREP ( 'Cut-Extrude4[2]', #3765 ) ;
#243 = STYLED_ITEM ( 'NONE', ( #2928 ), #3018 ) ;
#244 =( NAMED_UNIT ( * ) PLANE_ANGLE_UNIT ( ) SI_UNIT ( $, .RADIAN. ) );
#245 = SURFACE_STYLE_USAGE ( .BOTH. , #3390 ) ;
#246 = ADVANCED_FACE ( 'NONE', ( #4074 ), #2718, .T. ) ;
#247 = VERTEX_POINT ( 'NONE', #2805 ) ;
#248 = MECHANICAL_DESIGN_GEOMETRIC_PRESENTATION_REPRESENTATION (  '', ( #2712 ), #714 ) ;
#249 = DIRECTION ( 'NONE',  ( 0.000000000000000000, 0.000000000000000000, 1.000000000000000000 ) ) ;
#250 = DIRECTION ( 'NONE',  ( 0.000000000000000000, 0.000000000000000000, -1.000000000000000000 ) ) ;
#251 = MECHANICAL_DESIGN_GEOMETRIC_PRESENTATION_REPRESENTATION (  '', ( #4056 ), #776 ) ;
#252 = COLOUR_RGB ( '',0.2509803921568627416, 0.2509803921568627416, 0.2509803921568627416 ) ;
#253 = CYLINDRICAL_SURFACE ( 'NONE', #2457, 0.05999999999999917899 ) ;
#254 = CARTESIAN_POINT ( 'NONE',  ( -1.124999999999999334, 1.000000000000000000, 1.039999999999999591 ) ) ;
#255 =( NAMED_UNIT ( * ) PLANE_ANGLE_UNIT ( ) SI_UNIT ( $, .RADIAN. ) );
#256 = EDGE_CURVE ( 'NONE', #2604, #625, #218, .T. ) ;
#257 = ORIENTED_EDGE ( 'NONE', *, *, #3704, .F. ) ;
#258 = UNCERTAINTY_MEASURE_WITH_UNIT (LENGTH_MEASURE( 1.000000000000000082E-05 ), #1338, 'distance_accuracy_value', 'NONE');
#259 = EDGE_CURVE ( 'NONE', #77, #2894, #4026, .T. ) ;
#260 = LINE ( 'NONE', #3469, #3133 ) ;
#261 = DIRECTION ( 'NONE',  ( 0.7071067811865511255, 0.000000000000000000, 0.7071067811865440200 ) ) ;
#262 = VERTEX_POINT ( 'NONE', #538 ) ;
#263 = CARTESIAN_POINT ( 'NONE',  ( 0.7264278089915837677, 0.3470188887985483084, 1.022467097963153604 ) ) ;
#264 = SURFACE_STYLE_USAGE ( .BOTH. , #338 ) ;
#265 = CARTESIAN_POINT ( 'NONE',  ( 1.199999999999999734, 0.3199999999999998401, -0.9650000000000040767 ) ) ;
#266 = CARTESIAN_POINT ( 'NONE',  ( 0.8399999999999991918, 0.3199999999999998401, 1.039999999999999591 ) ) ;
#267 = FACE_OUTER_BOUND ( 'NONE', #1962, .T. ) ;
#268 = ORIENTED_EDGE ( 'NONE', *, *, #2039, .F. ) ;
#269 = SURFACE_STYLE_FILL_AREA ( #2201 ) ;
#270 = FILL_AREA_STYLE_COLOUR ( '', #1323 ) ;
#271 = LINE ( 'NONE', #3527, #3484 ) ;
#272 = STYLED_ITEM ( 'NONE', ( #3883 ), #874 ) ;
#273 =( GEOMETRIC_REPRESENTATION_CONTEXT ( 3 ) GLOBAL_UNCERTAINTY_ASSIGNED_CONTEXT ( ( #1228 ) ) GLOBAL_UNIT_ASSIGNED_CONTEXT ( ( #2031, #4053, #164 ) ) REPRESENTATION_CONTEXT ( 'NONE', 'WORKASPACE' ) );
#274 =( GEOMETRIC_REPRESENTATION_CONTEXT ( 3 ) GLOBAL_UNCERTAINTY_ASSIGNED_CONTEXT ( ( #2186 ) ) GLOBAL_UNIT_ASSIGNED_CONTEXT ( ( #3793, #541, #1165 ) ) REPRESENTATION_CONTEXT ( 'NONE', 'WORKASPACE' ) );
#275 = EDGE_CURVE ( 'NONE', #2486, #2471, #2208, .T. ) ;
#276 = DIRECTION ( 'NONE',  ( 0.000000000000000000, 0.000000000000000000, 1.000000000000000000 ) ) ;
#277 = SURFACE_STYLE_FILL_AREA ( #1232 ) ;
#278 = EDGE_CURVE ( 'NONE', #1261, #324, #2629, .T. ) ;
#279 = COLOUR_RGB ( '',0.7294117647058823151, 0.3568627450980392246, 0.02352941176470588203 ) ;
#280 = COLOUR_RGB ( '',0.2509803921568627416, 0.2509803921568627416, 0.2509803921568627416 ) ;
#281 = ORIENTED_EDGE ( 'NONE', *, *, #450, .T. ) ;
#282 = AXIS2_PLACEMENT_3D ( 'NONE', #3686, #4055, #844 ) ;
#283 = LINE ( 'NONE', #1575, #721 ) ;
#284 = SURFACE_SIDE_STYLE ('',( #3190 ) ) ;
#285 = ORIENTED_EDGE ( 'NONE', *, *, #1468, .T. ) ;
#286 = CARTESIAN_POINT ( 'NONE',  ( 1.125000000000000222, -1.626303258728256651E-16, -1.039999999999999591 ) ) ;
#287 = AXIS2_PLACEMENT_3D ( 'NONE', #3201, #3536, #4168 ) ;
#288 = EDGE_CURVE ( 'NONE', #1682, #499, #21, .T. ) ;
#289 = LINE ( 'NONE', #943, #3007 ) ;
#290 = DIRECTION ( 'NONE',  ( -0.000000000000000000, -0.000000000000000000, 1.000000000000000000 ) ) ;
#291 = ORIENTED_EDGE ( 'NONE', *, *, #3612, .F. ) ;
#292 = UNCERTAINTY_MEASURE_WITH_UNIT (LENGTH_MEASURE( 1.000000000000000082E-05 ), #640, 'distance_accuracy_value', 'NONE');
#293 = LINE ( 'NONE', #1983, #3443 ) ;
#294 = CARTESIAN_POINT ( 'NONE',  ( 1.125000000000000222, 0.1199999999999998845, -1.039999999999999591 ) ) ;
#295 = ORIENTED_EDGE ( 'NONE', *, *, #332, .T. ) ;
#296 = CARTESIAN_POINT ( 'NONE',  ( -1.534368283772331587, 0.6600000000000000311, 0.6900000000000013900 ) ) ;
#297 = ORIENTED_EDGE ( 'NONE', *, *, #3455, .F. ) ;
#298 = SURFACE_SIDE_STYLE ('',( #3309 ) ) ;
#299 =( LENGTH_UNIT ( ) NAMED_UNIT ( * ) SI_UNIT ( .MILLI., .METRE. ) );
#300 = VECTOR ( 'NONE', #363, 1000.000000000000000 ) ;
#301 = DIRECTION ( 'NONE',  ( -0.7071067811865440200, 0.000000000000000000, 0.7071067811865511255 ) ) ;
#302 = CARTESIAN_POINT ( 'NONE',  ( 0.6649302770410452368, 0.0006617637212096419202, -1.095069722958954328 ) ) ;
#303 = EDGE_LOOP ( 'NONE', ( #3447, #658, #3840, #1483 ) ) ;
#304 = PRESENTATION_LAYER_ASSIGNMENT (  '', '', ( #2156 ) ) ;
#305 = FACE_OUTER_BOUND ( 'NONE', #3253, .T. ) ;
#306 = VECTOR ( 'NONE', #1011, 1000.000000000000114 ) ;
#307 = CARTESIAN_POINT ( 'NONE',  ( -0.5599999999999973888, 1.199999999999999956, -1.199999999999999734 ) ) ;
#308 = DIRECTION ( 'NONE',  ( 1.000000000000000000, 0.000000000000000000, 0.000000000000000000 ) ) ;
#309 = EDGE_CURVE ( 'NONE', #1193, #3693, #1416, .T. ) ;
#310 =( LENGTH_UNIT ( ) NAMED_UNIT ( * ) SI_UNIT ( .MILLI., .METRE. ) );
#311 = VECTOR ( 'NONE', #2751, 999.9999999999998863 ) ;
#312 = ORIENTED_EDGE ( 'NONE', *, *, #2441, .T. ) ;
#313 = DIRECTION ( 'NONE',  ( -0.000000000000000000, 1.000000000000000000, -0.000000000000000000 ) ) ;
#314 = PLANE ( 'NONE',  #1249 ) ;
#315 = AXIS2_PLACEMENT_3D ( 'NONE', #1782, #736, #2742 ) ;
#316 = AXIS2_PLACEMENT_3D ( 'NONE', #3034, #2060, #129 ) ;
#317 = DIRECTION ( 'NONE',  ( 0.000000000000000000, 1.000000000000000000, 0.000000000000000000 ) ) ;
#318 = CARTESIAN_POINT ( 'NONE',  ( -0.7971693918810245361, 0.1918347148094735333, 1.039999999999999591 ) ) ;
#319 = ORIENTED_EDGE ( 'NONE', *, *, #2665, .T. ) ;
#320 = SPHERICAL_SURFACE ( 'NONE', #3502, 0.05999999999999999778 ) ;
#321 = VERTEX_POINT ( 'NONE', #1598 ) ;
#322 = DIRECTION ( 'NONE',  ( -0.9537169507482289310, -0.3007057995042665688, 0.000000000000000000 ) ) ;
#323 = DIRECTION ( 'NONE',  ( -0.000000000000000000, -0.000000000000000000, 1.000000000000000000 ) ) ;
#324 = VERTEX_POINT ( 'NONE', #3569 ) ;
#325 = DIRECTION ( 'NONE',  ( -0.000000000000000000, -0.000000000000000000, 1.000000000000000000 ) ) ;
#326 =( NAMED_UNIT ( * ) SI_UNIT ( $, .STERADIAN. ) SOLID_ANGLE_UNIT ( ) );
#327 = EDGE_CURVE ( 'NONE', #4212, #3563, #3284, .T. ) ;
#328 = EDGE_CURVE ( 'NONE', #2266, #2284, #616, .T. ) ;
#329 = EDGE_CURVE ( 'NONE', #3196, #1092, #289, .T. ) ;
#330 = ORIENTED_EDGE ( 'NONE', *, *, #558, .T. ) ;
#331 = PRESENTATION_STYLE_ASSIGNMENT (( #3599 ) ) ;
#332 = EDGE_CURVE ( 'NONE', #4058, #2858, #988, .T. ) ;
#333 = DIRECTION ( 'NONE',  ( -1.000000000000000000, 0.000000000000000000, 0.000000000000000000 ) ) ;
#334 = DIRECTION ( 'NONE',  ( 0.000000000000000000, -1.000000000000000000, 0.000000000000000000 ) ) ;
#335 = ORIENTED_EDGE ( 'NONE', *, *, #329, .F. ) ;
#336 = VERTEX_POINT ( 'NONE', #1472 ) ;
#337 = FILL_AREA_STYLE ('',( #1964 ) ) ;
#338 = SURFACE_SIDE_STYLE ('',( #3880 ) ) ;
#339 = PRESENTATION_LAYER_ASSIGNMENT (  '', '', ( #744 ) ) ;
#340 =( NAMED_UNIT ( * ) PLANE_ANGLE_UNIT ( ) SI_UNIT ( $, .RADIAN. ) );
#341 = FILL_AREA_STYLE_COLOUR ( '', #2573 ) ;
#342 = PRESENTATION_LAYER_ASSIGNMENT (  '', '', ( #1565 ) ) ;
#343 = AXIS2_PLACEMENT_3D ( 'NONE', #3865, #2161, #2897 ) ;
#344 = CIRCLE ( 'NONE', #156, 0.2400000000000000466 ) ;
#345 = ORIENTED_EDGE ( 'NONE', *, *, #903, .T. ) ;
#346 = PRESENTATION_LAYER_ASSIGNMENT (  '', '', ( #3214 ) ) ;
#347 = DIRECTION ( 'NONE',  ( -1.000000000000000000, -8.723465755630498563E-16, 0.000000000000000000 ) ) ;
#348 = EDGE_LOOP ( 'NONE', ( #1354, #2392, #177, #2877 ) ) ;
#349 = CARTESIAN_POINT ( 'NONE',  ( -0.6746182703644884038, 0.1987043383279877284, -1.085381729635510384 ) ) ;
#350 = AXIS2_PLACEMENT_3D ( 'NONE', #662, #1973, #3976 ) ;
#351 = PRESENTATION_STYLE_ASSIGNMENT (( #3285 ) ) ;
#352 = ORIENTED_EDGE ( 'NONE', *, *, #3098, .F. ) ;
#353 = CARTESIAN_POINT ( 'NONE',  ( 0.5599999999999980549, 0.1625653364986608396, -1.199999999999999734 ) ) ;
#354 =( LENGTH_UNIT ( ) NAMED_UNIT ( * ) SI_UNIT ( .MILLI., .METRE. ) );
#355 = VERTEX_POINT ( 'NONE', #2496 ) ;
#356 = EDGE_LOOP ( 'NONE', ( #3358, #3260, #4185, #2338 ) ) ;
#357 = UNCERTAINTY_MEASURE_WITH_UNIT (LENGTH_MEASURE( 1.000000000000000082E-05 ), #4127, 'distance_accuracy_value', 'NONE');
#358 = CARTESIAN_POINT ( 'NONE',  ( 1.115957602214450173, 0.09132117818244801788, -1.039999999999999591 ) ) ;
#359 = AXIS2_PLACEMENT_3D ( 'NONE', #1731, #1117, #3047 ) ;
#360 = FACE_OUTER_BOUND ( 'NONE', #2405, .T. ) ;
#361 = PRESENTATION_STYLE_ASSIGNMENT (( #1659 ) ) ;
#362 = DIRECTION ( 'NONE',  ( 0.000000000000000000, 1.000000000000000000, 0.000000000000000000 ) ) ;
#363 = DIRECTION ( 'NONE',  ( -0.000000000000000000, 1.000000000000000000, -0.000000000000000000 ) ) ;
#364 = VECTOR ( 'NONE', #1974, 1000.000000000000000 ) ;
#365 = CARTESIAN_POINT ( 'NONE',  ( -1.199999999999998845, 0.1199999999999998845, 0.9650000000000036326 ) ) ;
#366 = SURFACE_STYLE_USAGE ( .BOTH. , #3232 ) ;
#367 = SURFACE_STYLE_USAGE ( .BOTH. , #3596 ) ;
#368 = AXIS2_PLACEMENT_3D ( 'NONE', #2852, #2539, #3470 ) ;
#369 = VERTEX_POINT ( 'NONE', #3231 ) ;
#370 = SURFACE_STYLE_USAGE ( .BOTH. , #996 ) ;
#371 = MECHANICAL_DESIGN_GEOMETRIC_PRESENTATION_REPRESENTATION (  '', ( #2843 ), #2014 ) ;
#372 = CIRCLE ( 'NONE', #3308, 0.3499999999999996447 ) ;
#373 =( NAMED_UNIT ( * ) PLANE_ANGLE_UNIT ( ) SI_UNIT ( $, .RADIAN. ) );
#374 = UNCERTAINTY_MEASURE_WITH_UNIT (LENGTH_MEASURE( 1.000000000000000082E-05 ), #2254, 'distance_accuracy_value', 'NONE');
#375 = COLOUR_RGB ( '',0.2509803921568627416, 0.2509803921568627416, 0.2509803921568627416 ) ;
#376 = LINE ( 'NONE', #1672, #235 ) ;
#377 = EDGE_CURVE ( 'NONE', #2894, #2257, #1928, .T. ) ;
#378 = EDGE_CURVE ( 'NONE', #1000, #3693, #4202, .T. ) ;
#379 = ORIENTED_EDGE ( 'NONE', *, *, #2445, .T. ) ;
#380 = AXIS2_PLACEMENT_3D ( 'NONE', #1306, #1489, #3152 ) ;
#381 = PRESENTATION_STYLE_ASSIGNMENT (( #43 ) ) ;
#382 = CARTESIAN_POINT ( 'NONE',  ( -0.7799999999999994715, 0.1199999999999998845, 1.039999999999999591 ) ) ;
#383 = SURFACE_STYLE_FILL_AREA ( #2974 ) ;
#384 = SURFACE_STYLE_FILL_AREA ( #3313 ) ;
#385 = DIRECTION ( 'NONE',  ( -0.7071067811865638930, 0.000000000000000000, 0.7071067811865312525 ) ) ;
#386 = CARTESIAN_POINT ( 'NONE',  ( -1.124999999999999334, 1.000000000000000000, -1.039999999999999591 ) ) ;
#387 = SURFACE_STYLE_USAGE ( .BOTH. , #2017 ) ;
#388 = ORIENTED_EDGE ( 'NONE', *, *, #4128, .F. ) ;
#389 = FACE_OUTER_BOUND ( 'NONE', #554, .T. ) ;
#390 = DIRECTION ( 'NONE',  ( -1.000000000000000000, 0.000000000000000000, 0.000000000000000000 ) ) ;
#391 =( GEOMETRIC_REPRESENTATION_CONTEXT ( 3 ) GLOBAL_UNCERTAINTY_ASSIGNED_CONTEXT ( ( #3835 ) ) GLOBAL_UNIT_ASSIGNED_CONTEXT ( ( #1500, #1454, #1190 ) ) REPRESENTATION_CONTEXT ( 'NONE', 'WORKASPACE' ) );
#392 = ORIENTED_EDGE ( 'NONE', *, *, #327, .F. ) ;
#393 = DIRECTION ( 'NONE',  ( 1.000000000000000000, 0.000000000000000000, -1.070816960479510155E-15 ) ) ;
#394 = ORIENTED_EDGE ( 'NONE', *, *, #585, .F. ) ;
#395 = UNCERTAINTY_MEASURE_WITH_UNIT (LENGTH_MEASURE( 1.000000000000000082E-05 ), #2996, 'distance_accuracy_value', 'NONE');
#396 = DIRECTION ( 'NONE',  ( -0.000000000000000000, -0.000000000000000000, -1.000000000000000000 ) ) ;
#397 =( BOUNDED_CURVE ( )  B_SPLINE_CURVE ( 3, ( #3839, #1502, #916, #2243 ),
 .UNSPECIFIED., .F., .T. ) 
 B_SPLINE_CURVE_WITH_KNOTS ( ( 4, 4 ),
 ( 1.591631167463548824, 1.876228945893898326 ),
 .UNSPECIFIED. ) 
 CURVE ( )  GEOMETRIC_REPRESENTATION_ITEM ( )  RATIONAL_B_SPLINE_CURVE ( ( 1.000000000000000000, 0.9932617238286202133, 0.9932617238286202133, 1.000000000000000000 ) ) 
 REPRESENTATION_ITEM ( '' )  );
#398 = DIRECTION ( 'NONE',  ( 0.000000000000000000, 0.000000000000000000, 1.000000000000000000 ) ) ;
#399 = VECTOR ( 'NONE', #2112, 1000.000000000000000 ) ;
#400 = ADVANCED_FACE ( 'NONE', ( #1818 ), #656, .T. ) ;
#401 = ADVANCED_FACE ( 'NONE', ( #1589 ), #2223, .T. ) ;
#402 = DIRECTION ( 'NONE',  ( -1.000000000000000000, 0.000000000000000000, 0.000000000000000000 ) ) ;
#403 = CARTESIAN_POINT ( 'NONE',  ( -0.6900000000000013900, 1.000000000000000000, 0.6900000000000013900 ) ) ;
#404 = CARTESIAN_POINT ( 'NONE',  ( -1.050000000000000488, 1.000000000000000000, -1.040000000000000036 ) ) ;
#405 =( GEOMETRIC_REPRESENTATION_CONTEXT ( 3 ) GLOBAL_UNCERTAINTY_ASSIGNED_CONTEXT ( ( #258 ) ) GLOBAL_UNIT_ASSIGNED_CONTEXT ( ( #1338, #3256, #24 ) ) REPRESENTATION_CONTEXT ( 'NONE', 'WORKASPACE' ) );
#406 = CARTESIAN_POINT ( 'NONE',  ( 0.7800000000000006928, 0.3199999999999998401, 1.039999999999999591 ) ) ;
#407 = EDGE_CURVE ( 'NONE', #1891, #1615, #573, .T. ) ;
#408 = TOROIDAL_SURFACE ( 'NONE', #4020, 0.8443682837723297530, 0.5999999999999996447 ) ;
#409 = FILL_AREA_STYLE ('',( #2059 ) ) ;
#410 = ORIENTED_EDGE ( 'NONE', *, *, #1283, .T. ) ;
#411 = PRESENTATION_LAYER_ASSIGNMENT (  '', '', ( #608 ) ) ;
#412 = SURFACE_SIDE_STYLE ('',( #2000 ) ) ;
#413 = VECTOR ( 'NONE', #1084, 1000.000000000000000 ) ;
#414 = AXIS2_PLACEMENT_3D ( 'NONE', #1532, #4174, #3564 ) ;
#415 = STYLED_ITEM ( 'NONE', ( #1265 ), #1888 ) ;
#416 = DIRECTION ( 'NONE',  ( 0.7071067811865658914, 0.000000000000000000, -0.7071067811865292541 ) ) ;
#417 = UNCERTAINTY_MEASURE_WITH_UNIT (LENGTH_MEASURE( 1.000000000000000082E-05 ), #2960, 'distance_accuracy_value', 'NONE');
#418 = MECHANICAL_DESIGN_GEOMETRIC_PRESENTATION_REPRESENTATION (  '', ( #1705 ), #1850 ) ;
#419 = ADVANCED_FACE ( 'NONE', ( #2248 ), #1573, .T. ) ;
#420 = VECTOR ( 'NONE', #2616, 1000.000000000000000 ) ;
#421 = EDGE_LOOP ( 'NONE', ( #2699, #207, #2507, #695 ) ) ;
#422 = PRESENTATION_STYLE_ASSIGNMENT (( #3730 ) ) ;
#423 = DIRECTION ( 'NONE',  ( -0.000000000000000000, 1.000000000000000000, 0.000000000000000000 ) ) ;
#424 = CARTESIAN_POINT ( 'NONE',  ( -0.6900000000000013900, 0.6600000000000000311, 1.534368283772331587 ) ) ;
#425 = LINE ( 'NONE', #1755, #4162 ) ;
#426 = LINE ( 'NONE', #124, #1357 ) ;
#427 = DIRECTION ( 'NONE',  ( -0.000000000000000000, -0.000000000000000000, 1.000000000000000000 ) ) ;
#428 = DIRECTION ( 'NONE',  ( -0.000000000000000000, 1.000000000000000000, 0.000000000000000000 ) ) ;
#429 = EDGE_CURVE ( 'NONE', #2609, #139, #1632, .T. ) ;
#430 = ORIENTED_EDGE ( 'NONE', *, *, #1461, .F. ) ;
#431 = DIRECTION ( 'NONE',  ( 1.000000000000000000, -0.000000000000000000, -0.000000000000000000 ) ) ;
#432 = VECTOR ( 'NONE', #1409, 1000.000000000000114 ) ;
#433 = SURFACE_STYLE_FILL_AREA ( #3021 ) ;
#434 = VECTOR ( 'NONE', #1641, 1000.000000000000000 ) ;
#435 = AXIS2_PLACEMENT_3D ( 'NONE', #3990, #2435, #2095 ) ;
#436 = ORIENTED_EDGE ( 'NONE', *, *, #584, .F. ) ;
#437 = MECHANICAL_DESIGN_GEOMETRIC_PRESENTATION_REPRESENTATION (  '', ( #711 ), #1666 ) ;
#438 = DIRECTION ( 'NONE',  ( -0.000000000000000000, -0.000000000000000000, 1.000000000000000000 ) ) ;
#439 = VECTOR ( 'NONE', #3217, 1000.000000000000000 ) ;
#440 = SURFACE_STYLE_USAGE ( .BOTH. , #2415 ) ;
#441 = CARTESIAN_POINT ( 'NONE',  ( -1.025000000000000355, 0.1199999999999998845, -1.199999999999999734 ) ) ;
#442 = MECHANICAL_DESIGN_GEOMETRIC_PRESENTATION_REPRESENTATION (  '', ( #4063 ), #4208 ) ;
#443 = FILL_AREA_STYLE_COLOUR ( '', #3981 ) ;
#444 = DIRECTION ( 'NONE',  ( -1.000000000000000000, 0.000000000000000000, 0.000000000000000000 ) ) ;
#445 = DIRECTION ( 'NONE',  ( 0.000000000000000000, 1.000000000000000000, 0.000000000000000000 ) ) ;
#446 = CYLINDRICAL_SURFACE ( 'NONE', #2912, 0.2399999999999999911 ) ;
#447 = ORIENTED_EDGE ( 'NONE', *, *, #3455, .T. ) ;
#448 = CARTESIAN_POINT ( 'NONE',  ( 1.050000000000000933, 1.000000000000000000, 1.039999999999999591 ) ) ;
#449 = SURFACE_STYLE_FILL_AREA ( #2510 ) ;
#450 = EDGE_CURVE ( 'NONE', #262, #1443, #1269, .T. ) ;
#451 = EDGE_CURVE ( 'NONE', #3738, #2277, #630, .T. ) ;
#452 = CARTESIAN_POINT ( 'NONE',  ( -0.5599999999999979439, 0.03250776405003870384, 1.199999999999999734 ) ) ;
#453 = EDGE_CURVE ( 'NONE', #2471, #2284, #1734, .T. ) ;
#454 = CARTESIAN_POINT ( 'NONE',  ( -0.8399999999999991918, 0.3199999999999998401, 0.8899999999999996803 ) ) ;
#455 = UNCERTAINTY_MEASURE_WITH_UNIT (LENGTH_MEASURE( 1.000000000000000082E-05 ), #2489, 'distance_accuracy_value', 'NONE');
#456 = ORIENTED_EDGE ( 'NONE', *, *, #3402, .T. ) ;
#457 = DIRECTION ( 'NONE',  ( 1.000000000000000000, 0.000000000000000000, 0.000000000000000000 ) ) ;
#458 =( LENGTH_UNIT ( ) NAMED_UNIT ( * ) SI_UNIT ( .MILLI., .METRE. ) );
#459 = FACE_OUTER_BOUND ( 'NONE', #3304, .T. ) ;
#460 = PLANE ( 'NONE',  #497 ) ;
#461 = EDGE_LOOP ( 'NONE', ( #1179, #878, #730 ) ) ;
#462 = PRESENTATION_LAYER_ASSIGNMENT (  '', '', ( #1079 ) ) ;
#463 = DIRECTION ( 'NONE',  ( -6.123233995736766036E-17, 0.000000000000000000, -1.000000000000000000 ) ) ;
#464 = FILL_AREA_STYLE ('',( #3081 ) ) ;
#465 = FACE_OUTER_BOUND ( 'NONE', #174, .T. ) ;
#466 = DIRECTION ( 'NONE',  ( -1.000000000000000000, 0.000000000000000000, -1.070816960479511141E-15 ) ) ;
#467 = PRESENTATION_STYLE_ASSIGNMENT (( #2797 ) ) ;
#468 = ORIENTED_EDGE ( 'NONE', *, *, #332, .F. ) ;
#469 = ORIENTED_EDGE ( 'NONE', *, *, #899, .F. ) ;
#470 = LINE ( 'NONE', #2135, #2710 ) ;
#471 = PLANE ( 'NONE',  #3404 ) ;
#472 = CARTESIAN_POINT ( 'NONE',  ( -0.6900000000000018341, 1.000000000000000000, -1.040000000000000036 ) ) ;
#473 = TOROIDAL_SURFACE ( 'NONE', #92, 0.8443682837723297530, 0.5999999999999996447 ) ;
#474 = AXIS2_PLACEMENT_3D ( 'NONE', #1128, #3778, #2173 ) ;
#475 = EDGE_LOOP ( 'NONE', ( #3767, #1697, #2826, #2934, #2640, #1690, #2117, #1217, #3465 ) ) ;
#476 = CARTESIAN_POINT ( 'NONE',  ( 0.7199999999999999734, 1.199999999999999956, 1.040000000000000036 ) ) ;
#477 = FILL_AREA_STYLE_COLOUR ( '', #749 ) ;
#478 = AXIS2_PLACEMENT_3D ( 'NONE', #1290, #1315, #2992 ) ;
#479 = VECTOR ( 'NONE', #519, 1000.000000000000000 ) ;
#480 = VERTEX_POINT ( 'NONE', #1331 ) ;
#481 = CARTESIAN_POINT ( 'NONE',  ( -0.7676128635478262074, 0.3790886643911021148, 1.004189688487752807 ) ) ;
#482 = CARTESIAN_POINT ( 'NONE',  ( 0.7200000000000007505, 0.3199999999999998401, 0.8899999999999996803 ) ) ;
#483 = DIRECTION ( 'NONE',  ( -0.000000000000000000, -0.000000000000000000, 1.000000000000000000 ) ) ;
#484 = FILL_AREA_STYLE_COLOUR ( '', #3274 ) ;
#485 = FACE_OUTER_BOUND ( 'NONE', #3816, .T. ) ;
#486 = DIRECTION ( 'NONE',  ( 1.000000000000000000, 0.000000000000000000, 0.000000000000000000 ) ) ;
#487 = CLOSED_SHELL ( 'NONE', ( #4003, #1259, #1459, #2870, #675, #1272, #1209, #3334, #1038, #2085, #1010, #1644, #1921, #874, #1914, #1078, #2321, #3379, #1977, #3532 ) ) ;
#488 = FILL_AREA_STYLE ('',( #743 ) ) ;
#489 = ORIENTED_EDGE ( 'NONE', *, *, #1211, .F. ) ;
#490 = PLANE ( 'NONE',  #712 ) ;
#491 = CARTESIAN_POINT ( 'NONE',  ( -1.025000000000000355, 0.1199999999999998290, 1.039999999999999591 ) ) ;
#492 = FILL_AREA_STYLE ('',( #2794 ) ) ;
#493 = DIRECTION ( 'NONE',  ( 0.000000000000000000, 0.000000000000000000, 1.000000000000000000 ) ) ;
#494 = EDGE_LOOP ( 'NONE', ( #2632, #2494, #3228, #1304 ) ) ;
#495 = DIRECTION ( 'NONE',  ( 1.000000000000000000, 0.000000000000000000, 0.000000000000000000 ) ) ;
#496 = ORIENTED_EDGE ( 'NONE', *, *, #3719, .T. ) ;
#497 = AXIS2_PLACEMENT_3D ( 'NONE', #186, #1457, #2401 ) ;
#498 = COLOUR_RGB ( '',0.2509803921568627416, 0.2509803921568627416, 0.2509803921568627416 ) ;
#499 = VERTEX_POINT ( 'NONE', #3347 ) ;
#500 = CARTESIAN_POINT ( 'NONE',  ( -0.7200000000000003064, 0.3283804487652371429, 1.034236376657422518 ) ) ;
#501 = ADVANCED_FACE ( 'NONE', ( #1006 ), #1403, .F. ) ;
#502 = CIRCLE ( 'NONE', #2312, 0.05999999999999917899 ) ;
#503 = SURFACE_STYLE_FILL_AREA ( #2145 ) ;
#504 = PLANE ( 'NONE',  #2190 ) ;
#505 = EDGE_CURVE ( 'NONE', #3174, #560, #1157, .T. ) ;
#506 = CIRCLE ( 'NONE', #2907, 0.05999999999999994227 ) ;
#507 = EDGE_LOOP ( 'NONE', ( #3431, #1930 ) ) ;
#508 = SURFACE_STYLE_FILL_AREA ( #3123 ) ;
#509 = FILL_AREA_STYLE_COLOUR ( '', #4027 ) ;
#510 = STYLED_ITEM ( 'NONE', ( #766 ), #2202 ) ;
#511 = LINE ( 'NONE', #3413, #3548 ) ;
#512 = COLOUR_RGB ( '',0.2509803921568627416, 0.2509803921568627416, 0.2509803921568627416 ) ;
#513 = ORIENTED_EDGE ( 'NONE', *, *, #1332, .T. ) ;
#514 = VERTEX_POINT ( 'NONE', #1025 ) ;
#515 = VECTOR ( 'NONE', #1894, 1000.000000000000000 ) ;
#516 =( NAMED_UNIT ( * ) PLANE_ANGLE_UNIT ( ) SI_UNIT ( $, .RADIAN. ) );
#517 = DIRECTION ( 'NONE',  ( -0.9537169507482289310, -0.3007057995042665133, 0.000000000000000000 ) ) ;
#518 = CARTESIAN_POINT ( 'NONE',  ( 1.050000000000000933, 1.199999999999999956, 1.039999999999999591 ) ) ;
#519 = DIRECTION ( 'NONE',  ( 0.000000000000000000, 0.000000000000000000, 1.000000000000000000 ) ) ;
#520 = EDGE_CURVE ( 'NONE', #1193, #1180, #3991, .T. ) ;
#521 = VERTEX_POINT ( 'NONE', #1710 ) ;
#522 = DIRECTION ( 'NONE',  ( 0.6901619708142022747, 0.2176072335280452019, 0.6901619708141900622 ) ) ;
#523 =( LENGTH_UNIT ( ) NAMED_UNIT ( * ) SI_UNIT ( .MILLI., .METRE. ) );
#524 =( NAMED_UNIT ( * ) PLANE_ANGLE_UNIT ( ) SI_UNIT ( $, .RADIAN. ) );
#525 = CYLINDRICAL_SURFACE ( 'NONE', #3557, 0.5999999999999996447 ) ;
#526 = ORIENTED_EDGE ( 'NONE', *, *, #3743, .F. ) ;
#527 = EDGE_CURVE ( 'NONE', #3156, #1116, #3626, .T. ) ;
#528 = CARTESIAN_POINT ( 'NONE',  ( 0.7674627148791173248, 0.3786755185899332021, 1.004409288981832127 ) ) ;
#529 = CYLINDRICAL_SURFACE ( 'NONE', #1702, 0.05999999999999917899 ) ;
#530 = DIRECTION ( 'NONE',  ( 1.000000000000000000, 0.000000000000000000, 0.000000000000000000 ) ) ;
#531 = EDGE_LOOP ( 'NONE', ( #2315, #2817, #2883, #2349, #1244 ) ) ;
#532 = COLOUR_RGB ( '',0.2509803921568627416, 0.2509803921568627416, 0.2509803921568627416 ) ;
#533 = DIRECTION ( 'NONE',  ( -0.7071067811865522357, 0.000000000000000000, 0.7071067811865426878 ) ) ;
#534 =( NAMED_UNIT ( * ) SI_UNIT ( $, .STERADIAN. ) SOLID_ANGLE_UNIT ( ) );
#535 = FILL_AREA_STYLE_COLOUR ( '', #1998 ) ;
#536 = SURFACE_SIDE_STYLE ('',( #233 ) ) ;
#537 = AXIS2_PLACEMENT_3D ( 'NONE', #1534, #4154, #3860 ) ;
#538 = CARTESIAN_POINT ( 'NONE',  ( -0.7199999999999995293, 1.000000000000000000, 1.039999999999999591 ) ) ;
#539 = VERTEX_POINT ( 'NONE', #142 ) ;
#540 = UNCERTAINTY_MEASURE_WITH_UNIT (LENGTH_MEASURE( 1.000000000000000082E-05 ), #1845, 'distance_accuracy_value', 'NONE');
#541 =( NAMED_UNIT ( * ) PLANE_ANGLE_UNIT ( ) SI_UNIT ( $, .RADIAN. ) );
#542 = COLOUR_RGB ( '',0.2509803921568627416, 0.2509803921568627416, 0.2509803921568627416 ) ;
#543 = CARTESIAN_POINT ( 'NONE',  ( 0.5599999999999980549, 1.000000000000000000, -1.199999999999999734 ) ) ;
#544 =( GEOMETRIC_REPRESENTATION_CONTEXT ( 3 ) GLOBAL_UNCERTAINTY_ASSIGNED_CONTEXT ( ( #1264 ) ) GLOBAL_UNIT_ASSIGNED_CONTEXT ( ( #1727, #1749, #3382 ) ) REPRESENTATION_CONTEXT ( 'NONE', 'WORKASPACE' ) );
#545 = VECTOR ( 'NONE', #2481, 1000.000000000000114 ) ;
#546 = FACE_OUTER_BOUND ( 'NONE', #10, .T. ) ;
#547 = PRESENTATION_LAYER_ASSIGNMENT (  '', '', ( #415 ) ) ;
#548 = AXIS2_PLACEMENT_3D ( 'NONE', #2222, #226, #935 ) ;
#549 = ORIENTED_EDGE ( 'NONE', *, *, #982, .F. ) ;
#550 = CARTESIAN_POINT ( 'NONE',  ( 0.6528306081189763077, 0.1918347148094735333, -1.199999999999999734 ) ) ;
#551 = DIRECTION ( 'NONE',  ( -1.000000000000000000, 0.000000000000000000, 0.000000000000000000 ) ) ;
#552 = DIRECTION ( 'NONE',  ( 0.000000000000000000, 0.000000000000000000, 1.000000000000000000 ) ) ;
#553 = PRESENTATION_STYLE_ASSIGNMENT (( #1536 ) ) ;
#554 = EDGE_LOOP ( 'NONE', ( #4172, #3112, #152 ) ) ;
#555 = CARTESIAN_POINT ( 'NONE',  ( -0.6971599597868605169, 0.2024146201765777975, 1.062840040213138604 ) ) ;
#556 =( NAMED_UNIT ( * ) SI_UNIT ( $, .STERADIAN. ) SOLID_ANGLE_UNIT ( ) );
#557 = CARTESIAN_POINT ( 'NONE',  ( 0.8399999999999991918, 0.3199999999999998401, 0.8899999999999996803 ) ) ;
#558 = EDGE_CURVE ( 'NONE', #99, #1467, #3646, .T. ) ;
#559 = EDGE_CURVE ( 'NONE', #3738, #1969, #2070, .T. ) ;
#560 = VERTEX_POINT ( 'NONE', #3027 ) ;
#561 = VERTEX_POINT ( 'NONE', #2007 ) ;
#562 = FILL_AREA_STYLE_COLOUR ( '', #1122 ) ;
#563 = ORIENTED_EDGE ( 'NONE', *, *, #4071, .T. ) ;
#564 = AXIS2_PLACEMENT_3D ( 'NONE', #3654, #1371, #3353 ) ;
#565 = CARTESIAN_POINT ( 'NONE',  ( 0.6528306081189763077, 0.1918347148094735333, -1.107169391881023257 ) ) ;
#566 = FILL_AREA_STYLE ('',( #3836 ) ) ;
#567 = TOROIDAL_SURFACE ( 'NONE', #368, 0.8443682837723297530, 0.5999999999999996447 ) ;
#568 = CARTESIAN_POINT ( 'NONE',  ( 0.7200000000000007505, 0.3199999999999998401, 0.8899999999999996803 ) ) ;
#569 = AXIS2_PLACEMENT_3D ( 'NONE', #802, #3997, #1808 ) ;
#570 = PRESENTATION_STYLE_ASSIGNMENT (( #3388 ) ) ;
#571 = ORIENTED_EDGE ( 'NONE', *, *, #4061, .T. ) ;
#572 = CARTESIAN_POINT ( 'NONE',  ( 0.7560558463258624240, 0.3753158261064284962, 1.006196941209921869 ) ) ;
#573 = LINE ( 'NONE', #1250, #1775 ) ;
#574 = CARTESIAN_POINT ( 'NONE',  ( -0.7250000000000004219, -0.03705735337010138825, -1.039999999999999591 ) ) ;
#575 = ORIENTED_EDGE ( 'NONE', *, *, #1673, .T. ) ;
#576 = SURFACE_SIDE_STYLE ('',( #1927 ) ) ;
#577 = PRESENTATION_LAYER_ASSIGNMENT (  '', '', ( #62 ) ) ;
#578 =( GEOMETRIC_REPRESENTATION_CONTEXT ( 3 ) GLOBAL_UNCERTAINTY_ASSIGNED_CONTEXT ( ( #3321 ) ) GLOBAL_UNIT_ASSIGNED_CONTEXT ( ( #1582, #373, #3856 ) ) REPRESENTATION_CONTEXT ( 'NONE', 'WORKASPACE' ) );
#579 = CARTESIAN_POINT ( 'NONE',  ( -1.040000000000000924, 1.000000000000000000, 0.6900000000000013900 ) ) ;
#580 = CIRCLE ( 'NONE', #2249, 0.05999999999999994227 ) ;
#581 = ORIENTED_EDGE ( 'NONE', *, *, #1432, .F. ) ;
#582 = EDGE_CURVE ( 'NONE', #324, #1131, #103, .T. ) ;
#583 = DIRECTION ( 'NONE',  ( 1.000000000000000000, 0.000000000000000000, 0.000000000000000000 ) ) ;
#584 = EDGE_CURVE ( 'NONE', #1957, #3143, #2413, .T. ) ;
#585 = EDGE_CURVE ( 'NONE', #2252, #2604, #2378, .T. ) ;
#586 = ORIENTED_EDGE ( 'NONE', *, *, #1744, .F. ) ;
#587 = UNCERTAINTY_MEASURE_WITH_UNIT (LENGTH_MEASURE( 1.000000000000000082E-05 ), #2103, 'distance_accuracy_value', 'NONE');
#588 = SURFACE_STYLE_USAGE ( .BOTH. , #1566 ) ;
#589 =( NAMED_UNIT ( * ) SI_UNIT ( $, .STERADIAN. ) SOLID_ANGLE_UNIT ( ) );
#590 = ORIENTED_EDGE ( 'NONE', *, *, #3591, .F. ) ;
#591 = CARTESIAN_POINT ( 'NONE',  ( 0.7201910742220720696, 0.3255443523647985615, 1.036221213694452414 ) ) ;
#592 =( NAMED_UNIT ( * ) SI_UNIT ( $, .STERADIAN. ) SOLID_ANGLE_UNIT ( ) );
#593 = FILL_AREA_STYLE_COLOUR ( '', #3608 ) ;
#594 = DIRECTION ( 'NONE',  ( 1.000000000000000000, 0.000000000000000000, 0.000000000000000000 ) ) ;
#595 =( LENGTH_UNIT ( ) NAMED_UNIT ( * ) SI_UNIT ( .MILLI., .METRE. ) );
#596 = ORIENTED_EDGE ( 'NONE', *, *, #1528, .F. ) ;
#597 =( NAMED_UNIT ( * ) PLANE_ANGLE_UNIT ( ) SI_UNIT ( $, .RADIAN. ) );
#598 = FILL_AREA_STYLE ('',( #2879 ) ) ;
#599 = PRODUCT_DEFINITION ( 'UNKNOWN', '', #1600, #2189 ) ;
#600 = ORIENTED_EDGE ( 'NONE', *, *, #1719, .F. ) ;
#601 = MECHANICAL_DESIGN_GEOMETRIC_PRESENTATION_REPRESENTATION (  '', ( #1218 ), #2269 ) ;
#602 = COLOUR_RGB ( '',0.2509803921568627416, 0.2509803921568627416, 0.2509803921568627416 ) ;
#603 = SURFACE_STYLE_FILL_AREA ( #930 ) ;
#604 = ORIENTED_EDGE ( 'NONE', *, *, #1602, .T. ) ;
#605 = CARTESIAN_POINT ( 'NONE',  ( 1.199999999999999734, 0.1199999999999998845, -0.9650000000000040767 ) ) ;
#606 = DIRECTION ( 'NONE',  ( 0.000000000000000000, 0.000000000000000000, -1.000000000000000000 ) ) ;
#607 = ORIENTED_EDGE ( 'NONE', *, *, #453, .T. ) ;
#608 = STYLED_ITEM ( 'NONE', ( #175 ), #1515 ) ;
#609 = CLOSED_SHELL ( 'NONE', ( #3179, #2322, #157, #3770, #1651, #1975, #1419, #1518, #501, #2822 ) ) ;
#610 = DIRECTION ( 'NONE',  ( 0.000000000000000000, 0.000000000000000000, -1.000000000000000000 ) ) ;
#611 = EDGE_LOOP ( 'NONE', ( #147, #352, #4086, #3877 ) ) ;
#612 = CARTESIAN_POINT ( 'NONE',  ( 0.8316970620473606024, 0.3511678544553769044, 1.019904691482080850 ) ) ;
#613 = SURFACE_SIDE_STYLE ('',( #15 ) ) ;
#614 = AXIS2_PLACEMENT_3D ( 'NONE', #574, #3314, #3013 ) ;
#615 = DIRECTION ( 'NONE',  ( -0.6901619708141997211, 0.2176072335280441750, -0.6901619708141929488 ) ) ;
#616 = CIRCLE ( 'NONE', #1030, 0.5999999999999998668 ) ;
#617 = ORIENTED_EDGE ( 'NONE', *, *, #2944, .F. ) ;
#618 =( GEOMETRIC_REPRESENTATION_CONTEXT ( 3 ) GLOBAL_UNCERTAINTY_ASSIGNED_CONTEXT ( ( #3603 ) ) GLOBAL_UNIT_ASSIGNED_CONTEXT ( ( #310, #927, #2206 ) ) REPRESENTATION_CONTEXT ( 'NONE', 'WORKASPACE' ) );
#619 = CYLINDRICAL_SURFACE ( 'NONE', #2577, 0.5999999999999996447 ) ;
#620 = SURFACE_SIDE_STYLE ('',( #2590 ) ) ;
#621 = CARTESIAN_POINT ( 'NONE',  ( -0.6900000000000013900, 0.6600000000000000311, 1.534368283772331587 ) ) ;
#622 = ORIENTED_EDGE ( 'NONE', *, *, #2867, .F. ) ;
#623 = ORIENTED_EDGE ( 'NONE', *, *, #259, .F. ) ;
#624 = LINE ( 'NONE', #1608, #879 ) ;
#625 = VERTEX_POINT ( 'NONE', #723 ) ;
#626 = SURFACE_STYLE_USAGE ( .BOTH. , #3947 ) ;
#627 = ORIENTED_EDGE ( 'NONE', *, *, #407, .F. ) ;
#628 = FILL_AREA_STYLE ('',( #2295 ) ) ;
#629 = EDGE_CURVE ( 'NONE', #754, #1833, #1348, .T. ) ;
#630 = LINE ( 'NONE', #3249, #3679 ) ;
#631 = STYLED_ITEM ( 'NONE', ( #782 ), #2849 ) ;
#632 = EDGE_CURVE ( 'NONE', #3191, #3463, #1067, .T. ) ;
#633 = AXIS2_PLACEMENT_3D ( 'NONE', #386, #2606, #1681 ) ;
#634 = SURFACE_STYLE_USAGE ( .BOTH. , #1591 ) ;
#635 = ORIENTED_EDGE ( 'NONE', *, *, #2445, .F. ) ;
#636 = CARTESIAN_POINT ( 'NONE',  ( -1.049999999999999822, 1.000000000000000000, 1.039999999999999591 ) ) ;
#637 = DIRECTION ( 'NONE',  ( 0.000000000000000000, 1.000000000000000000, 0.000000000000000000 ) ) ;
#638 = DIRECTION ( 'NONE',  ( 0.000000000000000000, 0.000000000000000000, 1.000000000000000000 ) ) ;
#639 =( GEOMETRIC_REPRESENTATION_CONTEXT ( 3 ) GLOBAL_UNCERTAINTY_ASSIGNED_CONTEXT ( ( #3023 ) ) GLOBAL_UNIT_ASSIGNED_CONTEXT ( ( #1164, #3425, #1278 ) ) REPRESENTATION_CONTEXT ( 'NONE', 'WORKASPACE' ) );
#640 =( LENGTH_UNIT ( ) NAMED_UNIT ( * ) SI_UNIT ( .MILLI., .METRE. ) );
#641 = VECTOR ( 'NONE', #3117, 1000.000000000000114 ) ;
#642 = ORIENTED_EDGE ( 'NONE', *, *, #2443, .F. ) ;
#643 = EDGE_CURVE ( 'NONE', #4213, #825, #344, .T. ) ;
#644 = ORIENTED_EDGE ( 'NONE', *, *, #4057, .T. ) ;
#645 = CIRCLE ( 'NONE', #1798, 0.05999999999999994227 ) ;
#646 = CARTESIAN_POINT ( 'NONE',  ( -0.7799999999999994715, 0.3199999999999998401, 0.8899999999999996803 ) ) ;
#647 = PRESENTATION_LAYER_ASSIGNMENT (  '', '', ( #3111 ) ) ;
#648 = VECTOR ( 'NONE', #2906, 1000.000000000000000 ) ;
#649 = DIRECTION ( 'NONE',  ( 0.000000000000000000, 0.000000000000000000, 1.000000000000000000 ) ) ;
#650 = CARTESIAN_POINT ( 'NONE',  ( -0.7199999999999995293, 0.1199999999999998845, 1.039999999999999591 ) ) ;
#651 = DIRECTION ( 'NONE',  ( -1.000000000000000000, 0.000000000000000000, 0.000000000000000000 ) ) ;
#652 = ORIENTED_EDGE ( 'NONE', *, *, #309, .T. ) ;
#653 = CARTESIAN_POINT ( 'NONE',  ( 0.7799999999999994715, 0.3199999999999998401, 1.099999999999999645 ) ) ;
#654 = ORIENTED_EDGE ( 'NONE', *, *, #3560, .T. ) ;
#655 = UNCERTAINTY_MEASURE_WITH_UNIT (LENGTH_MEASURE( 1.000000000000000082E-05 ), #4039, 'distance_accuracy_value', 'NONE');
#656 = PLANE ( 'NONE',  #31 ) ;
#657 =( NAMED_UNIT ( * ) SI_UNIT ( $, .STERADIAN. ) SOLID_ANGLE_UNIT ( ) );
#658 = ORIENTED_EDGE ( 'NONE', *, *, #2280, .F. ) ;
#659 = DIRECTION ( 'NONE',  ( -0.9537169507482288200, 0.3007057995042671239, 1.021256286358005147E-15 ) ) ;
#660 = DIRECTION ( 'NONE',  ( 0.000000000000000000, 0.000000000000000000, 1.000000000000000000 ) ) ;
#661 = DIRECTION ( 'NONE',  ( 0.7071067811865511255, 0.000000000000000000, 0.7071067811865440200 ) ) ;
#662 = CARTESIAN_POINT ( 'NONE',  ( 0.000000000000000000, 0.6600000000000000311, -1.534368283772330699 ) ) ;
#663 = DIRECTION ( 'NONE',  ( 0.000000000000000000, -0.000000000000000000, 1.000000000000000000 ) ) ;
#664 = EDGE_CURVE ( 'NONE', #956, #2238, #3210, .T. ) ;
#665 = EDGE_LOOP ( 'NONE', ( #1248, #4000, #2803, #1584 ) ) ;
#666 = ORIENTED_EDGE ( 'NONE', *, *, #1330, .F. ) ;
#667 = CIRCLE ( 'NONE', #1017, 0.3499999999999992006 ) ;
#668 = LINE ( 'NONE', #3534, #648 ) ;
#669 =( BOUNDED_CURVE ( )  B_SPLINE_CURVE ( 3, ( #3146, #851, #2528, #4110 ),
 .UNSPECIFIED., .F., .T. ) 
 B_SPLINE_CURVE_WITH_KNOTS ( ( 4, 4 ),
 ( 4.406956361285688573, 4.691554139716041405 ),
 .UNSPECIFIED. ) 
 CURVE ( )  GEOMETRIC_REPRESENTATION_ITEM ( )  RATIONAL_B_SPLINE_CURVE ( ( 1.000000000000000000, 0.9932617238286201022, 0.9932617238286201022, 1.000000000000000000 ) ) 
 REPRESENTATION_ITEM ( '' )  );
#670 = AXIS2_PLACEMENT_3D ( 'NONE', #2010, #3882, #961 ) ;
#671 = CARTESIAN_POINT ( 'NONE',  ( 0.7799999999999985834, 0.3199999999999998401, 1.039999999999999591 ) ) ;
#672 = VERTEX_POINT ( 'NONE', #2989 ) ;
#673 = STYLED_ITEM ( 'NONE', ( #1119 ), #1459 ) ;
#674 =( NAMED_UNIT ( * ) SI_UNIT ( $, .STERADIAN. ) SOLID_ANGLE_UNIT ( ) );
#675 = ADVANCED_FACE ( 'NONE', ( #2702 ), #3664, .F. ) ;
#676 = CARTESIAN_POINT ( 'NONE',  ( 1.024999999999999023, 0.1200000000000001205, -1.039999999999999591 ) ) ;
#677 =( NAMED_UNIT ( * ) SI_UNIT ( $, .STERADIAN. ) SOLID_ANGLE_UNIT ( ) );
#678 = MECHANICAL_DESIGN_GEOMETRIC_PRESENTATION_REPRESENTATION (  '', ( #1984 ), #3677 ) ;
#679 = EDGE_CURVE ( 'NONE', #2025, #521, #2549, .T. ) ;
#680 =( GEOMETRIC_REPRESENTATION_CONTEXT ( 3 ) GLOBAL_UNCERTAINTY_ASSIGNED_CONTEXT ( ( #3873 ) ) GLOBAL_UNIT_ASSIGNED_CONTEXT ( ( #2150, #1828, #4132 ) ) REPRESENTATION_CONTEXT ( 'NONE', 'WORKASPACE' ) );
#681 = PLANE ( 'NONE',  #1049 ) ;
#682 = SURFACE_STYLE_FILL_AREA ( #3193 ) ;
#683 = ADVANCED_FACE ( 'NONE', ( #4062 ), #2128, .T. ) ;
#684 = PRESENTATION_LAYER_ASSIGNMENT (  '', '', ( #2550 ) ) ;
#685 = FILL_AREA_STYLE ('',( #3279 ) ) ;
#686 =( LENGTH_UNIT ( ) NAMED_UNIT ( * ) SI_UNIT ( .MILLI., .METRE. ) );
#687 = ORIENTED_EDGE ( 'NONE', *, *, #4175, .T. ) ;
#688 = STYLED_ITEM ( 'NONE', ( #1321 ), #1956 ) ;
#689 =( NAMED_UNIT ( * ) SI_UNIT ( $, .STERADIAN. ) SOLID_ANGLE_UNIT ( ) );
#690 = EDGE_CURVE ( 'NONE', #2858, #3296, #3734, .T. ) ;
#691 = ADVANCED_FACE ( 'NONE', ( #465 ), #227, .T. ) ;
#692 = DIRECTION ( 'NONE',  ( 0.000000000000000000, 0.000000000000000000, -1.000000000000000000 ) ) ;
#693 = FACE_OUTER_BOUND ( 'NONE', #3423, .T. ) ;
#694 = CARTESIAN_POINT ( 'NONE',  ( -0.8399999999999994138, 0.3200000000000000622, 1.040000000000000924 ) ) ;
#695 = ORIENTED_EDGE ( 'NONE', *, *, #2566, .T. ) ;
#696 =( LENGTH_UNIT ( ) NAMED_UNIT ( * ) SI_UNIT ( .MILLI., .METRE. ) );
#697 = EDGE_LOOP ( 'NONE', ( #1088, #3345, #4082, #910, #2375, #268, #1434, #2799 ) ) ;
#698 = UNCERTAINTY_MEASURE_WITH_UNIT (LENGTH_MEASURE( 1.000000000000000082E-05 ), #1335, 'distance_accuracy_value', 'NONE');
#699 = LINE ( 'NONE', #1631, #3992 ) ;
#700 = DIRECTION ( 'NONE',  ( -0.000000000000000000, 1.000000000000000000, -0.000000000000000000 ) ) ;
#701 = FILL_AREA_STYLE_COLOUR ( '', #2931 ) ;
#702 = CARTESIAN_POINT ( 'NONE',  ( -0.8142247788266426811, 0.3696433353858749049, 1.009293193023740098 ) ) ;
#703 = ORIENTED_EDGE ( 'NONE', *, *, #1831, .T. ) ;
#704 = DIRECTION ( 'NONE',  ( 1.000000000000000000, 0.000000000000000000, -0.000000000000000000 ) ) ;
#705 = VECTOR ( 'NONE', #1613, 1000.000000000000000 ) ;
#706 = LINE ( 'NONE', #1971, #3442 ) ;
#707 = SURFACE_STYLE_FILL_AREA ( #3631 ) ;
#708 = CARTESIAN_POINT ( 'NONE',  ( -1.025000000000000355, 0.1199999999999998845, -1.039999999999999591 ) ) ;
#709 = COLOUR_RGB ( '',0.7294117647058823151, 0.3568627450980392246, 0.02352941176470588203 ) ;
#710 = ORIENTED_EDGE ( 'NONE', *, *, #3661, .F. ) ;
#711 = STYLED_ITEM ( 'NONE', ( #2731 ), #3259 ) ;
#712 = AXIS2_PLACEMENT_3D ( 'NONE', #2584, #3496, #2246 ) ;
#713 = COLOUR_RGB ( '',0.2509803921568627416, 0.2509803921568627416, 0.2509803921568627416 ) ;
#714 =( GEOMETRIC_REPRESENTATION_CONTEXT ( 3 ) GLOBAL_UNCERTAINTY_ASSIGNED_CONTEXT ( ( #137 ) ) GLOBAL_UNIT_ASSIGNED_CONTEXT ( ( #2294, #1940, #2930 ) ) REPRESENTATION_CONTEXT ( 'NONE', 'WORKASPACE' ) );
#715 = EDGE_CURVE ( 'NONE', #1682, #4007, #4084, .T. ) ;
#716 = EDGE_CURVE ( 'NONE', #247, #1261, #849, .T. ) ;
#717 =( NAMED_UNIT ( * ) PLANE_ANGLE_UNIT ( ) SI_UNIT ( $, .RADIAN. ) );
#718 = UNCERTAINTY_MEASURE_WITH_UNIT (LENGTH_MEASURE( 1.000000000000000082E-05 ), #523, 'distance_accuracy_value', 'NONE');
#719 = CIRCLE ( 'NONE', #1452, 0.2443682837723305246 ) ;
#720 = EDGE_LOOP ( 'NONE', ( #513, #3583 ) ) ;
#721 = VECTOR ( 'NONE', #4194, 1000.000000000000000 ) ;
#722 = VERTEX_POINT ( 'NONE', #1505 ) ;
#723 = CARTESIAN_POINT ( 'NONE',  ( 0.7200000000000007505, 0.1199999999999998290, 1.039999999999999591 ) ) ;
#724 = CARTESIAN_POINT ( 'NONE',  ( -1.049999999999999822, 1.199999999999999956, 1.039999999999999591 ) ) ;
#725 = DIRECTION ( 'NONE',  ( -0.3007057995042666243, 0.9537169507482290420, 0.000000000000000000 ) ) ;
#726 = ORIENTED_EDGE ( 'NONE', *, *, #1625, .F. ) ;
#727 = DIRECTION ( 'NONE',  ( 0.000000000000000000, 0.000000000000000000, 1.000000000000000000 ) ) ;
#728 = DIRECTION ( 'NONE',  ( -0.7071067811865312525, 0.000000000000000000, 0.7071067811865638930 ) ) ;
#729 = DIRECTION ( 'NONE',  ( 1.000000000000000000, 0.000000000000000000, 0.000000000000000000 ) ) ;
#730 = ORIENTED_EDGE ( 'NONE', *, *, #46, .T. ) ;
#731 = LINE ( 'NONE', #2693, #1796 ) ;
#732 = PLANE ( 'NONE',  #4064 ) ;
#733 = MECHANICAL_DESIGN_GEOMETRIC_PRESENTATION_REPRESENTATION (  '', ( #2804 ), #3335 ) ;
#734 = ORIENTED_EDGE ( 'NONE', *, *, #2023, .F. ) ;
#735 = ORIENTED_EDGE ( 'NONE', *, *, #1596, .T. ) ;
#736 = DIRECTION ( 'NONE',  ( 0.000000000000000000, 0.000000000000000000, 1.000000000000000000 ) ) ;
#737 = VECTOR ( 'NONE', #2743, 999.9999999999998863 ) ;
#738 = EDGE_CURVE ( 'NONE', #754, #1833, #2354, .T. ) ;
#739 = DIRECTION ( 'NONE',  ( 0.000000000000000000, 1.000000000000000000, 0.000000000000000000 ) ) ;
#740 =( NAMED_UNIT ( * ) PLANE_ANGLE_UNIT ( ) SI_UNIT ( $, .RADIAN. ) );
#741 =( NAMED_UNIT ( * ) PLANE_ANGLE_UNIT ( ) SI_UNIT ( $, .RADIAN. ) );
#742 = VECTOR ( 'NONE', #2831, 1000.000000000000000 ) ;
#743 = FILL_AREA_STYLE_COLOUR ( '', #3843 ) ;
#744 = STYLED_ITEM ( 'NONE', ( #553 ), #1642 ) ;
#745 = CARTESIAN_POINT ( 'NONE',  ( 0.5599999999999980549, 0.3199999999999998401, -1.199999999999999734 ) ) ;
#746 = VERTEX_POINT ( 'NONE', #1937 ) ;
#747 = STYLED_ITEM ( 'NONE', ( #1196 ), #683 ) ;
#748 = DIRECTION ( 'NONE',  ( 0.000000000000000000, 0.000000000000000000, 1.000000000000000000 ) ) ;
#749 = COLOUR_RGB ( '',0.7294117647058823151, 0.3568627450980392246, 0.02352941176470588203 ) ;
#750 = AXIS2_PLACEMENT_3D ( 'NONE', #25, #1298, #2630 ) ;
#751 = LINE ( 'NONE', #135, #3580 ) ;
#752 = PRESENTATION_STYLE_ASSIGNMENT (( #1077 ) ) ;
#753 = UNCERTAINTY_MEASURE_WITH_UNIT (LENGTH_MEASURE( 1.000000000000000082E-05 ), #4014, 'distance_accuracy_value', 'NONE');
#754 = VERTEX_POINT ( 'NONE', #8 ) ;
#755 = PRESENTATION_STYLE_ASSIGNMENT (( #4008 ) ) ;
#756 = DIRECTION ( 'NONE',  ( 0.9537169507482289310, 0.3007057995042665133, -0.000000000000000000 ) ) ;
#757 = DIRECTION ( 'NONE',  ( -1.000000000000000000, 0.000000000000000000, 0.000000000000000000 ) ) ;
#758 = CARTESIAN_POINT ( 'NONE',  ( -0.7475793132459270796, 0.2074704065435329092, -1.039999999999999591 ) ) ;
#759 =( LENGTH_UNIT ( ) NAMED_UNIT ( * ) SI_UNIT ( .MILLI., .METRE. ) );
#760 =( NAMED_UNIT ( * ) PLANE_ANGLE_UNIT ( ) SI_UNIT ( $, .RADIAN. ) );
#761 = EDGE_CURVE ( 'NONE', #561, #3061, #2881, .T. ) ;
#762 = EDGE_CURVE ( 'NONE', #1443, #1092, #3944, .T. ) ;
#763 = CARTESIAN_POINT ( 'NONE',  ( 1.050000000000001377, 1.000000000000000000, -1.040000000000000480 ) ) ;
#764 = FILL_AREA_STYLE_COLOUR ( '', #3890 ) ;
#765 = EDGE_CURVE ( 'NONE', #168, #2674, #2262, .T. ) ;
#766 = PRESENTATION_STYLE_ASSIGNMENT (( #3692 ) ) ;
#767 = ORIENTED_EDGE ( 'NONE', *, *, #3175, .T. ) ;
#768 = DIRECTION ( 'NONE',  ( 0.000000000000000000, -0.000000000000000000, 1.000000000000000000 ) ) ;
#769 = DIRECTION ( 'NONE',  ( 0.7071067811865527908, 0.000000000000000000, -0.7071067811865422437 ) ) ;
#770 = MECHANICAL_DESIGN_GEOMETRIC_PRESENTATION_REPRESENTATION (  '', ( #243 ), #2902 ) ;
#771 =( GEOMETRIC_REPRESENTATION_CONTEXT ( 3 ) GLOBAL_UNCERTAINTY_ASSIGNED_CONTEXT ( ( #1058 ) ) GLOBAL_UNIT_ASSIGNED_CONTEXT ( ( #1143, #244, #1479 ) ) REPRESENTATION_CONTEXT ( 'NONE', 'WORKASPACE' ) );
#772 = CARTESIAN_POINT ( 'NONE',  ( -0.7799999999999994715, 0.3199999999999998401, 1.039999999999999591 ) ) ;
#773 = VERTEX_POINT ( 'NONE', #2337 ) ;
#774 = VECTOR ( 'NONE', #438, 1000.000000000000000 ) ;
#775 = SURFACE_SIDE_STYLE ('',( #2394 ) ) ;
#776 =( GEOMETRIC_REPRESENTATION_CONTEXT ( 3 ) GLOBAL_UNCERTAINTY_ASSIGNED_CONTEXT ( ( #3068 ) ) GLOBAL_UNIT_ASSIGNED_CONTEXT ( ( #831, #2428, #2154 ) ) REPRESENTATION_CONTEXT ( 'NONE', 'WORKASPACE' ) );
#777 = CARTESIAN_POINT ( 'NONE',  ( 0.7200000000000004174, 1.000000000000000000, -1.040000000000000036 ) ) ;
#778 = DIRECTION ( 'NONE',  ( 0.000000000000000000, 0.000000000000000000, 1.000000000000000000 ) ) ;
#779 = CARTESIAN_POINT ( 'NONE',  ( -0.7199999999999995293, 0.3199999999999998401, 1.039999999999999591 ) ) ;
#780 = DIRECTION ( 'NONE',  ( 1.070816960479511339E-15, 0.000000000000000000, -1.000000000000000000 ) ) ;
#781 = CARTESIAN_POINT ( 'NONE',  ( -0.6900000000000013900, 0.3200000000000000622, 1.040000000000000924 ) ) ;
#782 = PRESENTATION_STYLE_ASSIGNMENT (( #3371 ) ) ;
#783 = ORIENTED_EDGE ( 'NONE', *, *, #3805, .F. ) ;
#784 = LINE ( 'NONE', #2464, #311 ) ;
#785 = DIRECTION ( 'NONE',  ( -0.000000000000000000, -0.000000000000000000, -1.000000000000000000 ) ) ;
#786 = CARTESIAN_POINT ( 'NONE',  ( 0.6528306081189763077, 0.1918347148094735333, 1.199999999999999734 ) ) ;
#787 = CARTESIAN_POINT ( 'NONE',  ( 1.125000000000000222, 1.000000000000000000, -1.039999999999999591 ) ) ;
#788 = SURFACE_SIDE_STYLE ('',( #1438 ) ) ;
#789 = ORIENTED_EDGE ( 'NONE', *, *, #3931, .F. ) ;
#790 = ORIENTED_EDGE ( 'NONE', *, *, #1154, .T. ) ;
#791 = CARTESIAN_POINT ( 'NONE',  ( 1.040000000000000036, 1.000000000000000000, 0.6900000000000013900 ) ) ;
#792 = CARTESIAN_POINT ( 'NONE',  ( 0.5599999999999980549, -1.626303258728256651E-16, 1.199999999999999734 ) ) ;
#793 = SURFACE_STYLE_USAGE ( .BOTH. , #4044 ) ;
#794 = SURFACE_SIDE_STYLE ('',( #3697 ) ) ;
#795 = ORIENTED_EDGE ( 'NONE', *, *, #2024, .T. ) ;
#796 = CARTESIAN_POINT ( 'NONE',  ( 1.534368283772330699, 0.6600000000000000311, -0.6900000000000009459 ) ) ;
#797 = LINE ( 'NONE', #2120, #641 ) ;
#798 = PRESENTATION_STYLE_ASSIGNMENT (( #2788 ) ) ;
#799 = CARTESIAN_POINT ( 'NONE',  ( -0.6900000000000018341, 0.6599999999999999201, -0.6900000000000009459 ) ) ;
#800 = DIRECTION ( 'NONE',  ( 0.000000000000000000, 0.000000000000000000, 1.000000000000000000 ) ) ;
#801 = COLOUR_RGB ( '',0.7294117647058823151, 0.3568627450980392246, 0.02352941176470588203 ) ;
#802 = CARTESIAN_POINT ( 'NONE',  ( -1.199999999999998845, 0.3199999999999998401, 0.9343682837723317203 ) ) ;
#803 = CARTESIAN_POINT ( 'NONE',  ( -0.8399999999999994138, 0.3200000000000000622, 1.040000000000000924 ) ) ;
#804 = CARTESIAN_POINT ( 'NONE',  ( -0.7199999999999995293, 0.2028905576439352099, -1.039999999999999591 ) ) ;
#805 = PRESENTATION_LAYER_ASSIGNMENT (  '', '', ( #4092 ) ) ;
#806 = CARTESIAN_POINT ( 'NONE',  ( 0.7250000000000004219, -0.03705735337010138825, -1.833392230628972941 ) ) ;
#807 = ORIENTED_EDGE ( 'NONE', *, *, #1910, .F. ) ;
#808 = VERTEX_POINT ( 'NONE', #2310 ) ;
#809 = TOROIDAL_SURFACE ( 'NONE', #1346, 0.8443682837723300860, 0.5999999999999996447 ) ;
#810 = SURFACE_SIDE_STYLE ('',( #2533 ) ) ;
#811 = CARTESIAN_POINT ( 'NONE',  ( 0.5599999999999980549, 0.1199999999999998845, 1.199999999999999734 ) ) ;
#812 = VECTOR ( 'NONE', #3950, 1000.000000000000000 ) ;
#813 = ORIENTED_EDGE ( 'NONE', *, *, #3743, .T. ) ;
#814 = EDGE_CURVE ( 'NONE', #3061, #369, #3004, .T. ) ;
#815 =( LENGTH_UNIT ( ) NAMED_UNIT ( * ) SI_UNIT ( .MILLI., .METRE. ) );
#816 = PRESENTATION_STYLE_ASSIGNMENT (( #3045 ) ) ;
#817 = ADVANCED_FACE ( 'NONE', ( #3620 ), #2288, .T. ) ;
#818 = COLOUR_RGB ( '',0.2509803921568627416, 0.2509803921568627416, 0.2509803921568627416 ) ;
#819 = AXIS2_PLACEMENT_3D ( 'NONE', #3464, #2516, #3769 ) ;
#820 = ORIENTED_EDGE ( 'NONE', *, *, #231, .T. ) ;
#821 = DIRECTION ( 'NONE',  ( 1.000000000000000000, 0.000000000000000000, 0.000000000000000000 ) ) ;
#822 = FILL_AREA_STYLE_COLOUR ( '', #1799 ) ;
#823 = SURFACE_SIDE_STYLE ('',( #503 ) ) ;
#824 = FILL_AREA_STYLE ('',( #3097 ) ) ;
#825 = VERTEX_POINT ( 'NONE', #318 ) ;
#826 = SURFACE_SIDE_STYLE ('',( #3777 ) ) ;
#827 =( NAMED_UNIT ( * ) PLANE_ANGLE_UNIT ( ) SI_UNIT ( $, .RADIAN. ) );
#828 = SURFACE_STYLE_USAGE ( .BOTH. , #3694 ) ;
#829 = EDGE_LOOP ( 'NONE', ( #3720, #447, #3904, #2554, #3046, #1953 ) ) ;
#830 = ORIENTED_EDGE ( 'NONE', *, *, #309, .F. ) ;
#831 =( LENGTH_UNIT ( ) NAMED_UNIT ( * ) SI_UNIT ( .MILLI., .METRE. ) );
#832 = CYLINDRICAL_SURFACE ( 'NONE', #953, 0.05999999999999917899 ) ;
#833 =( NAMED_UNIT ( * ) PLANE_ANGLE_UNIT ( ) SI_UNIT ( $, .RADIAN. ) );
#834 = DIRECTION ( 'NONE',  ( 0.7071067811865422437, -0.000000000000000000, 0.7071067811865527908 ) ) ;
#835 = AXIS2_PLACEMENT_3D ( 'NONE', #254, #1541, #3786 ) ;
#836 = FILL_AREA_STYLE ('',( #562 ) ) ;
#837 = CIRCLE ( 'NONE', #2698, 0.05999999999999994227 ) ;
#838 = DIRECTION ( 'NONE',  ( -0.000000000000000000, 1.000000000000000000, -0.000000000000000000 ) ) ;
#839 = EDGE_CURVE ( 'NONE', #1604, #2609, #624, .T. ) ;
#840 = ORIENTED_EDGE ( 'NONE', *, *, #2414, .F. ) ;
#841 = CARTESIAN_POINT ( 'NONE',  ( 0.6900000000000013900, 0.6599999999999999201, -0.6900000000000009459 ) ) ;
#842 = CARTESIAN_POINT ( 'NONE',  ( -0.5599999999999979439, 0.3199999999999998401, 1.199999999999999734 ) ) ;
#843 = VECTOR ( 'NONE', #431, 1000.000000000000000 ) ;
#844 = DIRECTION ( 'NONE',  ( 1.000000000000000000, 0.000000000000000000, -1.070816960479510155E-15 ) ) ;
#845 = EDGE_CURVE ( 'NONE', #1201, #3168, #667, .T. ) ;
#846 =( NAMED_UNIT ( * ) PLANE_ANGLE_UNIT ( ) SI_UNIT ( $, .RADIAN. ) );
#847 = ORIENTED_EDGE ( 'NONE', *, *, #2390, .F. ) ;
#848 = CARTESIAN_POINT ( 'NONE',  ( 0.5536073574086947113, 0.1605497440318867652, 1.206392642591302744 ) ) ;
#849 = LINE ( 'NONE', #1145, #93 ) ;
#850 = COLOUR_RGB ( '',0.7294117647058823151, 0.3568627450980392246, 0.02352941176470588203 ) ;
#851 = CARTESIAN_POINT ( 'NONE',  ( 0.6746182703644887368, 0.1987043383279878117, -1.085381729635510384 ) ) ;
#852 =( NAMED_UNIT ( * ) SI_UNIT ( $, .STERADIAN. ) SOLID_ANGLE_UNIT ( ) );
#853 = PRESENTATION_LAYER_ASSIGNMENT (  '', '', ( #2779 ) ) ;
#854 = VERTEX_POINT ( 'NONE', #2661 ) ;
#855 = ORIENTED_EDGE ( 'NONE', *, *, #3421, .F. ) ;
#856 = CARTESIAN_POINT ( 'NONE',  ( -0.6649302770410441266, 0.0006617637212098972498, -1.095069722958954550 ) ) ;
#857 =( LENGTH_UNIT ( ) NAMED_UNIT ( * ) SI_UNIT ( .MILLI., .METRE. ) );
#858 =( NAMED_UNIT ( * ) SI_UNIT ( $, .STERADIAN. ) SOLID_ANGLE_UNIT ( ) );
#859 = SURFACE_STYLE_USAGE ( .BOTH. , #4182 ) ;
#860 = ORIENTED_EDGE ( 'NONE', *, *, #3870, .T. ) ;
#861 = VERTEX_POINT ( 'NONE', #2011 ) ;
#862 =( NAMED_UNIT ( * ) PLANE_ANGLE_UNIT ( ) SI_UNIT ( $, .RADIAN. ) );
#863 = FILL_AREA_STYLE ('',( #2607 ) ) ;
#864 = VERTEX_POINT ( 'NONE', #1289 ) ;
#865 = CARTESIAN_POINT ( 'NONE',  ( -1.199999999999998845, 0.1199999999999998845, -0.9650000000000036326 ) ) ;
#866 = FILL_AREA_STYLE_COLOUR ( '', #1902 ) ;
#867 = PLANE ( 'NONE',  #2973 ) ;
#868 = SURFACE_SIDE_STYLE ('',( #2850 ) ) ;
#869 = PRESENTATION_STYLE_ASSIGNMENT (( #1583 ) ) ;
#870 = FACE_OUTER_BOUND ( 'NONE', #940, .T. ) ;
#871 = ORIENTED_EDGE ( 'NONE', *, *, #2217, .F. ) ;
#872 = CARTESIAN_POINT ( 'NONE',  ( 0.8178872816308833116, 0.3670592754455625495, 1.010708488648475178 ) ) ;
#873 = PLANE ( 'NONE',  #94 ) ;
#874 = ADVANCED_FACE ( 'NONE', ( #3627 ), #4087, .F. ) ;
#875 = LINE ( 'NONE', #3457, #2736 ) ;
#876 =( NAMED_UNIT ( * ) SI_UNIT ( $, .STERADIAN. ) SOLID_ANGLE_UNIT ( ) );
#877 = EDGE_CURVE ( 'NONE', #4223, #3643, #1976, .T. ) ;
#878 = ORIENTED_EDGE ( 'NONE', *, *, #1260, .T. ) ;
#879 = VECTOR ( 'NONE', #3263, 1000.000000000000000 ) ;
#880 = EDGE_LOOP ( 'NONE', ( #2176, #600, #3495, #194 ) ) ;
#881 = FACE_OUTER_BOUND ( 'NONE', #1944, .T. ) ;
#882 = STYLED_ITEM ( 'NONE', ( #798 ), #1080 ) ;
#883 =( LENGTH_UNIT ( ) NAMED_UNIT ( * ) SI_UNIT ( .MILLI., .METRE. ) );
#884 = VECTOR ( 'NONE', #2250, 1000.000000000000000 ) ;
#885 = SHAPE_DEFINITION_REPRESENTATION ( #193, #1466 ) ;
#886 =( GEOMETRIC_REPRESENTATION_CONTEXT ( 3 ) GLOBAL_UNCERTAINTY_ASSIGNED_CONTEXT ( ( #1992 ) ) GLOBAL_UNIT_ASSIGNED_CONTEXT ( ( #898, #4195, #2857 ) ) REPRESENTATION_CONTEXT ( 'NONE', 'WORKASPACE' ) );
#887 = UNCERTAINTY_MEASURE_WITH_UNIT (LENGTH_MEASURE( 1.000000000000000082E-05 ), #1498, 'distance_accuracy_value', 'NONE');
#888 = CARTESIAN_POINT ( 'NONE',  ( -0.6746182703644879597, 0.1987043383279877007, 1.085381729635510384 ) ) ;
#889 = CARTESIAN_POINT ( 'NONE',  ( -1.199999999999998845, 0.3199999999999998401, -0.9650000000000036326 ) ) ;
#890 = AXIS2_PLACEMENT_3D ( 'NONE', #3135, #1159, #308 ) ;
#891 = COLOUR_RGB ( '',0.2509803921568627416, 0.2509803921568627416, 0.2509803921568627416 ) ;
#892 = DIRECTION ( 'NONE',  ( 6.123233995736766036E-17, -0.000000000000000000, 1.000000000000000000 ) ) ;
#893 = VERTEX_POINT ( 'NONE', #3708 ) ;
#894 = DIRECTION ( 'NONE',  ( -0.000000000000000000, -0.000000000000000000, 1.000000000000000000 ) ) ;
#895 = PRESENTATION_STYLE_ASSIGNMENT (( #264 ) ) ;
#896 = AXIS2_PLACEMENT_3D ( 'NONE', #1839, #1204, #217 ) ;
#897 = DIRECTION ( 'NONE',  ( -0.7071067811865536790, 0.000000000000000000, -0.7071067811865413555 ) ) ;
#898 =( LENGTH_UNIT ( ) NAMED_UNIT ( * ) SI_UNIT ( .MILLI., .METRE. ) );
#899 = EDGE_CURVE ( 'NONE', #355, #2755, #3666, .T. ) ;
#900 = ORIENTED_EDGE ( 'NONE', *, *, #1307, .F. ) ;
#901 = EDGE_CURVE ( 'NONE', #3087, #4007, #2097, .T. ) ;
#902 = SURFACE_SIDE_STYLE ('',( #269 ) ) ;
#903 = EDGE_CURVE ( 'NONE', #2370, #3113, #3739, .T. ) ;
#904 = DIRECTION ( 'NONE',  ( 0.000000000000000000, 1.000000000000000000, -0.000000000000000000 ) ) ;
#905 = FACE_OUTER_BOUND ( 'NONE', #2631, .T. ) ;
#906 = DIRECTION ( 'NONE',  ( 0.000000000000000000, 0.000000000000000000, -1.000000000000000000 ) ) ;
#907 = ORIENTED_EDGE ( 'NONE', *, *, #3825, .T. ) ;
#908 = ORIENTED_EDGE ( 'NONE', *, *, #1280, .T. ) ;
#909 = SURFACE_STYLE_USAGE ( .BOTH. , #3420 ) ;
#910 = ORIENTED_EDGE ( 'NONE', *, *, #2867, .T. ) ;
#911 = VECTOR ( 'NONE', #1336, 1000.000000000000000 ) ;
#912 = MANIFOLD_SOLID_BREP ( 'Cut-Extrude4[3]', #2689 ) ;
#913 = PLANE ( 'NONE',  #3923 ) ;
#914 = CIRCLE ( 'NONE', #2963, 0.5999999999999994227 ) ;
#915 = DIRECTION ( 'NONE',  ( 1.070816960479510155E-15, -0.000000000000000000, 1.000000000000000000 ) ) ;
#916 = CARTESIAN_POINT ( 'NONE',  ( -0.6746182703644885148, 0.1987043383279878117, -1.085381729635510162 ) ) ;
#917 = ORIENTED_EDGE ( 'NONE', *, *, #999, .T. ) ;
#918 = CARTESIAN_POINT ( 'NONE',  ( 0.7990210164573533502, 0.3772804881141934574, 1.005143120617072228 ) ) ;
#919 = CARTESIAN_POINT ( 'NONE',  ( -0.5599999999999973888, 0.1625653364986606730, -1.199999999999999734 ) ) ;
#920 = CARTESIAN_POINT ( 'NONE',  ( 1.125000000000000222, 0.1199999999999998845, -1.039999999999999591 ) ) ;
#921 = SURFACE_STYLE_USAGE ( .BOTH. , #939 ) ;
#922 = ORIENTED_EDGE ( 'NONE', *, *, #901, .T. ) ;
#923 = DIRECTION ( 'NONE',  ( -1.000000000000000000, 0.000000000000000000, 0.000000000000000000 ) ) ;
#924 = DIRECTION ( 'NONE',  ( 0.000000000000000000, 1.000000000000000000, -0.000000000000000000 ) ) ;
#925 = COLOUR_RGB ( '',0.2509803921568627416, 0.2509803921568627416, 0.2509803921568627416 ) ;
#926 = AXIS2_PLACEMENT_3D ( 'NONE', #59, #75, #649 ) ;
#927 =( NAMED_UNIT ( * ) PLANE_ANGLE_UNIT ( ) SI_UNIT ( $, .RADIAN. ) );
#928 = ORIENTED_EDGE ( 'NONE', *, *, #4148, .F. ) ;
#929 = STYLED_ITEM ( 'NONE', ( #1512 ), #2364 ) ;
#930 = FILL_AREA_STYLE ('',( #3237 ) ) ;
#931 = UNCERTAINTY_MEASURE_WITH_UNIT (LENGTH_MEASURE( 1.000000000000000082E-05 ), #3206, 'distance_accuracy_value', 'NONE');
#932 = LINE ( 'NONE', #3239, #1952 ) ;
#933 =( LENGTH_UNIT ( ) NAMED_UNIT ( * ) SI_UNIT ( .MILLI., .METRE. ) );
#934 = VERTEX_POINT ( 'NONE', #3368 ) ;
#935 = DIRECTION ( 'NONE',  ( -1.000000000000000000, 0.000000000000000000, -1.070816960479511339E-15 ) ) ;
#936 =( NAMED_UNIT ( * ) SI_UNIT ( $, .STERADIAN. ) SOLID_ANGLE_UNIT ( ) );
#937 = DIRECTION ( 'NONE',  ( -0.000000000000000000, 1.000000000000000000, -0.000000000000000000 ) ) ;
#938 = CARTESIAN_POINT ( 'NONE',  ( 0.000000000000000000, 0.3200000000000000622, -1.040000000000000036 ) ) ;
#939 = SURFACE_SIDE_STYLE ('',( #3884 ) ) ;
#940 = EDGE_LOOP ( 'NONE', ( #2997, #2812, #2126, #1742 ) ) ;
#941 = LINE ( 'NONE', #3170, #3636 ) ;
#942 = FACE_OUTER_BOUND ( 'NONE', #2159, .T. ) ;
#943 = CARTESIAN_POINT ( 'NONE',  ( -0.7199999999999995293, 1.199999999999999956, 1.039999999999999591 ) ) ;
#944 = DIRECTION ( 'NONE',  ( -0.9537169507482288200, 0.3007057995042671239, 0.000000000000000000 ) ) ;
#945 =( GEOMETRIC_REPRESENTATION_CONTEXT ( 3 ) GLOBAL_UNCERTAINTY_ASSIGNED_CONTEXT ( ( #3531 ) ) GLOBAL_UNIT_ASSIGNED_CONTEXT ( ( #3398, #3676, #1399 ) ) REPRESENTATION_CONTEXT ( 'NONE', 'WORKASPACE' ) );
#946 = AXIS2_PLACEMENT_3D ( 'NONE', #3492, #3731, #3091 ) ;
#947 = FACE_OUTER_BOUND ( 'NONE', #4204, .T. ) ;
#948 = EDGE_CURVE ( 'NONE', #4203, #4223, #2381, .T. ) ;
#949 = EDGE_CURVE ( 'NONE', #808, #3911, #425, .T. ) ;
#950 = LINE ( 'NONE', #2261, #3788 ) ;
#951 = COLOUR_RGB ( '',0.7294117647058823151, 0.3568627450980392246, 0.02352941176470588203 ) ;
#952 = SURFACE_STYLE_USAGE ( .BOTH. , #3243 ) ;
#953 = AXIS2_PLACEMENT_3D ( 'NONE', #4090, #2180, #3063 ) ;
#954 = DIRECTION ( 'NONE',  ( 0.000000000000000000, 0.000000000000000000, 1.000000000000000000 ) ) ;
#955 = AXIS2_PLACEMENT_3D ( 'NONE', #4108, #3925, #333 ) ;
#956 = VERTEX_POINT ( 'NONE', #4054 ) ;
#957 = SURFACE_SIDE_STYLE ('',( #2988 ) ) ;
#958 = CARTESIAN_POINT ( 'NONE',  ( 0.5599999999999980549, -1.626303258728256651E-16, 1.199999999999999734 ) ) ;
#959 = DIRECTION ( 'NONE',  ( 0.7071067811865511255, 0.000000000000000000, 0.7071067811865440200 ) ) ;
#960 = PRESENTATION_LAYER_ASSIGNMENT (  '', '', ( #1161 ) ) ;
#961 = DIRECTION ( 'NONE',  ( 0.000000000000000000, 0.000000000000000000, 1.000000000000000000 ) ) ;
#962 =( LENGTH_UNIT ( ) NAMED_UNIT ( * ) SI_UNIT ( .MILLI., .METRE. ) );
#963 = CARTESIAN_POINT ( 'NONE',  ( -1.025000000000000355, 0.1199999999999998845, -1.833392230628972941 ) ) ;
#964 = VERTEX_POINT ( 'NONE', #2704 ) ;
#965 = CARTESIAN_POINT ( 'NONE',  ( 1.025000000000002798, 0.1199999999999989964, 1.039999999999999591 ) ) ;
#966 =( GEOMETRIC_REPRESENTATION_CONTEXT ( 3 ) GLOBAL_UNCERTAINTY_ASSIGNED_CONTEXT ( ( #2028 ) ) GLOBAL_UNIT_ASSIGNED_CONTEXT ( ( #1275, #255, #3893 ) ) REPRESENTATION_CONTEXT ( 'NONE', 'WORKASPACE' ) );
#967 = SURFACE_STYLE_FILL_AREA ( #2382 ) ;
#968 = VERTEX_POINT ( 'NONE', #2439 ) ;
#969 = ADVANCED_FACE ( 'NONE', ( #485 ), #2744, .F. ) ;
#970 = ORIENTED_EDGE ( 'NONE', *, *, #4030, .T. ) ;
#971 = DIRECTION ( 'NONE',  ( 0.000000000000000000, 0.000000000000000000, -1.000000000000000000 ) ) ;
#972 =( NAMED_UNIT ( * ) SI_UNIT ( $, .STERADIAN. ) SOLID_ANGLE_UNIT ( ) );
#973 = ORIENTED_EDGE ( 'NONE', *, *, #2423, .T. ) ;
#974 = FILL_AREA_STYLE ('',( #1607 ) ) ;
#975 = EDGE_CURVE ( 'NONE', #99, #3545, #3530, .T. ) ;
#976 = DIRECTION ( 'NONE',  ( -1.000000000000000000, 0.000000000000000000, 0.000000000000000000 ) ) ;
#977 = ORIENTED_EDGE ( 'NONE', *, *, #2443, .T. ) ;
#978 = CARTESIAN_POINT ( 'NONE',  ( 0.7799999999999994715, 0.1199999999999998845, 1.039999999999999591 ) ) ;
#979 = ORIENTED_EDGE ( 'NONE', *, *, #214, .F. ) ;
#980 = EDGE_CURVE ( 'NONE', #2044, #3174, #3064, .T. ) ;
#981 = AXIS2_PLACEMENT_3D ( 'NONE', #4067, #1132, #1649 ) ;
#982 = EDGE_CURVE ( 'NONE', #2894, #1193, #3896, .T. ) ;
#983 = CARTESIAN_POINT ( 'NONE',  ( -0.4250000000000002665, 0.1199999999999998845, -1.199999999999999734 ) ) ;
#984 = ORIENTED_EDGE ( 'NONE', *, *, #1461, .T. ) ;
#985 = STYLED_ITEM ( 'NONE', ( #2598 ), #2990 ) ;
#986 = FACE_OUTER_BOUND ( 'NONE', #348, .T. ) ;
#987 = CARTESIAN_POINT ( 'NONE',  ( 0.000000000000000000, 0.1199999999999998845, 0.000000000000000000 ) ) ;
#988 = LINE ( 'NONE', #1972, #1231 ) ;
#989 = VECTOR ( 'NONE', #393, 1000.000000000000000 ) ;
#990 = CARTESIAN_POINT ( 'NONE',  ( 0.7799999999999994715, 0.3199999999999998401, 1.099999999999999645 ) ) ;
#991 = DIRECTION ( 'NONE',  ( -1.000000000000000000, -0.000000000000000000, -0.000000000000000000 ) ) ;
#992 = AXIS2_PLACEMENT_3D ( 'NONE', #102, #3364, #2763 ) ;
#993 = ORIENTED_EDGE ( 'NONE', *, *, #1750, .F. ) ;
#994 = ORIENTED_EDGE ( 'NONE', *, *, #1152, .T. ) ;
#995 = VECTOR ( 'NONE', #1221, 1000.000000000000000 ) ;
#996 = SURFACE_SIDE_STYLE ('',( #2037 ) ) ;
#997 = MECHANICAL_DESIGN_GEOMETRIC_PRESENTATION_REPRESENTATION (  '', ( #1531 ), #3035 ) ;
#998 = DIRECTION ( 'NONE',  ( 1.000000000000000000, 0.000000000000000000, 0.000000000000000000 ) ) ;
#999 = EDGE_CURVE ( 'NONE', #111, #3738, #2348, .T. ) ;
#1000 = VERTEX_POINT ( 'NONE', #1821 ) ;
#1001 = CARTESIAN_POINT ( 'NONE',  ( -0.7199999999999995293, 1.000000000000000000, -1.039999999999999591 ) ) ;
#1002 = ORIENTED_EDGE ( 'NONE', *, *, #2319, .F. ) ;
#1003 = UNCERTAINTY_MEASURE_WITH_UNIT (LENGTH_MEASURE( 1.000000000000000082E-05 ), #1559, 'distance_accuracy_value', 'NONE');
#1004 = FILL_AREA_STYLE_COLOUR ( '', #3241 ) ;
#1005 =( BOUNDED_CURVE ( )  B_SPLINE_CURVE ( 3, ( #2274, #3525, #2895, #2177 ),
 .UNSPECIFIED., .F., .F. ) 
 B_SPLINE_CURVE_WITH_KNOTS ( ( 4, 4 ),
 ( 4.733223821053340608, 5.017821599483691664 ),
 .UNSPECIFIED. ) 
 CURVE ( )  GEOMETRIC_REPRESENTATION_ITEM ( )  RATIONAL_B_SPLINE_CURVE ( ( 1.000000000000000000, 0.9932617238286202133, 0.9932617238286202133, 1.000000000000000000 ) ) 
 REPRESENTATION_ITEM ( '' )  );
#1006 = FACE_OUTER_BOUND ( 'NONE', #2981, .T. ) ;
#1007 = FILL_AREA_STYLE_COLOUR ( '', #3875 ) ;
#1008 = CARTESIAN_POINT ( 'NONE',  ( 0.7199999999999999734, 0.2028905576439351544, 1.040000000000000036 ) ) ;
#1009 = DIRECTION ( 'NONE',  ( 0.000000000000000000, -1.000000000000000000, 0.000000000000000000 ) ) ;
#1010 = ADVANCED_FACE ( 'NONE', ( #3141 ), #4149, .F. ) ;
#1011 = DIRECTION ( 'NONE',  ( -0.9537169507482290420, 0.3007057995042662912, -0.000000000000000000 ) ) ;
#1012 = ADVANCED_FACE ( 'NONE', ( #205 ), #504, .T. ) ;
#1013 = DIRECTION ( 'NONE',  ( -1.000000000000000000, -0.000000000000000000, -0.000000000000000000 ) ) ;
#1014 = ORIENTED_EDGE ( 'NONE', *, *, #3258, .F. ) ;
#1015 = CARTESIAN_POINT ( 'NONE',  ( -1.040000000000000924, 0.3200000000000000622, -0.6900000000000009459 ) ) ;
#1016 = DIRECTION ( 'NONE',  ( 0.000000000000000000, 1.000000000000000000, 0.000000000000000000 ) ) ;
#1017 = AXIS2_PLACEMENT_3D ( 'NONE', #2926, #3900, #1923 ) ;
#1018 = EDGE_CURVE ( 'NONE', #2425, #3643, #260, .T. ) ;
#1019 = FILL_AREA_STYLE_COLOUR ( '', #252 ) ;
#1020 = CARTESIAN_POINT ( 'NONE',  ( -0.8394205388758401165, 0.3283186272820278750, 1.034380816936774750 ) ) ;
#1021 = EDGE_LOOP ( 'NONE', ( #2501, #1537, #4047, #970 ) ) ;
#1022 = ORIENTED_EDGE ( 'NONE', *, *, #3459, .T. ) ;
#1023 = AXIS2_PLACEMENT_3D ( 'NONE', #365, #728, #1667 ) ;
#1024 =( NAMED_UNIT ( * ) PLANE_ANGLE_UNIT ( ) SI_UNIT ( $, .RADIAN. ) );
#1025 = CARTESIAN_POINT ( 'NONE',  ( 0.5599999999999980549, 0.3199999999999998401, 1.199999999999999734 ) ) ;
#1026 = SURFACE_STYLE_FILL_AREA ( #3909 ) ;
#1027 = AXIS2_PLACEMENT_3D ( 'NONE', #3103, #3166, #1462 ) ;
#1028 = FACE_OUTER_BOUND ( 'NONE', #3245, .T. ) ;
#1029 = PRESENTATION_STYLE_ASSIGNMENT (( #1337 ) ) ;
#1030 = AXIS2_PLACEMENT_3D ( 'NONE', #1296, #3914, #3594 ) ;
#1031 = FACE_OUTER_BOUND ( 'NONE', #234, .T. ) ;
#1032 = PRESENTATION_STYLE_ASSIGNMENT (( #3939 ) ) ;
#1033 = ADVANCED_FACE ( 'NONE', ( #546 ), #1854, .T. ) ;
#1034 = ADVANCED_FACE ( 'NONE', ( #2684 ), #1635, .T. ) ;
#1035 = ORIENTED_EDGE ( 'NONE', *, *, #2665, .F. ) ;
#1036 = CARTESIAN_POINT ( 'NONE',  ( -0.7199999999999995293, 1.199999999999999956, 1.039999999999999591 ) ) ;
#1037 = STYLED_ITEM ( 'NONE', ( #1893 ), #419 ) ;
#1038 = ADVANCED_FACE ( 'NONE', ( #2954 ), #3292, .F. ) ;
#1039 = LINE ( 'NONE', #476, #1725 ) ;
#1040 = ORIENTED_EDGE ( 'NONE', *, *, #2232, .F. ) ;
#1041 = CARTESIAN_POINT ( 'NONE',  ( 1.534368283772331143, 0.6600000000000000311, 0.6900000000000013900 ) ) ;
#1042 = ORIENTED_EDGE ( 'NONE', *, *, #1160, .F. ) ;
#1043 = UNCERTAINTY_MEASURE_WITH_UNIT (LENGTH_MEASURE( 1.000000000000000082E-05 ), #933, 'distance_accuracy_value', 'NONE');
#1044 =( LENGTH_UNIT ( ) NAMED_UNIT ( * ) SI_UNIT ( .MILLI., .METRE. ) );
#1045 = SURFACE_STYLE_FILL_AREA ( #81 ) ;
#1046 =( LENGTH_UNIT ( ) NAMED_UNIT ( * ) SI_UNIT ( .MILLI., .METRE. ) );
#1047 =( NAMED_UNIT ( * ) SI_UNIT ( $, .STERADIAN. ) SOLID_ANGLE_UNIT ( ) );
#1048 = CARTESIAN_POINT ( 'NONE',  ( -0.8273300688608906661, 0.3574020557872114034, 1.016235987916384920 ) ) ;
#1049 = AXIS2_PLACEMENT_3D ( 'NONE', #1663, #3629, #704 ) ;
#1050 = FILL_AREA_STYLE_COLOUR ( '', #1593 ) ;
#1051 =( NAMED_UNIT ( * ) SI_UNIT ( $, .STERADIAN. ) SOLID_ANGLE_UNIT ( ) );
#1052 = EDGE_LOOP ( 'NONE', ( #394, #789, #1730, #3164 ) ) ;
#1053 = COLOUR_RGB ( '',0.2509803921568627416, 0.2509803921568627416, 0.2509803921568627416 ) ;
#1054 = COLOUR_RGB ( '',0.7294117647058823151, 0.3568627450980392246, 0.02352941176470588203 ) ;
#1055 = PRESENTATION_LAYER_ASSIGNMENT (  '', '', ( #2575 ) ) ;
#1056 = VECTOR ( 'NONE', #3026, 1000.000000000000000 ) ;
#1057 = LINE ( 'NONE', #3360, #2245 ) ;
#1058 = UNCERTAINTY_MEASURE_WITH_UNIT (LENGTH_MEASURE( 1.000000000000000082E-05 ), #1143, 'distance_accuracy_value', 'NONE');
#1059 = UNCERTAINTY_MEASURE_WITH_UNIT (LENGTH_MEASURE( 1.000000000000000082E-05 ), #4107, 'distance_accuracy_value', 'NONE');
#1060 = EDGE_CURVE ( 'NONE', #3545, #77, #2298, .T. ) ;
#1061 = STYLED_ITEM ( 'NONE', ( #3639 ), #4176 ) ;
#1062 = ORIENTED_EDGE ( 'NONE', *, *, #582, .T. ) ;
#1063 = FILL_AREA_STYLE_COLOUR ( '', #3432 ) ;
#1064 = ORIENTED_EDGE ( 'NONE', *, *, #629, .T. ) ;
#1065 = CARTESIAN_POINT ( 'NONE',  ( 0.7250000000000004219, 0.4349999999999997202, 1.040000000000000036 ) ) ;
#1066 = EDGE_CURVE ( 'NONE', #4144, #12, #2398, .T. ) ;
#1067 = LINE ( 'NONE', #3291, #1628 ) ;
#1068 = CARTESIAN_POINT ( 'NONE',  ( 1.024999999999999911, 0.1199999999999998845, -1.833392230628972941 ) ) ;
#1069 = CARTESIAN_POINT ( 'NONE',  ( -1.124999999999999334, 0.1199999999999998845, -1.039999999999999591 ) ) ;
#1070 = ORIENTED_EDGE ( 'NONE', *, *, #527, .T. ) ;
#1071 =( NAMED_UNIT ( * ) PLANE_ANGLE_UNIT ( ) SI_UNIT ( $, .RADIAN. ) );
#1072 =( NAMED_UNIT ( * ) SI_UNIT ( $, .STERADIAN. ) SOLID_ANGLE_UNIT ( ) );
#1073 = CYLINDRICAL_SURFACE ( 'NONE', #3377, 0.05999999999999994227 ) ;
#1074 = VERTEX_POINT ( 'NONE', #724 ) ;
#1075 = DIRECTION ( 'NONE',  ( 0.000000000000000000, 1.000000000000000000, 0.000000000000000000 ) ) ;
#1076 = FACE_OUTER_BOUND ( 'NONE', #2344, .T. ) ;
#1077 = SURFACE_STYLE_USAGE ( .BOTH. , #4005 ) ;
#1078 = ADVANCED_FACE ( 'NONE', ( #1429 ), #1343, .F. ) ;
#1079 = STYLED_ITEM ( 'NONE', ( #4167 ), #1010 ) ;
#1080 = ADVANCED_FACE ( 'NONE', ( #2477 ), #1102, .T. ) ;
#1081 = EDGE_CURVE ( 'NONE', #3802, #1765, #1085, .T. ) ;
#1082 = ORIENTED_EDGE ( 'NONE', *, *, #2690, .F. ) ;
#1083 = CYLINDRICAL_SURFACE ( 'NONE', #315, 0.2400000000000000466 ) ;
#1084 = DIRECTION ( 'NONE',  ( 1.000000000000000000, 0.000000000000000000, 0.000000000000000000 ) ) ;
#1085 = LINE ( 'NONE', #3349, #2806 ) ;
#1086 = CARTESIAN_POINT ( 'NONE',  ( -0.5536073574086941562, 0.1605497440318866265, -1.206392642591302744 ) ) ;
#1087 = SURFACE_STYLE_FILL_AREA ( #824 ) ;
#1088 = ORIENTED_EDGE ( 'NONE', *, *, #2922, .F. ) ;
#1089 = MECHANICAL_DESIGN_GEOMETRIC_PRESENTATION_REPRESENTATION (  '', ( #1981 ), #4095 ) ;
#1090 = CARTESIAN_POINT ( 'NONE',  ( 0.7199999999999999734, 1.000000000000000000, 1.040000000000000036 ) ) ;
#1091 = FILL_AREA_STYLE ('',( #3059 ) ) ;
#1092 = VERTEX_POINT ( 'NONE', #1711 ) ;
#1093 = VECTOR ( 'NONE', #1827, 1000.000000000000000 ) ;
#1094 = PRESENTATION_LAYER_ASSIGNMENT (  '', '', ( #2946 ) ) ;
#1095 = LINE ( 'NONE', #792, #1688 ) ;
#1096 = CIRCLE ( 'NONE', #1422, 0.5999999999999998668 ) ;
#1097 = DIRECTION ( 'NONE',  ( -1.000000000000000000, 0.000000000000000000, 1.070816960479510155E-15 ) ) ;
#1098 = UNCERTAINTY_MEASURE_WITH_UNIT (LENGTH_MEASURE( 1.000000000000000082E-05 ), #3642, 'distance_accuracy_value', 'NONE');
#1099 = CARTESIAN_POINT ( 'NONE',  ( -0.7218031831833849887, 0.3370851812012334858, 1.028586080075245324 ) ) ;
#1100 = CARTESIAN_POINT ( 'NONE',  ( 0.5599999999999980549, 1.000000000000000000, 1.199999999999999734 ) ) ;
#1101 = DIRECTION ( 'NONE',  ( -1.000000000000000000, -0.000000000000000000, -0.000000000000000000 ) ) ;
#1102 = CYLINDRICAL_SURFACE ( 'NONE', #3066, 0.05999999999999994227 ) ;
#1103 = CARTESIAN_POINT ( 'NONE',  ( -0.8399999999999991918, 0.3199999999999998401, 0.8899999999999996803 ) ) ;
#1104 = SURFACE_SIDE_STYLE ('',( #4013 ) ) ;
#1105 = EDGE_LOOP ( 'NONE', ( #1653, #2519, #2574, #3987 ) ) ;
#1106 = DIRECTION ( 'NONE',  ( -2.085004177856739315E-16, 0.000000000000000000, 1.000000000000000000 ) ) ;
#1107 = CARTESIAN_POINT ( 'NONE',  ( -1.124999999999999334, 0.3199999999999998401, -1.039999999999999591 ) ) ;
#1108 = CARTESIAN_POINT ( 'NONE',  ( -0.5599999999999973888, 0.03250776405003881486, -1.199999999999999734 ) ) ;
#1109 = DIRECTION ( 'NONE',  ( 0.000000000000000000, 1.000000000000000000, 0.000000000000000000 ) ) ;
#1110 = VERTEX_POINT ( 'NONE', #1404 ) ;
#1111 = AXIS2_PLACEMENT_3D ( 'NONE', #2125, #2709, #3669 ) ;
#1112 = CIRCLE ( 'NONE', #3846, 0.2400000000000000466 ) ;
#1113 = AXIS2_PLACEMENT_3D ( 'NONE', #841, #3158, #2901 ) ;
#1114 =( NAMED_UNIT ( * ) SI_UNIT ( $, .STERADIAN. ) SOLID_ANGLE_UNIT ( ) );
#1115 = EDGE_CURVE ( 'NONE', #1000, #228, #122, .T. ) ;
#1116 = VERTEX_POINT ( 'NONE', #2723 ) ;
#1117 = DIRECTION ( 'NONE',  ( 0.000000000000000000, 1.000000000000000000, -0.000000000000000000 ) ) ;
#1118 = DIRECTION ( 'NONE',  ( 0.000000000000000000, 0.000000000000000000, 1.000000000000000000 ) ) ;
#1119 = PRESENTATION_STYLE_ASSIGNMENT (( #1449 ) ) ;
#1120 = STYLED_ITEM ( 'NONE', ( #351 ), #2115 ) ;
#1121 = CARTESIAN_POINT ( 'NONE',  ( -1.050000000000000488, 1.199999999999999956, -1.040000000000000036 ) ) ;
#1122 = COLOUR_RGB ( '',0.7921568627450980005, 0.8196078431372548767, 0.9333333333333333481 ) ;
#1123 = DIRECTION ( 'NONE',  ( 0.000000000000000000, 0.000000000000000000, 1.000000000000000000 ) ) ;
#1124 = VECTOR ( 'NONE', #897, 1000.000000000000114 ) ;
#1125 = ORIENTED_EDGE ( 'NONE', *, *, #2739, .F. ) ;
#1126 = SURFACE_STYLE_USAGE ( .BOTH. , #3714 ) ;
#1127 = DIRECTION ( 'NONE',  ( 1.000000000000000000, 0.000000000000000000, 3.097720492815736040E-16 ) ) ;
#1128 = CARTESIAN_POINT ( 'NONE',  ( 1.199999999999999734, 0.1199999999999998845, -0.9650000000000040767 ) ) ;
#1129 = SURFACE_STYLE_FILL_AREA ( #1810 ) ;
#1130 = EDGE_CURVE ( 'NONE', #1957, #1817, #3684, .T. ) ;
#1131 = VERTEX_POINT ( 'NONE', #779 ) ;
#1132 = DIRECTION ( 'NONE',  ( 0.000000000000000000, 0.000000000000000000, 1.000000000000000000 ) ) ;
#1133 = ADVANCED_FACE ( 'NONE', ( #3428 ), #1803, .T. ) ;
#1134 = SURFACE_SIDE_STYLE ('',( #4069 ) ) ;
#1135 = ORIENTED_EDGE ( 'NONE', *, *, #1183, .F. ) ;
#1136 = EDGE_LOOP ( 'NONE', ( #1397, #2844, #855, #291, #3185, #1612 ) ) ;
#1137 = ORIENTED_EDGE ( 'NONE', *, *, #2231, .F. ) ;
#1138 = SURFACE_STYLE_USAGE ( .BOTH. , #4048 ) ;
#1139 =( NAMED_UNIT ( * ) PLANE_ANGLE_UNIT ( ) SI_UNIT ( $, .RADIAN. ) );
#1140 = CARTESIAN_POINT ( 'NONE',  ( -0.6900000000000013900, 1.000000000000000000, 1.040000000000000924 ) ) ;
#1141 = AXIS2_PLACEMENT_3D ( 'NONE', #3161, #67, #3953 ) ;
#1142 = ORIENTED_EDGE ( 'NONE', *, *, #715, .T. ) ;
#1143 =( LENGTH_UNIT ( ) NAMED_UNIT ( * ) SI_UNIT ( .MILLI., .METRE. ) );
#1144 = CARTESIAN_POINT ( 'NONE',  ( -0.6528306081189763077, 0.1918347148094735333, -1.833392230628972941 ) ) ;
#1145 = CARTESIAN_POINT ( 'NONE',  ( -1.199999999999998845, 0.1199999999999998845, 0.9650000000000036326 ) ) ;
#1146 =( NAMED_UNIT ( * ) PLANE_ANGLE_UNIT ( ) SI_UNIT ( $, .RADIAN. ) );
#1147 = LINE ( 'NONE', #2728, #1487 ) ;
#1148 = VECTOR ( 'NONE', #1723, 1000.000000000000000 ) ;
#1149 = VERTEX_POINT ( 'NONE', #518 ) ;
#1150 = ORIENTED_EDGE ( 'NONE', *, *, #231, .F. ) ;
#1151 = DIRECTION ( 'NONE',  ( -1.000000000000000000, -0.000000000000000000, -0.000000000000000000 ) ) ;
#1152 = EDGE_CURVE ( 'NONE', #560, #2003, #1685, .T. ) ;
#1153 = DIRECTION ( 'NONE',  ( -1.000000000000000000, 0.000000000000000000, 0.000000000000000000 ) ) ;
#1154 = EDGE_CURVE ( 'NONE', #2151, #262, #2088, .T. ) ;
#1155 = VECTOR ( 'NONE', #517, 1000.000000000000114 ) ;
#1156 = VECTOR ( 'NONE', #106, 1000.000000000000000 ) ;
#1157 = CIRCLE ( 'NONE', #2209, 0.5999999999999998668 ) ;
#1158 = ORIENTED_EDGE ( 'NONE', *, *, #765, .T. ) ;
#1159 = DIRECTION ( 'NONE',  ( 0.000000000000000000, 0.000000000000000000, 1.000000000000000000 ) ) ;
#1160 = EDGE_CURVE ( 'NONE', #2284, #1447, #2063, .T. ) ;
#1161 = STYLED_ITEM ( 'NONE', ( #361 ), #1708 ) ;
#1162 = COLOUR_RGB ( '',0.7294117647058823151, 0.3568627450980392246, 0.02352941176470588203 ) ;
#1163 = ORIENTED_EDGE ( 'NONE', *, *, #629, .F. ) ;
#1164 =( LENGTH_UNIT ( ) NAMED_UNIT ( * ) SI_UNIT ( .MILLI., .METRE. ) );
#1165 =( NAMED_UNIT ( * ) SI_UNIT ( $, .STERADIAN. ) SOLID_ANGLE_UNIT ( ) );
#1166 = PRESENTATION_STYLE_ASSIGNMENT (( #588 ) ) ;
#1167 = DIRECTION ( 'NONE',  ( -1.000000000000000000, 0.000000000000000000, 0.000000000000000000 ) ) ;
#1168 = CARTESIAN_POINT ( 'NONE',  ( 0.7733891208922748506, 0.3799418225564705209, 1.003737081678634180 ) ) ;
#1169 = CARTESIAN_POINT ( 'NONE',  ( 0.6900000000000013900, 1.000000000000000000, -0.6900000000000009459 ) ) ;
#1170 = CARTESIAN_POINT ( 'NONE',  ( -0.7800000000000003597, 0.3199999999999998401, 1.039999999999999591 ) ) ;
#1171 = EDGE_CURVE ( 'NONE', #934, #1615, #1095, .T. ) ;
#1172 = EDGE_LOOP ( 'NONE', ( #1014, #2467, #3265, #1478 ) ) ;
#1173 = ORIENTED_EDGE ( 'NONE', *, *, #1883, .T. ) ;
#1174 = CARTESIAN_POINT ( 'NONE',  ( -0.6109577017862927173, 0.01161786843529679682, -1.149042298213705404 ) ) ;
#1175 = DIRECTION ( 'NONE',  ( -0.7071067811865638930, 0.000000000000000000, 0.7071067811865311414 ) ) ;
#1176 = FACE_OUTER_BOUND ( 'NONE', #1543, .T. ) ;
#1177 = PLANE ( 'NONE',  #1197 ) ;
#1178 = SURFACE_STYLE_USAGE ( .BOTH. , #536 ) ;
#1179 = ORIENTED_EDGE ( 'NONE', *, *, #1171, .T. ) ;
#1180 = VERTEX_POINT ( 'NONE', #2429 ) ;
#1181 = CIRCLE ( 'NONE', #4045, 0.5999999999999998668 ) ;
#1182 = CARTESIAN_POINT ( 'NONE',  ( 0.7200000000000007505, 0.3199999999999998401, 1.039999999999999591 ) ) ;
#1183 = EDGE_CURVE ( 'NONE', #499, #672, #133, .T. ) ;
#1184 = ORIENTED_EDGE ( 'NONE', *, *, #2372, .T. ) ;
#1185 = AXIS2_PLACEMENT_3D ( 'NONE', #2813, #3859, #3205 ) ;
#1186 = CARTESIAN_POINT ( 'NONE',  ( 0.9343682837723310541, 0.6600000000000000311, 0.6900000000000013900 ) ) ;
#1187 = CARTESIAN_POINT ( 'NONE',  ( 0.7971693918810245361, 0.1918347148094735333, -1.040000000000000036 ) ) ;
#1188 = DIRECTION ( 'NONE',  ( 0.000000000000000000, 0.000000000000000000, 1.000000000000000000 ) ) ;
#1189 = VECTOR ( 'NONE', #4188, 999.9999999999998863 ) ;
#1190 =( NAMED_UNIT ( * ) SI_UNIT ( $, .STERADIAN. ) SOLID_ANGLE_UNIT ( ) );
#1191 = FILL_AREA_STYLE ('',( #1501 ) ) ;
#1192 = PRESENTATION_LAYER_ASSIGNMENT (  '', '', ( #1874 ) ) ;
#1193 = VERTEX_POINT ( 'NONE', #452 ) ;
#1194 = AXIS2_PLACEMENT_3D ( 'NONE', #3943, #1935, #1361 ) ;
#1195 = CARTESIAN_POINT ( 'NONE',  ( 0.8399999999999986366, 0.3283804487652371429, 1.034236376657422518 ) ) ;
#1196 = PRESENTATION_STYLE_ASSIGNMENT (( #245 ) ) ;
#1197 = AXIS2_PLACEMENT_3D ( 'NONE', #4159, #1222, #3829 ) ;
#1198 = PLANE ( 'NONE',  #2389 ) ;
#1199 = FILL_AREA_STYLE ('',( #3844 ) ) ;
#1200 = ORIENTED_EDGE ( 'NONE', *, *, #2865, .F. ) ;
#1201 = VERTEX_POINT ( 'NONE', #472 ) ;
#1202 =( NAMED_UNIT ( * ) SI_UNIT ( $, .STERADIAN. ) SOLID_ANGLE_UNIT ( ) );
#1203 = PRESENTATION_STYLE_ASSIGNMENT (( #1510 ) ) ;
#1204 = DIRECTION ( 'NONE',  ( 1.070816960479511339E-15, -0.000000000000000000, -1.000000000000000000 ) ) ;
#1205 =( LENGTH_UNIT ( ) NAMED_UNIT ( * ) SI_UNIT ( .MILLI., .METRE. ) );
#1206 = DIRECTION ( 'NONE',  ( -1.000000000000000000, 0.000000000000000000, 6.123233995736766036E-17 ) ) ;
#1207 = CARTESIAN_POINT ( 'NONE',  ( 0.000000000000000000, 1.199999999999999956, 0.000000000000000000 ) ) ;
#1208 = EDGE_CURVE ( 'NONE', #825, #1640, #1770, .T. ) ;
#1209 = ADVANCED_FACE ( 'NONE', ( #360 ), #2623, .F. ) ;
#1210 = DIRECTION ( 'NONE',  ( 0.000000000000000000, 0.000000000000000000, 1.000000000000000000 ) ) ;
#1211 = EDGE_CURVE ( 'NONE', #2277, #773, #2199, .T. ) ;
#1212 = CARTESIAN_POINT ( 'NONE',  ( 0.6649302770410446817, 0.0006617637212098276440, 1.095069722958954106 ) ) ;
#1213 = ORIENTED_EDGE ( 'NONE', *, *, #2258, .T. ) ;
#1214 = CARTESIAN_POINT ( 'NONE',  ( 0.7457752211733561509, 0.3696433353858749049, 1.009293193023740098 ) ) ;
#1215 =( NAMED_UNIT ( * ) SI_UNIT ( $, .STERADIAN. ) SOLID_ANGLE_UNIT ( ) );
#1216 = DIRECTION ( 'NONE',  ( -1.000000000000000000, -0.000000000000000000, -0.000000000000000000 ) ) ;
#1217 = ORIENTED_EDGE ( 'NONE', *, *, #88, .T. ) ;
#1218 = STYLED_ITEM ( 'NONE', ( #3350 ), #912 ) ;
#1219 = CARTESIAN_POINT ( 'NONE',  ( -0.7199999999999995293, 0.2028905576439351821, 1.039999999999999591 ) ) ;
#1220 = ADVANCED_FACE ( 'NONE', ( #1677 ), #83, .T. ) ;
#1221 = DIRECTION ( 'NONE',  ( 0.000000000000000000, 1.000000000000000000, 0.000000000000000000 ) ) ;
#1222 = DIRECTION ( 'NONE',  ( -0.000000000000000000, 1.000000000000000000, 0.000000000000000000 ) ) ;
#1223 = CARTESIAN_POINT ( 'NONE',  ( -0.7200000000000007505, 0.3199999999999998401, 0.8899999999999996803 ) ) ;
#1224 = VERTEX_POINT ( 'NONE', #1297 ) ;
#1225 = MECHANICAL_DESIGN_GEOMETRIC_PRESENTATION_REPRESENTATION (  '', ( #744 ), #886 ) ;
#1226 = PRESENTATION_LAYER_ASSIGNMENT (  '', '', ( #3072 ) ) ;
#1227 = ORIENTED_EDGE ( 'NONE', *, *, #715, .F. ) ;
#1228 = UNCERTAINTY_MEASURE_WITH_UNIT (LENGTH_MEASURE( 1.000000000000000082E-05 ), #2031, 'distance_accuracy_value', 'NONE');
#1229 = STYLED_ITEM ( 'NONE', ( #1680 ), #1700 ) ;
#1230 = DIRECTION ( 'NONE',  ( -1.000000000000000000, 0.000000000000000000, -0.000000000000000000 ) ) ;
#1231 = VECTOR ( 'NONE', #3549, 1000.000000000000000 ) ;
#1232 = FILL_AREA_STYLE ('',( #3183 ) ) ;
#1233 = MECHANICAL_DESIGN_GEOMETRIC_PRESENTATION_REPRESENTATION (  '', ( #2682 ), #2492 ) ;
#1234 = DIRECTION ( 'NONE',  ( 0.000000000000000000, 0.000000000000000000, -1.000000000000000000 ) ) ;
#1235 = ORIENTED_EDGE ( 'NONE', *, *, #2645, .F. ) ;
#1236 = CARTESIAN_POINT ( 'NONE',  ( 0.7326699311391082770, 0.3574020557872114034, 1.016235987916384920 ) ) ;
#1237 = CARTESIAN_POINT ( 'NONE',  ( -1.199999999999998845, 0.3199999999999998401, 0.9343682837723317203 ) ) ;
#1238 = LINE ( 'NONE', #2892, #515 ) ;
#1239 = CARTESIAN_POINT ( 'NONE',  ( 0.000000000000000000, 0.6600000000000000311, -0.9343682837723310541 ) ) ;
#1240 = ORIENTED_EDGE ( 'NONE', *, *, #679, .T. ) ;
#1241 = FACE_OUTER_BOUND ( 'NONE', #1359, .T. ) ;
#1242 = DIRECTION ( 'NONE',  ( 1.000000000000000000, 0.000000000000000000, 0.000000000000000000 ) ) ;
#1243 = SURFACE_STYLE_USAGE ( .BOTH. , #1299 ) ;
#1244 = ORIENTED_EDGE ( 'NONE', *, *, #520, .T. ) ;
#1245 = PRESENTATION_LAYER_ASSIGNMENT (  '', '', ( #2764 ) ) ;
#1246 = AXIS2_PLACEMENT_3D ( 'NONE', #796, #1118, #1780 ) ;
#1247 = FILL_AREA_STYLE_COLOUR ( '', #498 ) ;
#1248 = ORIENTED_EDGE ( 'NONE', *, *, #1308, .F. ) ;
#1249 = AXIS2_PLACEMENT_3D ( 'NONE', #646, #2142, #2808 ) ;
#1250 = CARTESIAN_POINT ( 'NONE',  ( 2.053489347261345799, 0.6334607188938161659, -0.2934893472613256948 ) ) ;
#1251 = STYLED_ITEM ( 'NONE', ( #2628 ), #3394 ) ;
#1252 = VERTEX_POINT ( 'NONE', #72 ) ;
#1253 = CIRCLE ( 'NONE', #3647, 0.5999999999999998668 ) ;
#1254 = PLANE ( 'NONE',  #2634 ) ;
#1255 = DIRECTION ( 'NONE',  ( 0.000000000000000000, 1.000000000000000000, -0.000000000000000000 ) ) ;
#1256 =( NAMED_UNIT ( * ) SI_UNIT ( $, .STERADIAN. ) SOLID_ANGLE_UNIT ( ) );
#1257 =( GEOMETRIC_REPRESENTATION_CONTEXT ( 3 ) GLOBAL_UNCERTAINTY_ASSIGNED_CONTEXT ( ( #1288 ) ) GLOBAL_UNIT_ASSIGNED_CONTEXT ( ( #883, #3131, #556 ) ) REPRESENTATION_CONTEXT ( 'NONE', 'WORKASPACE' ) );
#1258 = DIRECTION ( 'NONE',  ( 1.000000000000000000, 0.000000000000000000, 0.000000000000000000 ) ) ;
#1259 = ADVANCED_FACE ( 'NONE', ( #1031 ), #408, .F. ) ;
#1260 = EDGE_CURVE ( 'NONE', #1615, #3208, #2649, .T. ) ;
#1261 = VERTEX_POINT ( 'NONE', #2795 ) ;
#1262 = COLOUR_RGB ( '',0.2509803921568627416, 0.2509803921568627416, 0.2509803921568627416 ) ;
#1263 = SURFACE_SIDE_STYLE ('',( #2654 ) ) ;
#1264 = UNCERTAINTY_MEASURE_WITH_UNIT (LENGTH_MEASURE( 1.000000000000000082E-05 ), #1727, 'distance_accuracy_value', 'NONE');
#1265 = PRESENTATION_STYLE_ASSIGNMENT (( #1912 ) ) ;
#1266 = ORIENTED_EDGE ( 'NONE', *, *, #1490, .F. ) ;
#1267 =( NAMED_UNIT ( * ) SI_UNIT ( $, .STERADIAN. ) SOLID_ANGLE_UNIT ( ) );
#1268 = ORIENTED_EDGE ( 'NONE', *, *, #1171, .F. ) ;
#1269 = LINE ( 'NONE', #2601, #1286 ) ;
#1270 = CARTESIAN_POINT ( 'NONE',  ( 0.7250000000000004219, -0.03705735337010138825, 1.040000000000000036 ) ) ;
#1271 =( NAMED_UNIT ( * ) SI_UNIT ( $, .STERADIAN. ) SOLID_ANGLE_UNIT ( ) );
#1272 = ADVANCED_FACE ( 'NONE', ( #2402 ), #3057, .F. ) ;
#1273 = EDGE_LOOP ( 'NONE', ( #335, #3155, #281, #3854 ) ) ;
#1274 = DIRECTION ( 'NONE',  ( 0.000000000000000000, -1.000000000000000000, 0.000000000000000000 ) ) ;
#1275 =( LENGTH_UNIT ( ) NAMED_UNIT ( * ) SI_UNIT ( .MILLI., .METRE. ) );
#1276 = EDGE_LOOP ( 'NONE', ( #1743, #1163, #2138, #4219 ) ) ;
#1277 = ORIENTED_EDGE ( 'NONE', *, *, #948, .T. ) ;
#1278 =( NAMED_UNIT ( * ) SI_UNIT ( $, .STERADIAN. ) SOLID_ANGLE_UNIT ( ) );
#1279 = VECTOR ( 'NONE', #1123, 1000.000000000000000 ) ;
#1280 = EDGE_CURVE ( 'NONE', #2238, #3121, #1859, .T. ) ;
#1281 = FILL_AREA_STYLE ('',( #2335 ) ) ;
#1282 = ORIENTED_EDGE ( 'NONE', *, *, #582, .F. ) ;
#1283 = EDGE_CURVE ( 'NONE', #964, #111, #669, .T. ) ;
#1284 = PRESENTATION_STYLE_ASSIGNMENT (( #4 ) ) ;
#1285 = STYLED_ITEM ( 'NONE', ( #1482 ), #1636 ) ;
#1286 = VECTOR ( 'NONE', #959, 999.9999999999998863 ) ;
#1287 = EDGE_LOOP ( 'NONE', ( #2918, #790, #4040, #3942 ) ) ;
#1288 = UNCERTAINTY_MEASURE_WITH_UNIT (LENGTH_MEASURE( 1.000000000000000082E-05 ), #883, 'distance_accuracy_value', 'NONE');
#1289 = CARTESIAN_POINT ( 'NONE',  ( 0.7200000000000004174, 0.2028905576439351821, -1.040000000000000036 ) ) ;
#1290 = CARTESIAN_POINT ( 'NONE',  ( 0.7199999999999999734, 1.000000000000000000, 1.040000000000000036 ) ) ;
#1291 = MECHANICAL_DESIGN_GEOMETRIC_PRESENTATION_REPRESENTATION (  '', ( #2946 ), #1896 ) ;
#1292 = ORIENTED_EDGE ( 'NONE', *, *, #6, .F. ) ;
#1293 = SURFACE_SIDE_STYLE ('',( #1597 ) ) ;
#1294 = STYLED_ITEM ( 'NONE', ( #2512 ), #2081 ) ;
#1295 = SURFACE_STYLE_USAGE ( .BOTH. , #1665 ) ;
#1296 = CARTESIAN_POINT ( 'NONE',  ( 0.000000000000000000, 0.6600000000000000311, -1.534368283772330699 ) ) ;
#1297 = CARTESIAN_POINT ( 'NONE',  ( 0.7971693918810245361, 0.1918347148094735333, 1.040000000000000036 ) ) ;
#1298 = DIRECTION ( 'NONE',  ( 0.000000000000000000, 1.000000000000000000, 0.000000000000000000 ) ) ;
#1299 = SURFACE_SIDE_STYLE ('',( #2230 ) ) ;
#1300 = ORIENTED_EDGE ( 'NONE', *, *, #2113, .T. ) ;
#1301 = ORIENTED_EDGE ( 'NONE', *, *, #2039, .T. ) ;
#1302 = DIRECTION ( 'NONE',  ( 0.000000000000000000, 1.000000000000000000, 0.000000000000000000 ) ) ;
#1303 = DIRECTION ( 'NONE',  ( -1.000000000000000000, 0.000000000000000000, 0.000000000000000000 ) ) ;
#1304 = ORIENTED_EDGE ( 'NONE', *, *, #2518, .T. ) ;
#1305 = CIRCLE ( 'NONE', #359, 0.3499999999999989786 ) ;
#1306 = CARTESIAN_POINT ( 'NONE',  ( -0.7250000000000004219, 0.4349999999999997202, 1.199999999999999734 ) ) ;
#1307 = EDGE_CURVE ( 'NONE', #12, #3721, #875, .T. ) ;
#1308 = EDGE_CURVE ( 'NONE', #1901, #173, #2874, .T. ) ;
#1309 = ORIENTED_EDGE ( 'NONE', *, *, #632, .T. ) ;
#1310 = PLANE ( 'NONE',  #3699 ) ;
#1311 = ORIENTED_EDGE ( 'NONE', *, *, #2965, .F. ) ;
#1312 = DIRECTION ( 'NONE',  ( 0.000000000000000000, 0.000000000000000000, 1.000000000000000000 ) ) ;
#1313 =( GEOMETRIC_REPRESENTATION_CONTEXT ( 3 ) GLOBAL_UNCERTAINTY_ASSIGNED_CONTEXT ( ( #1630 ) ) GLOBAL_UNIT_ASSIGNED_CONTEXT ( ( #4129, #1529, #1856 ) ) REPRESENTATION_CONTEXT ( 'NONE', 'WORKASPACE' ) );
#1314 = SURFACE_STYLE_USAGE ( .BOTH. , #2380 ) ;
#1315 = DIRECTION ( 'NONE',  ( 0.7071067811865422437, -0.000000000000000000, 0.7071067811865527908 ) ) ;
#1316 = ORIENTED_EDGE ( 'NONE', *, *, #814, .F. ) ;
#1317 = VECTOR ( 'NONE', #971, 1000.000000000000000 ) ;
#1318 = LINE ( 'NONE', #636, #300 ) ;
#1319 = VECTOR ( 'NONE', #3453, 1000.000000000000000 ) ;
#1320 =( GEOMETRIC_REPRESENTATION_CONTEXT ( 3 ) GLOBAL_UNCERTAINTY_ASSIGNED_CONTEXT ( ( #417 ) ) GLOBAL_UNIT_ASSIGNED_CONTEXT ( ( #2960, #2653, #689 ) ) REPRESENTATION_CONTEXT ( 'NONE', 'WORKASPACE' ) );
#1321 = PRESENTATION_STYLE_ASSIGNMENT (( #367 ) ) ;
#1322 = COLOUR_RGB ( '',0.2509803921568627416, 0.2509803921568627416, 0.2509803921568627416 ) ;
#1323 = COLOUR_RGB ( '',0.2509803921568627416, 0.2509803921568627416, 0.2509803921568627416 ) ;
#1324 = FACE_OUTER_BOUND ( 'NONE', #1549, .T. ) ;
#1325 =( GEOMETRIC_REPRESENTATION_CONTEXT ( 3 ) GLOBAL_UNCERTAINTY_ASSIGNED_CONTEXT ( ( #2040 ) ) GLOBAL_UNIT_ASSIGNED_CONTEXT ( ( #96, #717, #2022 ) ) REPRESENTATION_CONTEXT ( 'NONE', 'WORKASPACE' ) );
#1326 = CIRCLE ( 'NONE', #3512, 0.5999999999999996447 ) ;
#1327 =( NAMED_UNIT ( * ) PLANE_ANGLE_UNIT ( ) SI_UNIT ( $, .RADIAN. ) );
#1328 = ORIENTED_EDGE ( 'NONE', *, *, #134, .T. ) ;
#1329 = UNCERTAINTY_MEASURE_WITH_UNIT (LENGTH_MEASURE( 1.000000000000000082E-05 ), #3552, 'distance_accuracy_value', 'NONE');
#1330 = EDGE_CURVE ( 'NONE', #3019, #1915, #13, .T. ) ;
#1331 = CARTESIAN_POINT ( 'NONE',  ( 1.050000000000001377, 1.000000000000000000, -1.040000000000000480 ) ) ;
#1332 = EDGE_CURVE ( 'NONE', #4223, #3643, #2270, .T. ) ;
#1333 = EDGE_CURVE ( 'NONE', #2829, #1969, #3543, .T. ) ;
#1334 =( LENGTH_UNIT ( ) NAMED_UNIT ( * ) SI_UNIT ( .MILLI., .METRE. ) );
#1335 =( LENGTH_UNIT ( ) NAMED_UNIT ( * ) SI_UNIT ( .MILLI., .METRE. ) );
#1336 = DIRECTION ( 'NONE',  ( -0.000000000000000000, -0.000000000000000000, 1.000000000000000000 ) ) ;
#1337 = SURFACE_STYLE_USAGE ( .BOTH. , #1356 ) ;
#1338 =( LENGTH_UNIT ( ) NAMED_UNIT ( * ) SI_UNIT ( .MILLI., .METRE. ) );
#1339 = CYLINDRICAL_SURFACE ( 'NONE', #2291, 0.4349999999999998868 ) ;
#1340 = ORIENTED_EDGE ( 'NONE', *, *, #3810, .T. ) ;
#1341 = VECTOR ( 'NONE', #3648, 1000.000000000000000 ) ;
#1342 = UNCERTAINTY_MEASURE_WITH_UNIT (LENGTH_MEASURE( 1.000000000000000082E-05 ), #3016, 'distance_accuracy_value', 'NONE');
#1343 = TOROIDAL_SURFACE ( 'NONE', #84, 0.8443682837723297530, 0.5999999999999996447 ) ;
#1344 = ORIENTED_EDGE ( 'NONE', *, *, #3093, .F. ) ;
#1345 = DIRECTION ( 'NONE',  ( 0.7071067811865413555, 0.000000000000000000, -0.7071067811865537900 ) ) ;
#1346 = AXIS2_PLACEMENT_3D ( 'NONE', #4124, #1820, #1188 ) ;
#1347 = CYLINDRICAL_SURFACE ( 'NONE', #2320, 0.5999999999999996447 ) ;
#1348 = LINE ( 'NONE', #2681, #222 ) ;
#1349 = PRESENTATION_STYLE_ASSIGNMENT (( #1658 ) ) ;
#1350 = DIRECTION ( 'NONE',  ( -1.000000000000000000, 0.000000000000000000, 0.000000000000000000 ) ) ;
#1351 =( NAMED_UNIT ( * ) SI_UNIT ( $, .STERADIAN. ) SOLID_ANGLE_UNIT ( ) );
#1352 = VECTOR ( 'NONE', #3147, 1000.000000000000000 ) ;
#1353 = MECHANICAL_DESIGN_GEOMETRIC_PRESENTATION_REPRESENTATION (  '', ( #2551 ), #1492 ) ;
#1354 = ORIENTED_EDGE ( 'NONE', *, *, #2965, .T. ) ;
#1355 = DIRECTION ( 'NONE',  ( 0.000000000000000000, 0.000000000000000000, 1.000000000000000000 ) ) ;
#1356 = SURFACE_SIDE_STYLE ('',( #967 ) ) ;
#1357 = VECTOR ( 'NONE', #800, 1000.000000000000000 ) ;
#1358 = STYLED_ITEM ( 'NONE', ( #1941 ), #219 ) ;
#1359 = EDGE_LOOP ( 'NONE', ( #1875, #1384, #3234, #4138, #1570 ) ) ;
#1360 = CIRCLE ( 'NONE', #2828, 0.4349999999999997202 ) ;
#1361 = DIRECTION ( 'NONE',  ( 0.000000000000000000, -0.000000000000000000, 1.000000000000000000 ) ) ;
#1362 = EDGE_LOOP ( 'NONE', ( #1184, #2599, #3712, #1328 ) ) ;
#1363 = CARTESIAN_POINT ( 'NONE',  ( -0.6900000000000013900, 0.6600000000000000311, 0.9343682837723319423 ) ) ;
#1364 = ORIENTED_EDGE ( 'NONE', *, *, #1308, .T. ) ;
#1365 = UNCERTAINTY_MEASURE_WITH_UNIT (LENGTH_MEASURE( 1.000000000000000082E-05 ), #146, 'distance_accuracy_value', 'NONE');
#1366 = DIRECTION ( 'NONE',  ( 1.070816960479510155E-15, 0.000000000000000000, 1.000000000000000000 ) ) ;
#1367 = CARTESIAN_POINT ( 'NONE',  ( -0.7199999999999995293, 0.1199999999999998845, -1.039999999999999591 ) ) ;
#1368 = FILL_AREA_STYLE_COLOUR ( '', #801 ) ;
#1369 = DIRECTION ( 'NONE',  ( 0.3007057995042671239, 0.9537169507482288200, -0.000000000000000000 ) ) ;
#1370 = LINE ( 'NONE', #3995, #1562 ) ;
#1371 = DIRECTION ( 'NONE',  ( 0.7071067811865413555, 0.000000000000000000, -0.7071067811865537900 ) ) ;
#1372 = DIRECTION ( 'NONE',  ( 0.000000000000000000, -0.000000000000000000, 1.000000000000000000 ) ) ;
#1373 = MECHANICAL_DESIGN_GEOMETRIC_PRESENTATION_REPRESENTATION (  '', ( #3575 ), #2379 ) ;
#1374 = ORIENTED_EDGE ( 'NONE', *, *, #1747, .T. ) ;
#1375 = CARTESIAN_POINT ( 'NONE',  ( -0.7199999999999995293, 1.000000000000000000, 1.039999999999999591 ) ) ;
#1376 = PRESENTATION_LAYER_ASSIGNMENT (  '', '', ( #711 ) ) ;
#1377 = ADVANCED_FACE ( 'NONE', ( #3523 ), #3116, .T. ) ;
#1378 = PRESENTATION_LAYER_ASSIGNMENT (  '', '', ( #1590 ) ) ;
#1379 = EDGE_CURVE ( 'NONE', #3748, #4213, #3597, .T. ) ;
#1380 = PRESENTATION_LAYER_ASSIGNMENT (  '', '', ( #1251 ) ) ;
#1381 = CARTESIAN_POINT ( 'NONE',  ( 0.5599999999999980549, 1.199999999999999956, 1.199999999999999734 ) ) ;
#1382 =( NAMED_UNIT ( * ) PLANE_ANGLE_UNIT ( ) SI_UNIT ( $, .RADIAN. ) );
#1383 = UNCERTAINTY_MEASURE_WITH_UNIT (LENGTH_MEASURE( 1.000000000000000082E-05 ), #696, 'distance_accuracy_value', 'NONE');
#1384 = ORIENTED_EDGE ( 'NONE', *, *, #2414, .T. ) ;
#1385 = SURFACE_SIDE_STYLE ('',( #117 ) ) ;
#1386 = CARTESIAN_POINT ( 'NONE',  ( 0.7971693918810245361, 0.1918347148094735333, -1.039999999999999813 ) ) ;
#1387 = DIRECTION ( 'NONE',  ( 0.7071067811865523467, 0.000000000000000000, -0.7071067811865426878 ) ) ;
#1388 = CARTESIAN_POINT ( 'NONE',  ( -0.6528306081189763077, 0.1918347148094735333, -1.199999999999999734 ) ) ;
#1389 =( LENGTH_UNIT ( ) NAMED_UNIT ( * ) SI_UNIT ( .MILLI., .METRE. ) );
#1390 =( NAMED_UNIT ( * ) SI_UNIT ( $, .STERADIAN. ) SOLID_ANGLE_UNIT ( ) );
#1391 = LINE ( 'NONE', #2706, #3633 ) ;
#1392 = CARTESIAN_POINT ( 'NONE',  ( -0.7199999999999995293, 2.873658136898519719E-05, 1.039999999999999591 ) ) ;
#1393 = FACE_OUTER_BOUND ( 'NONE', #3053, .T. ) ;
#1394 =( NAMED_UNIT ( * ) PLANE_ANGLE_UNIT ( ) SI_UNIT ( $, .RADIAN. ) );
#1395 =( BOUNDED_CURVE ( )  B_SPLINE_CURVE ( 3, ( #565, #3159, #1852, #2536 ),
 .UNSPECIFIED., .F., .F. ) 
 B_SPLINE_CURVE_WITH_KNOTS ( ( 4, 4 ),
 ( 4.406956361285688573, 4.691554139716041405 ),
 .UNSPECIFIED. ) 
 CURVE ( )  GEOMETRIC_REPRESENTATION_ITEM ( )  RATIONAL_B_SPLINE_CURVE ( ( 1.000000000000000000, 0.9932617238286201022, 0.9932617238286201022, 1.000000000000000000 ) ) 
 REPRESENTATION_ITEM ( '' )  );
#1396 = DIRECTION ( 'NONE',  ( 0.000000000000000000, 0.000000000000000000, -1.000000000000000000 ) ) ;
#1397 = ORIENTED_EDGE ( 'NONE', *, *, #3611, .T. ) ;
#1398 = SURFACE_SIDE_STYLE ('',( #3359 ) ) ;
#1399 =( NAMED_UNIT ( * ) SI_UNIT ( $, .STERADIAN. ) SOLID_ANGLE_UNIT ( ) );
#1400 = PLANE ( 'NONE',  #61 ) ;
#1401 = AXIS2_PLACEMENT_3D ( 'NONE', #2955, #1405, #1350 ) ;
#1402 = LINE ( 'NONE', #777, #2385 ) ;
#1403 = PLANE ( 'NONE',  #2673 ) ;
#1404 = CARTESIAN_POINT ( 'NONE',  ( 0.7200000000000004174, 2.873658136903940391E-05, -1.040000000000000036 ) ) ;
#1405 = DIRECTION ( 'NONE',  ( 0.000000000000000000, 0.000000000000000000, -1.000000000000000000 ) ) ;
#1406 = SURFACE_STYLE_USAGE ( .BOTH. , #2146 ) ;
#1407 = AXIS2_PLACEMENT_3D ( 'NONE', #4146, #1475, #1206 ) ;
#1408 = ORIENTED_EDGE ( 'NONE', *, *, #585, .T. ) ;
#1409 = DIRECTION ( 'NONE',  ( -0.7071067811865536790, 0.000000000000000000, -0.7071067811865413555 ) ) ;
#1410 = SURFACE_STYLE_FILL_AREA ( #149 ) ;
#1411 = COLOUR_RGB ( '',0.2509803921568627416, 0.2509803921568627416, 0.2509803921568627416 ) ;
#1412 = DIRECTION ( 'NONE',  ( 0.000000000000000000, 1.000000000000000000, 0.000000000000000000 ) ) ;
#1413 = ORIENTED_EDGE ( 'NONE', *, *, #901, .F. ) ;
#1414 = ORIENTED_EDGE ( 'NONE', *, *, #3459, .F. ) ;
#1415 = VECTOR ( 'NONE', #3709, 1000.000000000000000 ) ;
#1416 = CIRCLE ( 'NONE', #890, 0.4349999999999998868 ) ;
#1417 = MECHANICAL_DESIGN_GEOMETRIC_PRESENTATION_REPRESENTATION (  '', ( #747 ), #680 ) ;
#1418 =( BOUNDED_CURVE ( )  B_SPLINE_CURVE ( 3, ( #1008, #1926, #2367, #3887 ),
 .UNSPECIFIED., .F., .T. ) 
 B_SPLINE_CURVE_WITH_KNOTS ( ( 4, 4 ),
 ( 4.733223821053340608, 5.017821599483693440 ),
 .UNSPECIFIED. ) 
 CURVE ( )  GEOMETRIC_REPRESENTATION_ITEM ( )  RATIONAL_B_SPLINE_CURVE ( ( 1.000000000000000000, 0.9932617238286201022, 0.9932617238286201022, 1.000000000000000000 ) ) 
 REPRESENTATION_ITEM ( '' )  );
#1419 = ADVANCED_FACE ( 'NONE', ( #2762 ), #2215, .F. ) ;
#1420 =( GEOMETRIC_REPRESENTATION_CONTEXT ( 3 ) GLOBAL_UNCERTAINTY_ASSIGNED_CONTEXT ( ( #42 ) ) GLOBAL_UNIT_ASSIGNED_CONTEXT ( ( #686, #1394, #1051 ) ) REPRESENTATION_CONTEXT ( 'NONE', 'WORKASPACE' ) );
#1421 = PRESENTATION_LAYER_ASSIGNMENT (  '', '', ( #3286 ) ) ;
#1422 = AXIS2_PLACEMENT_3D ( 'NONE', #3444, #2137, #1469 ) ;
#1423 = ORIENTED_EDGE ( 'NONE', *, *, #278, .F. ) ;
#1424 = CARTESIAN_POINT ( 'NONE',  ( 1.050000000000001377, 1.199999999999999956, -1.040000000000000480 ) ) ;
#1425 = FILL_AREA_STYLE_COLOUR ( '', #3640 ) ;
#1426 = FILL_AREA_STYLE ('',( #866 ) ) ;
#1427 = DIRECTION ( 'NONE',  ( 0.000000000000000000, 1.000000000000000000, 0.000000000000000000 ) ) ;
#1428 = EDGE_CURVE ( 'NONE', #3787, #864, #1395, .T. ) ;
#1429 = FACE_OUTER_BOUND ( 'NONE', #4105, .T. ) ;
#1430 = DIRECTION ( 'NONE',  ( 0.6901619708142010534, -0.2176072335280445913, -0.6901619708141916165 ) ) ;
#1431 = CARTESIAN_POINT ( 'NONE',  ( 0.7199999999999999734, 0.2028905576439351544, 1.040000000000000036 ) ) ;
#1432 = EDGE_CURVE ( 'NONE', #3632, #964, #2785, .T. ) ;
#1433 = FACE_OUTER_BOUND ( 'NONE', #1, .T. ) ;
#1434 = ORIENTED_EDGE ( 'NONE', *, *, #2217, .T. ) ;
#1435 = FILL_AREA_STYLE_COLOUR ( '', #4133 ) ;
#1436 = SURFACE_STYLE_USAGE ( .BOTH. , #826 ) ;
#1437 = DIRECTION ( 'NONE',  ( -1.000000000000000000, 0.000000000000000000, 0.000000000000000000 ) ) ;
#1438 = SURFACE_STYLE_FILL_AREA ( #4017 ) ;
#1439 = EDGE_LOOP ( 'NONE', ( #2293, #2750, #3862, #3273 ) ) ;
#1440 = ORIENTED_EDGE ( 'NONE', *, *, #2716, .T. ) ;
#1441 = VECTOR ( 'NONE', #3912, 1000.000000000000000 ) ;
#1442 = SURFACE_STYLE_USAGE ( .BOTH. , #132 ) ;
#1443 = VERTEX_POINT ( 'NONE', #162 ) ;
#1444 = VERTEX_POINT ( 'NONE', #4077 ) ;
#1445 = STYLED_ITEM ( 'NONE', ( #2971 ), #3634 ) ;
#1446 = CARTESIAN_POINT ( 'NONE',  ( 0.7199999999999999734, 1.000000000000000000, 1.040000000000000036 ) ) ;
#1447 = VERTEX_POINT ( 'NONE', #4049 ) ;
#1448 = CARTESIAN_POINT ( 'NONE',  ( -0.7283029379526383407, 0.3511678544553769044, 1.019904691482080850 ) ) ;
#1449 = SURFACE_STYLE_USAGE ( .BOTH. , #2143 ) ;
#1450 = VECTOR ( 'NONE', #1016, 1000.000000000000000 ) ;
#1451 = LINE ( 'NONE', #1140, #3372 ) ;
#1452 = AXIS2_PLACEMENT_3D ( 'NONE', #3678, #2671, #2694 ) ;
#1453 = FILL_AREA_STYLE ('',( #3367 ) ) ;
#1454 =( NAMED_UNIT ( * ) PLANE_ANGLE_UNIT ( ) SI_UNIT ( $, .RADIAN. ) );
#1455 = CARTESIAN_POINT ( 'NONE',  ( 1.125000000000000222, 0.1199999999999998845, 1.039999999999999591 ) ) ;
#1456 = PRESENTATION_LAYER_ASSIGNMENT (  '', '', ( #929 ) ) ;
#1457 = DIRECTION ( 'NONE',  ( 0.000000000000000000, 0.000000000000000000, -1.000000000000000000 ) ) ;
#1458 = EDGE_LOOP ( 'NONE', ( #1135, #3673, #526, #201 ) ) ;
#1459 = ADVANCED_FACE ( 'NONE', ( #2119 ), #809, .F. ) ;
#1460 = CARTESIAN_POINT ( 'NONE',  ( -0.7199999999999995293, 2.873658136898519719E-05, -1.039999999999999591 ) ) ;
#1461 = EDGE_CURVE ( 'NONE', #2953, #3198, #181, .T. ) ;
#1462 = DIRECTION ( 'NONE',  ( -1.000000000000000000, 0.000000000000000000, -0.000000000000000000 ) ) ;
#1463 =( LENGTH_UNIT ( ) NAMED_UNIT ( * ) SI_UNIT ( .MILLI., .METRE. ) );
#1464 = SURFACE_STYLE_FILL_AREA ( #1091 ) ;
#1465 = ORIENTED_EDGE ( 'NONE', *, *, #1018, .F. ) ;
#1466 = ADVANCED_BREP_SHAPE_REPRESENTATION ( 'NRH2412T100MNGH', ( #1636, #3073, #3058, #1661, #1642, #3050, #242, #912, #3634, #1802 ), #1876 ) ;
#1467 = VERTEX_POINT ( 'NONE', #221 ) ;
#1468 = EDGE_CURVE ( 'NONE', #3317, #168, #2521, .T. ) ;
#1469 = DIRECTION ( 'NONE',  ( 0.000000000000000000, 0.000000000000000000, -1.000000000000000000 ) ) ;
#1470 = EDGE_LOOP ( 'NONE', ( #1408, #3858 ) ) ;
#1471 = ORIENTED_EDGE ( 'NONE', *, *, #2231, .T. ) ;
#1472 = CARTESIAN_POINT ( 'NONE',  ( -1.199999999999998845, 0.3199999999999998401, 0.9650000000000036326 ) ) ;
#1473 = ORIENTED_EDGE ( 'NONE', *, *, #1643, .F. ) ;
#1474 = CARTESIAN_POINT ( 'NONE',  ( 1.040000000000000036, 0.3200000000000000622, 0.6900000000000013900 ) ) ;
#1475 = DIRECTION ( 'NONE',  ( -6.123233995736766036E-17, 0.000000000000000000, -1.000000000000000000 ) ) ;
#1476 = STYLED_ITEM ( 'NONE', ( #1477 ), #1012 ) ;
#1477 = PRESENTATION_STYLE_ASSIGNMENT (( #3773 ) ) ;
#1478 = ORIENTED_EDGE ( 'NONE', *, *, #2110, .T. ) ;
#1479 =( NAMED_UNIT ( * ) SI_UNIT ( $, .STERADIAN. ) SOLID_ANGLE_UNIT ( ) );
#1480 =( NAMED_UNIT ( * ) PLANE_ANGLE_UNIT ( ) SI_UNIT ( $, .RADIAN. ) );
#1481 = CARTESIAN_POINT ( 'NONE',  ( -0.6528306081189763077, 0.1918347148094735333, -1.199999999999999734 ) ) ;
#1482 = PRESENTATION_STYLE_ASSIGNMENT (( #2447 ) ) ;
#1483 = ORIENTED_EDGE ( 'NONE', *, *, #278, .T. ) ;
#1484 = DIRECTION ( 'NONE',  ( -0.7071067811865427988, 0.000000000000000000, -0.7071067811865523467 ) ) ;
#1485 = LINE ( 'NONE', #3084, #3509 ) ;
#1486 = SURFACE_STYLE_FILL_AREA ( #1814 ) ;
#1487 = VECTOR ( 'NONE', #3458, 1000.000000000000000 ) ;
#1488 = CARTESIAN_POINT ( 'NONE',  ( 0.7199999999999999734, 1.199999999999999956, 1.040000000000000036 ) ) ;
#1489 = DIRECTION ( 'NONE',  ( 0.000000000000000000, 0.000000000000000000, 1.000000000000000000 ) ) ;
#1490 = EDGE_CURVE ( 'NONE', #3198, #77, #1837, .T. ) ;
#1491 = CIRCLE ( 'NONE', #614, 0.2399999999999999911 ) ;
#1492 =( GEOMETRIC_REPRESENTATION_CONTEXT ( 3 ) GLOBAL_UNCERTAINTY_ASSIGNED_CONTEXT ( ( #3199 ) ) GLOBAL_UNIT_ASSIGNED_CONTEXT ( ( #4050, #2787, #4079 ) ) REPRESENTATION_CONTEXT ( 'NONE', 'WORKASPACE' ) );
#1493 = DIRECTION ( 'NONE',  ( -1.000000000000000000, 0.000000000000000000, 0.000000000000000000 ) ) ;
#1494 = VECTOR ( 'NONE', #2275, 1000.000000000000000 ) ;
#1495 = ORIENTED_EDGE ( 'NONE', *, *, #2232, .T. ) ;
#1496 = PRESENTATION_LAYER_ASSIGNMENT (  '', '', ( #1704 ) ) ;
#1497 = PRESENTATION_LAYER_ASSIGNMENT (  '', '', ( #1705 ) ) ;
#1498 =( LENGTH_UNIT ( ) NAMED_UNIT ( * ) SI_UNIT ( .MILLI., .METRE. ) );
#1499 =( NAMED_UNIT ( * ) PLANE_ANGLE_UNIT ( ) SI_UNIT ( $, .RADIAN. ) );
#1500 =( LENGTH_UNIT ( ) NAMED_UNIT ( * ) SI_UNIT ( .MILLI., .METRE. ) );
#1501 = FILL_AREA_STYLE_COLOUR ( '', #95 ) ;
#1502 = CARTESIAN_POINT ( 'NONE',  ( -0.6971599597868605169, 0.2024146201765777975, -1.062840040213138604 ) ) ;
#1503 = ORIENTED_EDGE ( 'NONE', *, *, #2290, .F. ) ;
#1504 = LINE ( 'NONE', #3472, #1942 ) ;
#1505 = CARTESIAN_POINT ( 'NONE',  ( 1.199999999999999734, 0.3199999999999998401, 0.9650000000000040767 ) ) ;
#1506 = ORIENTED_EDGE ( 'NONE', *, *, #1619, .F. ) ;
#1507 = FACE_OUTER_BOUND ( 'NONE', #3419, .T. ) ;
#1508 =( GEOMETRIC_REPRESENTATION_CONTEXT ( 3 ) GLOBAL_UNCERTAINTY_ASSIGNED_CONTEXT ( ( #3267 ) ) GLOBAL_UNIT_ASSIGNED_CONTEXT ( ( #2513, #3807, #3462 ) ) REPRESENTATION_CONTEXT ( 'NONE', 'WORKASPACE' ) );
#1509 = CARTESIAN_POINT ( 'NONE',  ( -0.6900000000000018341, 0.3200000000000000622, -0.6900000000000009459 ) ) ;
#1510 = SURFACE_STYLE_USAGE ( .BOTH. , #4140 ) ;
#1511 = FILL_AREA_STYLE ('',( #232 ) ) ;
#1512 = PRESENTATION_STYLE_ASSIGNMENT (( #1178 ) ) ;
#1513 = EDGE_LOOP ( 'NONE', ( #2530, #3180, #2474, #3613 ) ) ;
#1514 = ORIENTED_EDGE ( 'NONE', *, *, #2113, .F. ) ;
#1515 = ADVANCED_FACE ( 'NONE', ( #1176 ), #832, .T. ) ;
#1516 = PRESENTATION_STYLE_ASSIGNMENT (( #909 ) ) ;
#1517 = COLOUR_RGB ( '',0.2509803921568627416, 0.2509803921568627416, 0.2509803921568627416 ) ;
#1518 = ADVANCED_FACE ( 'NONE', ( #3417 ), #471, .F. ) ;
#1519 = EDGE_CURVE ( 'NONE', #2425, #4203, #1746, .T. ) ;
#1520 =( GEOMETRIC_REPRESENTATION_CONTEXT ( 3 ) GLOBAL_UNCERTAINTY_ASSIGNED_CONTEXT ( ( #1383 ) ) GLOBAL_UNIT_ASSIGNED_CONTEXT ( ( #696, #1990, #1267 ) ) REPRESENTATION_CONTEXT ( 'NONE', 'WORKASPACE' ) );
#1521 = ORIENTED_EDGE ( 'NONE', *, *, #1066, .T. ) ;
#1522 = UNCERTAINTY_MEASURE_WITH_UNIT (LENGTH_MEASURE( 1.000000000000000082E-05 ), #4070, 'distance_accuracy_value', 'NONE');
#1523 =( NAMED_UNIT ( * ) SI_UNIT ( $, .STERADIAN. ) SOLID_ANGLE_UNIT ( ) );
#1524 = CIRCLE ( 'NONE', #1113, 0.2443682837723298584 ) ;
#1525 =( GEOMETRIC_REPRESENTATION_CONTEXT ( 3 ) GLOBAL_UNCERTAINTY_ASSIGNED_CONTEXT ( ( #2374 ) ) GLOBAL_UNIT_ASSIGNED_CONTEXT ( ( #2864, #3813, #2809 ) ) REPRESENTATION_CONTEXT ( 'NONE', 'WORKASPACE' ) );
#1526 = CARTESIAN_POINT ( 'NONE',  ( -1.199999999999998845, 0.1199999999999998845, -0.9650000000000036326 ) ) ;
#1527 = PLANE ( 'NONE',  #2417 ) ;
#1528 = EDGE_CURVE ( 'NONE', #1594, #228, #1769, .T. ) ;
#1529 =( NAMED_UNIT ( * ) PLANE_ANGLE_UNIT ( ) SI_UNIT ( $, .RADIAN. ) );
#1530 = ORIENTED_EDGE ( 'NONE', *, *, #138, .T. ) ;
#1531 = STYLED_ITEM ( 'NONE', ( #1284 ), #4059 ) ;
#1532 = CARTESIAN_POINT ( 'NONE',  ( -0.7799999999999985834, 0.1199999999999998845, 1.039999999999999591 ) ) ;
#1533 = VECTOR ( 'NONE', #1412, 1000.000000000000000 ) ;
#1534 = CARTESIAN_POINT ( 'NONE',  ( 1.534368283772330699, 0.6600000000000000311, 0.6900000000000013900 ) ) ;
#1535 = DIRECTION ( 'NONE',  ( 0.000000000000000000, -0.000000000000000000, 1.000000000000000000 ) ) ;
#1536 = SURFACE_STYLE_USAGE ( .BOTH. , #3821 ) ;
#1537 = ORIENTED_EDGE ( 'NONE', *, *, #3825, .F. ) ;
#1538 = CARTESIAN_POINT ( 'NONE',  ( -0.7199999999999995293, 2.873658136898519719E-05, -1.039999999999999591 ) ) ;
#1539 = SURFACE_SIDE_STYLE ('',( #4221 ) ) ;
#1540 = PRESENTATION_STYLE_ASSIGNMENT (( #2841 ) ) ;
#1541 = DIRECTION ( 'NONE',  ( 0.000000000000000000, 0.000000000000000000, 1.000000000000000000 ) ) ;
#1542 = ORIENTED_EDGE ( 'NONE', *, *, #3093, .T. ) ;
#1543 = EDGE_LOOP ( 'NONE', ( #496, #3571 ) ) ;
#1544 = LINE ( 'NONE', #3516, #1189 ) ;
#1545 = EDGE_CURVE ( 'NONE', #480, #3296, #2109, .T. ) ;
#1546 = DIRECTION ( 'NONE',  ( 6.123233995736766036E-17, -0.000000000000000000, 1.000000000000000000 ) ) ;
#1547 =( LENGTH_UNIT ( ) NAMED_UNIT ( * ) SI_UNIT ( .MILLI., .METRE. ) );
#1548 =( LENGTH_UNIT ( ) NAMED_UNIT ( * ) SI_UNIT ( .MILLI., .METRE. ) );
#1549 = EDGE_LOOP ( 'NONE', ( #3438, #3728, #3700 ) ) ;
#1550 = CARTESIAN_POINT ( 'NONE',  ( 0.7199999999999995293, 0.3200000000000000622, 1.040000000000000924 ) ) ;
#1551 = FILL_AREA_STYLE ('',( #3497 ) ) ;
#1552 = DIRECTION ( 'NONE',  ( -0.7071067811865658914, 0.000000000000000000, -0.7071067811865292541 ) ) ;
#1553 = ORIENTED_EDGE ( 'NONE', *, *, #110, .T. ) ;
#1554 = COLOUR_RGB ( '',0.2509803921568627416, 0.2509803921568627416, 0.2509803921568627416 ) ;
#1555 = DIRECTION ( 'NONE',  ( 1.000000000000000000, 0.000000000000000000, 0.000000000000000000 ) ) ;
#1556 = LINE ( 'NONE', #2567, #3032 ) ;
#1557 = VECTOR ( 'NONE', #402, 1000.000000000000000 ) ;
#1558 = DIRECTION ( 'NONE',  ( -0.000000000000000000, -0.000000000000000000, -1.000000000000000000 ) ) ;
#1559 =( LENGTH_UNIT ( ) NAMED_UNIT ( * ) SI_UNIT ( .MILLI., .METRE. ) );
#1560 = VECTOR ( 'NONE', #937, 1000.000000000000000 ) ;
#1561 =( GEOMETRIC_REPRESENTATION_CONTEXT ( 3 ) GLOBAL_UNCERTAINTY_ASSIGNED_CONTEXT ( ( #1522 ) ) GLOBAL_UNIT_ASSIGNED_CONTEXT ( ( #4070, #2758, #858 ) ) REPRESENTATION_CONTEXT ( 'NONE', 'WORKASPACE' ) );
#1562 = VECTOR ( 'NONE', #362, 1000.000000000000000 ) ;
#1563 = AXIS2_PLACEMENT_3D ( 'NONE', #4029, #1101, #2436 ) ;
#1564 = UNCERTAINTY_MEASURE_WITH_UNIT (LENGTH_MEASURE( 1.000000000000000082E-05 ), #1678, 'distance_accuracy_value', 'NONE');
#1565 = STYLED_ITEM ( 'NONE', ( #1756 ), #1776 ) ;
#1566 = SURFACE_SIDE_STYLE ('',( #2498 ) ) ;
#1567 =( GEOMETRIC_REPRESENTATION_CONTEXT ( 3 ) GLOBAL_UNCERTAINTY_ASSIGNED_CONTEXT ( ( #1059 ) ) GLOBAL_UNIT_ASSIGNED_CONTEXT ( ( #4107, #1480, #2421 ) ) REPRESENTATION_CONTEXT ( 'NONE', 'WORKASPACE' ) );
#1568 = DIRECTION ( 'NONE',  ( -1.000000000000000000, 0.000000000000000000, 0.000000000000000000 ) ) ;
#1569 = STYLED_ITEM ( 'NONE', ( #1032 ), #1977 ) ;
#1570 = ORIENTED_EDGE ( 'NONE', *, *, #1831, .F. ) ;
#1571 = DIRECTION ( 'NONE',  ( -0.9537169507482289310, -0.3007057995042665133, 0.000000000000000000 ) ) ;
#1572 = ADVANCED_FACE ( 'NONE', ( #2155 ), #1788, .T. ) ;
#1573 = CYLINDRICAL_SURFACE ( 'NONE', #3406, 0.5999999999999996447 ) ;
#1574 = EDGE_CURVE ( 'NONE', #722, #1901, #1147, .T. ) ;
#1575 = CARTESIAN_POINT ( 'NONE',  ( -1.199999999999998845, 0.1199999999999998845, 0.9650000000000036326 ) ) ;
#1576 = PRESENTATION_STYLE_ASSIGNMENT (( #2561 ) ) ;
#1577 = ORIENTED_EDGE ( 'NONE', *, *, #214, .T. ) ;
#1578 = CARTESIAN_POINT ( 'NONE',  ( -0.4250000000000002665, 0.1199999999999998845, -1.833392230628972941 ) ) ;
#1579 = PRESENTATION_STYLE_ASSIGNMENT (( #366 ) ) ;
#1580 = EDGE_LOOP ( 'NONE', ( #2100, #469, #3803, #2019 ) ) ;
#1581 = CARTESIAN_POINT ( 'NONE',  ( -1.124999999999999334, 0.1199999999999998845, 1.039999999999999591 ) ) ;
#1582 =( LENGTH_UNIT ( ) NAMED_UNIT ( * ) SI_UNIT ( .MILLI., .METRE. ) );
#1583 = SURFACE_STYLE_USAGE ( .BOTH. , #4189 ) ;
#1584 = ORIENTED_EDGE ( 'NONE', *, *, #2196, .T. ) ;
#1585 = DIRECTION ( 'NONE',  ( 1.000000000000000000, 0.000000000000000000, 0.000000000000000000 ) ) ;
#1586 = ORIENTED_EDGE ( 'NONE', *, *, #2595, .F. ) ;
#1587 = COLOUR_RGB ( '',0.7294117647058823151, 0.3568627450980392246, 0.02352941176470588203 ) ;
#1588 = PRESENTATION_STYLE_ASSIGNMENT (( #1675 ) ) ;
#1589 = FACE_OUTER_BOUND ( 'NONE', #2962, .T. ) ;
#1590 = STYLED_ITEM ( 'NONE', ( #2792 ), #3532 ) ;
#1591 = SURFACE_SIDE_STYLE ('',( #383 ) ) ;
#1592 = CARTESIAN_POINT ( 'NONE',  ( 0.5599999999999980549, 1.000000000000000000, 1.199999999999999734 ) ) ;
#1593 = COLOUR_RGB ( '',0.2509803921568627416, 0.2509803921568627416, 0.2509803921568627416 ) ;
#1594 = VERTEX_POINT ( 'NONE', #1108 ) ;
#1595 = VECTOR ( 'NONE', #2029, 1000.000000000000000 ) ;
#1596 = EDGE_CURVE ( 'NONE', #2042, #1149, #2424, .T. ) ;
#1597 = SURFACE_STYLE_FILL_AREA ( #3956 ) ;
#1598 = CARTESIAN_POINT ( 'NONE',  ( 0.6528306081189760857, 0.1918347148094734500, 1.107169391881023479 ) ) ;
#1599 = AXIS2_PLACEMENT_3D ( 'NONE', #1592, #1535, #4217 ) ;
#1600 = PRODUCT_DEFINITION_FORMATION_WITH_SPECIFIED_SOURCE ( 'ANY', '', #1605, .NOT_KNOWN. ) ;
#1601 = FACE_OUTER_BOUND ( 'NONE', #720, .T. ) ;
#1602 = EDGE_CURVE ( 'NONE', #514, #1252, #191, .T. ) ;
#1603 = ORIENTED_EDGE ( 'NONE', *, *, #33, .F. ) ;
#1604 = VERTEX_POINT ( 'NONE', #804 ) ;
#1605 = PRODUCT ( 'NRH2412T100MNGH', 'NRH2412T100MNGH', '', ( #3809 ) ) ;
#1606 =( LENGTH_UNIT ( ) NAMED_UNIT ( * ) SI_UNIT ( .MILLI., .METRE. ) );
#1607 = FILL_AREA_STYLE_COLOUR ( '', #3315 ) ;
#1608 = CARTESIAN_POINT ( 'NONE',  ( -0.7199999999999995293, 0.1199999999999998845, -1.039999999999999591 ) ) ;
#1609 = DIRECTION ( 'NONE',  ( -1.000000000000000000, 0.000000000000000000, 0.000000000000000000 ) ) ;
#1610 = EDGE_LOOP ( 'NONE', ( #2313, #3894, #907, #726 ) ) ;
#1611 = DIRECTION ( 'NONE',  ( -1.000000000000000000, 0.000000000000000000, 0.000000000000000000 ) ) ;
#1612 = ORIENTED_EDGE ( 'NONE', *, *, #2645, .T. ) ;
#1613 = DIRECTION ( 'NONE',  ( 0.7071067811865638930, 0.000000000000000000, 0.7071067811865311414 ) ) ;
#1614 =( GEOMETRIC_REPRESENTATION_CONTEXT ( 3 ) GLOBAL_UNCERTAINTY_ASSIGNED_CONTEXT ( ( #1906 ) ) GLOBAL_UNIT_ASSIGNED_CONTEXT ( ( #962, #3251, #1967 ) ) REPRESENTATION_CONTEXT ( 'NONE', 'WORKASPACE' ) );
#1615 = VERTEX_POINT ( 'NONE', #4015 ) ;
#1616 = ORIENTED_EDGE ( 'NONE', *, *, #429, .F. ) ;
#1617 = DIRECTION ( 'NONE',  ( 0.000000000000000000, 1.000000000000000000, 0.000000000000000000 ) ) ;
#1618 = STYLED_ITEM ( 'NONE', ( #3074 ), #1078 ) ;
#1619 = EDGE_CURVE ( 'NONE', #480, #746, #3763, .T. ) ;
#1620 = PRESENTATION_LAYER_ASSIGNMENT (  '', '', ( #2278 ) ) ;
#1621 = CARTESIAN_POINT ( 'NONE',  ( 0.000000000000000000, 1.000000000000000000, 0.000000000000000000 ) ) ;
#1622 = ORIENTED_EDGE ( 'NONE', *, *, #3056, .T. ) ;
#1623 =( NAMED_UNIT ( * ) PLANE_ANGLE_UNIT ( ) SI_UNIT ( $, .RADIAN. ) );
#1624 = PRESENTATION_LAYER_ASSIGNMENT (  '', '', ( #2411 ) ) ;
#1625 = EDGE_CURVE ( 'NONE', #3088, #861, #511, .T. ) ;
#1626 = ORIENTED_EDGE ( 'NONE', *, *, #3056, .F. ) ;
#1627 = VECTOR ( 'NONE', #4094, 1000.000000000000000 ) ;
#1628 = VECTOR ( 'NONE', #1655, 1000.000000000000000 ) ;
#1629 = ORIENTED_EDGE ( 'NONE', *, *, #3122, .F. ) ;
#1630 = UNCERTAINTY_MEASURE_WITH_UNIT (LENGTH_MEASURE( 1.000000000000000082E-05 ), #4129, 'distance_accuracy_value', 'NONE');
#1631 = CARTESIAN_POINT ( 'NONE',  ( 0.6528306081189763077, 0.1918347148094735333, 1.199999999999999734 ) ) ;
#1632 = LINE ( 'NONE', #3542, #3416 ) ;
#1633 = MECHANICAL_DESIGN_GEOMETRIC_PRESENTATION_REPRESENTATION (  '', ( #3214 ), #966 ) ;
#1634 = CARTESIAN_POINT ( 'NONE',  ( -0.6900000000000013900, 0.6600000000000000311, 1.534368283772331587 ) ) ;
#1635 = PLANE ( 'NONE',  #3399 ) ;
#1636 = MANIFOLD_SOLID_BREP ( 'Cut-Extrude1', #2297 ) ;
#1637 = DIRECTION ( 'NONE',  ( -0.7071067811865312525, 0.000000000000000000, -0.7071067811865638930 ) ) ;
#1638 = LINE ( 'NONE', #791, #4190 ) ;
#1639 =( NAMED_UNIT ( * ) SI_UNIT ( $, .STERADIAN. ) SOLID_ANGLE_UNIT ( ) );
#1640 = VERTEX_POINT ( 'NONE', #4038 ) ;
#1641 = DIRECTION ( 'NONE',  ( 0.000000000000000000, 1.000000000000000000, 0.000000000000000000 ) ) ;
#1642 = MANIFOLD_SOLID_BREP ( 'Cut-Extrude3[2]', #3003 ) ;
#1643 = EDGE_CURVE ( 'NONE', #2266, #2370, #2129, .T. ) ;
#1644 = ADVANCED_FACE ( 'NONE', ( #3392 ), #473, .F. ) ;
#1645 = EDGE_CURVE ( 'NONE', #1110, #1939, #3866, .T. ) ;
#1646 = FACE_OUTER_BOUND ( 'NONE', #1997, .T. ) ;
#1647 = CARTESIAN_POINT ( 'NONE',  ( -0.5599999999999979439, 1.000000000000000000, 1.199999999999999734 ) ) ;
#1648 = FILL_AREA_STYLE ('',( #38 ) ) ;
#1649 = DIRECTION ( 'NONE',  ( -1.000000000000000000, 0.000000000000000000, 0.000000000000000000 ) ) ;
#1650 = ORIENTED_EDGE ( 'NONE', *, *, #2622, .F. ) ;
#1651 = ADVANCED_FACE ( 'NONE', ( #267 ), #3227, .T. ) ;
#1652 = CARTESIAN_POINT ( 'NONE',  ( -1.050000000000000488, 1.000000000000000000, -1.040000000000000036 ) ) ;
#1653 = ORIENTED_EDGE ( 'NONE', *, *, #2111, .T. ) ;
#1654 = FILL_AREA_STYLE_COLOUR ( '', #2904 ) ;
#1655 = DIRECTION ( 'NONE',  ( -0.000000000000000000, -0.000000000000000000, 1.000000000000000000 ) ) ;
#1656 = AXIS2_PLACEMENT_3D ( 'NONE', #3928, #3584, #3247 ) ;
#1657 = FILL_AREA_STYLE_COLOUR ( '', #1754 ) ;
#1658 = SURFACE_STYLE_USAGE ( .BOTH. , #2624 ) ;
#1659 = SURFACE_STYLE_USAGE ( .BOTH. , #1968 ) ;
#1660 = CARTESIAN_POINT ( 'NONE',  ( -0.8335721910084150643, 0.3470188887985483084, 1.022467097963153604 ) ) ;
#1661 = MANIFOLD_SOLID_BREP ( 'Cut-Extrude3[1]', #609 ) ;
#1662 = MECHANICAL_DESIGN_GEOMETRIC_PRESENTATION_REPRESENTATION (  '', ( #4051 ), #1320 ) ;
#1663 = CARTESIAN_POINT ( 'NONE',  ( -0.7199999999999995293, -1.626303258728256651E-16, -1.039999999999999591 ) ) ;
#1664 =( GEOMETRIC_REPRESENTATION_CONTEXT ( 3 ) GLOBAL_UNCERTAINTY_ASSIGNED_CONTEXT ( ( #3361 ) ) GLOBAL_UNIT_ASSIGNED_CONTEXT ( ( #1715, #3411, #2420 ) ) REPRESENTATION_CONTEXT ( 'NONE', 'WORKASPACE' ) );
#1665 = SURFACE_SIDE_STYLE ('',( #682 ) ) ;
#1666 =( GEOMETRIC_REPRESENTATION_CONTEXT ( 3 ) GLOBAL_UNCERTAINTY_ASSIGNED_CONTEXT ( ( #455 ) ) GLOBAL_UNIT_ASSIGNED_CONTEXT ( ( #2489, #516, #3129 ) ) REPRESENTATION_CONTEXT ( 'NONE', 'WORKASPACE' ) );
#1667 = DIRECTION ( 'NONE',  ( 0.7071067811865638930, 0.000000000000000000, 0.7071067811865312525 ) ) ;
#1668 = CARTESIAN_POINT ( 'NONE',  ( -0.8399999999999991918, 0.3199999999999998401, 0.8899999999999996803 ) ) ;
#1669 = ORIENTED_EDGE ( 'NONE', *, *, #4128, .T. ) ;
#1670 = MECHANICAL_DESIGN_GEOMETRIC_PRESENTATION_REPRESENTATION (  '', ( #62 ), #4143 ) ;
#1671 = PRESENTATION_LAYER_ASSIGNMENT (  '', '', ( #3513 ) ) ;
#1672 = CARTESIAN_POINT ( 'NONE',  ( 0.5599999999999980549, -1.626303258728256651E-16, -1.199999999999999734 ) ) ;
#1673 = EDGE_CURVE ( 'NONE', #1817, #1604, #1491, .T. ) ;
#1674 = UNCERTAINTY_MEASURE_WITH_UNIT (LENGTH_MEASURE( 1.000000000000000082E-05 ), #2181, 'distance_accuracy_value', 'NONE');
#1675 = SURFACE_STYLE_USAGE ( .BOTH. , #298 ) ;
#1676 = DIRECTION ( 'NONE',  ( -1.000000000000000000, 9.035018104045878829E-16, 0.000000000000000000 ) ) ;
#1677 = FACE_OUTER_BOUND ( 'NONE', #303, .T. ) ;
#1678 =( LENGTH_UNIT ( ) NAMED_UNIT ( * ) SI_UNIT ( .MILLI., .METRE. ) );
#1679 = SURFACE_STYLE_USAGE ( .BOTH. , #2603 ) ;
#1680 = PRESENTATION_STYLE_ASSIGNMENT (( #3649 ) ) ;
#1681 = DIRECTION ( 'NONE',  ( -1.000000000000000000, 0.000000000000000000, -0.000000000000000000 ) ) ;
#1682 = VERTEX_POINT ( 'NONE', #983 ) ;
#1683 = CARTESIAN_POINT ( 'NONE',  ( -0.7799999999999994715, 0.1199999999999998845, 1.039999999999999591 ) ) ;
#1684 = MECHANICAL_DESIGN_GEOMETRIC_PRESENTATION_REPRESENTATION (  '', ( #1079 ), #391 ) ;
#1685 = CIRCLE ( 'NONE', #3204, 0.5999999999999998668 ) ;
#1686 = DIRECTION ( 'NONE',  ( 0.7071067811865527908, -0.000000000000000000, -0.7071067811865422437 ) ) ;
#1687 = UNCERTAINTY_MEASURE_WITH_UNIT (LENGTH_MEASURE( 1.000000000000000082E-05 ), #11, 'distance_accuracy_value', 'NONE');
#1688 = VECTOR ( 'NONE', #3065, 1000.000000000000000 ) ;
#1689 = FILL_AREA_STYLE ('',( #2376 ) ) ;
#1690 = ORIENTED_EDGE ( 'NONE', *, *, #2865, .T. ) ;
#1691 = DIRECTION ( 'NONE',  ( -1.000000000000000000, 0.000000000000000000, 0.000000000000000000 ) ) ;
#1692 = SURFACE_STYLE_USAGE ( .BOTH. , #3326 ) ;
#1693 = SURFACE_SIDE_STYLE ('',( #1735 ) ) ;
#1694 = DIRECTION ( 'NONE',  ( -1.000000000000000000, 0.000000000000000000, 0.000000000000000000 ) ) ;
#1695 = DIRECTION ( 'NONE',  ( -4.170008355713479616E-16, 0.000000000000000000, -1.000000000000000000 ) ) ;
#1696 = MECHANICAL_DESIGN_GEOMETRIC_PRESENTATION_REPRESENTATION (  '', ( #3072 ), #4171 ) ;
#1697 = ORIENTED_EDGE ( 'NONE', *, *, #845, .T. ) ;
#1698 = ADVANCED_FACE ( 'NONE', ( #49 ), #3973, .T. ) ;
#1699 =( NAMED_UNIT ( * ) PLANE_ANGLE_UNIT ( ) SI_UNIT ( $, .RADIAN. ) );
#1700 = ADVANCED_FACE ( 'NONE', ( #2705 ), #68, .T. ) ;
#1701 = VECTOR ( 'NONE', #486, 1000.000000000000000 ) ;
#1702 = AXIS2_PLACEMENT_3D ( 'NONE', #3055, #785, #2771 ) ;
#1703 = ORIENTED_EDGE ( 'NONE', *, *, #1596, .F. ) ;
#1704 = STYLED_ITEM ( 'NONE', ( #2303 ), #1921 ) ;
#1705 = STYLED_ITEM ( 'NONE', ( #1949 ), #400 ) ;
#1706 = CARTESIAN_POINT ( 'NONE',  ( -0.6971599597868605169, 0.2024146201765777697, -1.062840040213138826 ) ) ;
#1707 = LINE ( 'NONE', #2717, #3853 ) ;
#1708 = ADVANCED_FACE ( 'NONE', ( #2625 ), #3328, .F. ) ;
#1709 = CARTESIAN_POINT ( 'NONE',  ( -0.4250000000000002665, 0.1199999999999998845, 1.199999999999999734 ) ) ;
#1710 = CARTESIAN_POINT ( 'NONE',  ( 1.040000000000000480, 0.3200000000000000622, 0.6900000000000013900 ) ) ;
#1711 = CARTESIAN_POINT ( 'NONE',  ( -0.5599999999999979439, 1.199999999999999956, 1.199999999999999734 ) ) ;
#1712 = CARTESIAN_POINT ( 'NONE',  ( -0.5599999999999979439, 0.03250776405003870384, 1.199999999999999734 ) ) ;
#1713 = FACE_OUTER_BOUND ( 'NONE', #1925, .T. ) ;
#1714 = AXIS2_PLACEMENT_3D ( 'NONE', #286, #1835, #2546 ) ;
#1715 =( LENGTH_UNIT ( ) NAMED_UNIT ( * ) SI_UNIT ( .MILLI., .METRE. ) );
#1716 = PRESENTATION_STYLE_ASSIGNMENT (( #3762 ) ) ;
#1717 = SURFACE_STYLE_FILL_AREA ( #409 ) ;
#1718 = LINE ( 'NONE', #2729, #1533 ) ;
#1719 = EDGE_CURVE ( 'NONE', #3014, #2674, #3369, .T. ) ;
#1720 = ORIENTED_EDGE ( 'NONE', *, *, #1307, .T. ) ;
#1721 = LINE ( 'NONE', #2468, #843 ) ;
#1722 = PRESENTATION_LAYER_ASSIGNMENT (  '', '', ( #3578 ) ) ;
#1723 = DIRECTION ( 'NONE',  ( -1.000000000000000000, -0.000000000000000000, -0.000000000000000000 ) ) ;
#1724 = STYLED_ITEM ( 'NONE', ( #1898 ), #3334 ) ;
#1725 = VECTOR ( 'NONE', #1686, 1000.000000000000000 ) ;
#1726 = CARTESIAN_POINT ( 'NONE',  ( 1.024999999999999911, 0.1199999999999999123, 1.039999999999999591 ) ) ;
#1727 =( LENGTH_UNIT ( ) NAMED_UNIT ( * ) SI_UNIT ( .MILLI., .METRE. ) );
#1728 = UNCERTAINTY_MEASURE_WITH_UNIT (LENGTH_MEASURE( 1.000000000000000082E-05 ), #857, 'distance_accuracy_value', 'NONE');
#1729 = COLOUR_RGB ( '',0.2509803921568627416, 0.2509803921568627416, 0.2509803921568627416 ) ;
#1730 = ORIENTED_EDGE ( 'NONE', *, *, #2497, .F. ) ;
#1731 = CARTESIAN_POINT ( 'NONE',  ( 0.6900000000000013900, 0.3200000000000000622, -0.6900000000000009459 ) ) ;
#1732 =( NAMED_UNIT ( * ) PLANE_ANGLE_UNIT ( ) SI_UNIT ( $, .RADIAN. ) );
#1733 = LINE ( 'NONE', #2476, #2018 ) ;
#1734 = LINE ( 'NONE', #2365, #812 ) ;
#1735 = SURFACE_STYLE_FILL_AREA ( #1453 ) ;
#1736 = CARTESIAN_POINT ( 'NONE',  ( -0.7250000000000004219, 0.4349999999999997202, -1.039999999999999591 ) ) ;
#1737 =( NAMED_UNIT ( * ) PLANE_ANGLE_UNIT ( ) SI_UNIT ( $, .RADIAN. ) );
#1738 =( LENGTH_UNIT ( ) NAMED_UNIT ( * ) SI_UNIT ( .MILLI., .METRE. ) );
#1739 = SURFACE_SIDE_STYLE ('',( #508 ) ) ;
#1740 = FACE_OUTER_BOUND ( 'NONE', #1610, .T. ) ;
#1741 = FACE_OUTER_BOUND ( 'NONE', #1172, .T. ) ;
#1742 = ORIENTED_EDGE ( 'NONE', *, *, #3810, .F. ) ;
#1743 = ORIENTED_EDGE ( 'NONE', *, *, #2691, .T. ) ;
#1744 = EDGE_CURVE ( 'NONE', #355, #539, #2499, .T. ) ;
#1745 = FILL_AREA_STYLE_COLOUR ( '', #56 ) ;
#1746 = LINE ( 'NONE', #4042, #2672 ) ;
#1747 = EDGE_CURVE ( 'NONE', #3296, #1149, #3119, .T. ) ;
#1748 = CARTESIAN_POINT ( 'NONE',  ( -0.7199999999999995293, 0.2028905576439351266, 1.039999999999999591 ) ) ;
#1749 =( NAMED_UNIT ( * ) PLANE_ANGLE_UNIT ( ) SI_UNIT ( $, .RADIAN. ) );
#1750 = EDGE_CURVE ( 'NONE', #2003, #369, #3774, .T. ) ;
#1751 = PRESENTATION_LAYER_ASSIGNMENT (  '', '', ( #1218 ) ) ;
#1752 = LINE ( 'NONE', #1363, #1868 ) ;
#1753 = CARTESIAN_POINT ( 'NONE',  ( 0.7799999999999994715, 0.1199999999999998429, 1.099999999999999645 ) ) ;
#1754 = COLOUR_RGB ( '',0.2509803921568627416, 0.2509803921568627416, 0.2509803921568627416 ) ;
#1755 = CARTESIAN_POINT ( 'NONE',  ( -0.5599999999999979439, 0.1199999999999998845, 1.199999999999999734 ) ) ;
#1756 = PRESENTATION_STYLE_ASSIGNMENT (( #2790 ) ) ;
#1757 = COLOUR_RGB ( '',0.2509803921568627416, 0.2509803921568627416, 0.2509803921568627416 ) ;
#1758 = ORIENTED_EDGE ( 'NONE', *, *, #3479, .F. ) ;
#1759 =( NAMED_UNIT ( * ) SI_UNIT ( $, .STERADIAN. ) SOLID_ANGLE_UNIT ( ) );
#1760 = DIRECTION ( 'NONE',  ( 1.000000000000000000, -0.000000000000000000, -1.070816960479510155E-15 ) ) ;
#1761 = VECTOR ( 'NONE', #3766, 1000.000000000000000 ) ;
#1762 = FILL_AREA_STYLE_COLOUR ( '', #3747 ) ;
#1763 = FILL_AREA_STYLE_COLOUR ( '', #4169 ) ;
#1764 = ORIENTED_EDGE ( 'NONE', *, *, #1574, .T. ) ;
#1765 = VERTEX_POINT ( 'NONE', #1431 ) ;
#1766 = VECTOR ( 'NONE', #3142, 1000.000000000000000 ) ;
#1767 = DIRECTION ( 'NONE',  ( 0.000000000000000000, 1.000000000000000000, 0.000000000000000000 ) ) ;
#1768 = AXIS2_PLACEMENT_3D ( 'NONE', #1774, #3727, #202 ) ;
#1769 = LINE ( 'NONE', #2491, #2880 ) ;
#1770 = LINE ( 'NONE', #3086, #3671 ) ;
#1771 = MECHANICAL_DESIGN_GEOMETRIC_PRESENTATION_REPRESENTATION (  '', ( #1704 ), #618 ) ;
#1772 = ORIENTED_EDGE ( 'NONE', *, *, #1978, .F. ) ;
#1773 = FILL_AREA_STYLE_COLOUR ( '', #512 ) ;
#1774 = CARTESIAN_POINT ( 'NONE',  ( 0.7799999999999994715, 0.3199999999999998401, 1.039999999999999591 ) ) ;
#1775 = VECTOR ( 'NONE', #1879, 1000.000000000000000 ) ;
#1776 = ADVANCED_FACE ( 'NONE', ( #459 ), #3076, .T. ) ;
#1777 = EDGE_CURVE ( 'NONE', #3662, #3208, #426, .T. ) ;
#1778 = ORIENTED_EDGE ( 'NONE', *, *, #2046, .F. ) ;
#1779 = CARTESIAN_POINT ( 'NONE',  ( -0.7255225243912016841, 0.3451436801461669757, 1.023618347063475653 ) ) ;
#1780 = DIRECTION ( 'NONE',  ( 1.000000000000000000, 0.000000000000000000, 0.000000000000000000 ) ) ;
#1781 = CARTESIAN_POINT ( 'NONE',  ( -0.7199999999999995293, 0.2028905576439351266, 1.039999999999999591 ) ) ;
#1782 = CARTESIAN_POINT ( 'NONE',  ( -0.7250000000000004219, -0.03705735337010138825, -1.833392230628972941 ) ) ;
#1783 = DIRECTION ( 'NONE',  ( -0.000000000000000000, -0.000000000000000000, -1.000000000000000000 ) ) ;
#1784 = ORIENTED_EDGE ( 'NONE', *, *, #329, .T. ) ;
#1785 = SURFACE_STYLE_FILL_AREA ( #2770 ) ;
#1786 = FACE_OUTER_BOUND ( 'NONE', #2659, .T. ) ;
#1787 = VECTOR ( 'NONE', #1009, 1000.000000000000000 ) ;
#1788 = CYLINDRICAL_SURFACE ( 'NONE', #2815, 0.05999999999999917899 ) ;
#1789 = DIRECTION ( 'NONE',  ( 1.000000000000000000, 0.000000000000000000, 0.000000000000000000 ) ) ;
#1790 = ORIENTED_EDGE ( 'NONE', *, *, #949, .T. ) ;
#1791 = ORIENTED_EDGE ( 'NONE', *, *, #3579, .F. ) ;
#1792 = VECTOR ( 'NONE', #659, 1000.000000000000114 ) ;
#1793 = FILL_AREA_STYLE ('',( #197 ) ) ;
#1794 = LINE ( 'NONE', #3741, #3831 ) ;
#1795 = ORIENTED_EDGE ( 'NONE', *, *, #1673, .F. ) ;
#1796 = VECTOR ( 'NONE', #1302, 1000.000000000000000 ) ;
#1797 = DIRECTION ( 'NONE',  ( 0.000000000000000000, 1.000000000000000000, 0.000000000000000000 ) ) ;
#1798 = AXIS2_PLACEMENT_3D ( 'NONE', #3607, #3630, #2979 ) ;
#1799 = COLOUR_RGB ( '',0.2509803921568627416, 0.2509803921568627416, 0.2509803921568627416 ) ;
#1800 = FILL_AREA_STYLE ('',( #3090 ) ) ;
#1801 = DIRECTION ( 'NONE',  ( -0.3007057995042666243, 0.9537169507482290420, 0.000000000000000000 ) ) ;
#1802 = AXIS2_PLACEMENT_3D ( 'NONE', #3177, #1844, #583 ) ;
#1803 = PLANE ( 'NONE',  #3606 ) ;
#1804 = DIRECTION ( 'NONE',  ( -1.000000000000000000, 0.000000000000000000, -9.035018104045868969E-16 ) ) ;
#1805 = DIRECTION ( 'NONE',  ( -0.000000000000000000, 1.000000000000000000, -0.000000000000000000 ) ) ;
#1806 = VECTOR ( 'NONE', #615, 1000.000000000000000 ) ;
#1807 =( NAMED_UNIT ( * ) PLANE_ANGLE_UNIT ( ) SI_UNIT ( $, .RADIAN. ) );
#1808 = DIRECTION ( 'NONE',  ( -1.000000000000000000, 0.000000000000000000, -0.000000000000000000 ) ) ;
#1809 = SURFACE_SIDE_STYLE ('',( #3473 ) ) ;
#1810 = FILL_AREA_STYLE ('',( #2505 ) ) ;
#1811 = ORIENTED_EDGE ( 'NONE', *, *, #2847, .F. ) ;
#1812 = ORIENTED_EDGE ( 'NONE', *, *, #3040, .F. ) ;
#1813 = FILL_AREA_STYLE_COLOUR ( '', #3363 ) ;
#1814 = FILL_AREA_STYLE ('',( #215 ) ) ;
#1815 = FACE_OUTER_BOUND ( 'NONE', #475, .T. ) ;
#1816 =( BOUNDED_CURVE ( )  B_SPLINE_CURVE ( 3, ( #2878, #4180, #555, #1219 ),
 .UNSPECIFIED., .F., .F. ) 
 B_SPLINE_CURVE_WITH_KNOTS ( ( 4, 4 ),
 ( 1.265363707695894790, 1.549961486126245180 ),
 .UNSPECIFIED. ) 
 CURVE ( )  GEOMETRIC_REPRESENTATION_ITEM ( )  RATIONAL_B_SPLINE_CURVE ( ( 1.000000000000000000, 0.9932617238286202133, 0.9932617238286202133, 1.000000000000000000 ) ) 
 REPRESENTATION_ITEM ( '' )  );
#1817 = VERTEX_POINT ( 'NONE', #2123 ) ;
#1818 = FACE_OUTER_BOUND ( 'NONE', #1052, .T. ) ;
#1819 = ORIENTED_EDGE ( 'NONE', *, *, #2966, .T. ) ;
#1820 = DIRECTION ( 'NONE',  ( 0.000000000000000000, 1.000000000000000000, -0.000000000000000000 ) ) ;
#1821 = CARTESIAN_POINT ( 'NONE',  ( -0.4250000000000002665, 0.1199999999999998984, -1.199999999999999734 ) ) ;
#1822 = CARTESIAN_POINT ( 'NONE',  ( 0.000000000000000000, 1.000000000000000000, 0.000000000000000000 ) ) ;
#1823 = FILL_AREA_STYLE_COLOUR ( '', #113 ) ;
#1824 = ORIENTED_EDGE ( 'NONE', *, *, #2847, .T. ) ;
#1825 = PRESENTATION_LAYER_ASSIGNMENT (  '', '', ( #2351 ) ) ;
#1826 = DIRECTION ( 'NONE',  ( -0.9537169507482289310, -0.3007057995042665688, 0.000000000000000000 ) ) ;
#1827 = DIRECTION ( 'NONE',  ( 0.000000000000000000, 1.000000000000000000, 0.000000000000000000 ) ) ;
#1828 =( NAMED_UNIT ( * ) PLANE_ANGLE_UNIT ( ) SI_UNIT ( $, .RADIAN. ) );
#1829 = CARTESIAN_POINT ( 'NONE',  ( 1.125000000000000222, 1.199999999999999956, 1.039999999999999591 ) ) ;
#1830 = STYLED_ITEM ( 'NONE', ( #1203 ), #1377 ) ;
#1831 = EDGE_CURVE ( 'NONE', #1110, #864, #3754, .T. ) ;
#1832 = ORIENTED_EDGE ( 'NONE', *, *, #3282, .T. ) ;
#1833 = VERTEX_POINT ( 'NONE', #2098 ) ;
#1834 = ADVANCED_FACE ( 'NONE', ( #3408 ), #4012, .T. ) ;
#1835 = DIRECTION ( 'NONE',  ( -1.070816960479511339E-15, 0.000000000000000000, 1.000000000000000000 ) ) ;
#1836 = EDGE_CURVE ( 'NONE', #3019, #754, #3815, .T. ) ;
#1837 = LINE ( 'NONE', #2453, #1155 ) ;
#1838 = VECTOR ( 'NONE', #3130, 1000.000000000000000 ) ;
#1839 = CARTESIAN_POINT ( 'NONE',  ( 0.7250000000000004219, 0.4349999999999997202, -1.040000000000000036 ) ) ;
#1840 =( GEOMETRIC_REPRESENTATION_CONTEXT ( 3 ) GLOBAL_UNCERTAINTY_ASSIGNED_CONTEXT ( ( #357 ) ) GLOBAL_UNIT_ASSIGNED_CONTEXT ( ( #4127, #2556, #3837 ) ) REPRESENTATION_CONTEXT ( 'NONE', 'WORKASPACE' ) );
#1841 = CLOSED_SHELL ( 'NONE', ( #1515, #400, #2990, #2184, #219, #1080, #3660 ) ) ;
#1842 = VECTOR ( 'NONE', #3604, 1000.000000000000000 ) ;
#1843 = ORIENTED_EDGE ( 'NONE', *, *, #378, .F. ) ;
#1844 = DIRECTION ( 'NONE',  ( 0.000000000000000000, 0.000000000000000000, 1.000000000000000000 ) ) ;
#1845 =( LENGTH_UNIT ( ) NAMED_UNIT ( * ) SI_UNIT ( .MILLI., .METRE. ) );
#1846 = COLOUR_RGB ( '',0.2509803921568627416, 0.2509803921568627416, 0.2509803921568627416 ) ;
#1847 = COLOUR_RGB ( '',0.2509803921568627416, 0.2509803921568627416, 0.2509803921568627416 ) ;
#1848 = ORIENTED_EDGE ( 'NONE', *, *, #4061, .F. ) ;
#1849 = MECHANICAL_DESIGN_GEOMETRIC_PRESENTATION_REPRESENTATION (  '', ( #2426 ), #2618 ) ;
#1850 =( GEOMETRIC_REPRESENTATION_CONTEXT ( 3 ) GLOBAL_UNCERTAINTY_ASSIGNED_CONTEXT ( ( #540 ) ) GLOBAL_UNIT_ASSIGNED_CONTEXT ( ( #1845, #3255, #1256 ) ) REPRESENTATION_CONTEXT ( 'NONE', 'WORKASPACE' ) );
#1851 = PRESENTATION_STYLE_ASSIGNMENT (( #1138 ) ) ;
#1852 = CARTESIAN_POINT ( 'NONE',  ( 0.6971599597868610720, 0.2024146201765779363, -1.062840040213139048 ) ) ;
#1853 = CARTESIAN_POINT ( 'NONE',  ( 0.8399999999999986366, 0.1199999999999998429, 1.039999999999999591 ) ) ;
#1854 = PLANE ( 'NONE',  #1141 ) ;
#1855 = CARTESIAN_POINT ( 'NONE',  ( 0.7200000000000007505, 0.3199999999999998401, 0.8899999999999996803 ) ) ;
#1856 =( NAMED_UNIT ( * ) SI_UNIT ( $, .STERADIAN. ) SOLID_ANGLE_UNIT ( ) );
#1857 = ORIENTED_EDGE ( 'NONE', *, *, #3098, .T. ) ;
#1858 = CARTESIAN_POINT ( 'NONE',  ( 0.7857160194494577921, 0.3797271054183383177, 1.003852398465570506 ) ) ;
#1859 = LINE ( 'NONE', #3499, #1560 ) ;
#1860 = CARTESIAN_POINT ( 'NONE',  ( 0.7250000000000004219, -0.03705735337010138825, 1.199999999999999734 ) ) ;
#1861 = FILL_AREA_STYLE_COLOUR ( '', #2548 ) ;
#1862 = ORIENTED_EDGE ( 'NONE', *, *, #664, .T. ) ;
#1863 = CARTESIAN_POINT ( 'NONE',  ( 0.7199999999999995293, 0.3200000000000000622, 1.040000000000000924 ) ) ;
#1864 = DIRECTION ( 'NONE',  ( 0.000000000000000000, 0.000000000000000000, 1.000000000000000000 ) ) ;
#1865 = SURFACE_STYLE_USAGE ( .BOTH. , #2939 ) ;
#1866 = AXIS2_PLACEMENT_3D ( 'NONE', #2648, #2345, #18 ) ;
#1867 = APPLICATION_PROTOCOL_DEFINITION ( 'draft international standard', 'automotive_design', 1998, #3823 ) ;
#1868 = VECTOR ( 'NONE', #3968, 1000.000000000000000 ) ;
#1869 =( GEOMETRIC_REPRESENTATION_CONTEXT ( 3 ) GLOBAL_UNCERTAINTY_ASSIGNED_CONTEXT ( ( #4006 ) ) GLOBAL_UNIT_ASSIGNED_CONTEXT ( ( #3750, #1931, #2 ) ) REPRESENTATION_CONTEXT ( 'NONE', 'WORKASPACE' ) );
#1870 = CIRCLE ( 'NONE', #1185, 0.05999999999999994227 ) ;
#1871 = UNCERTAINTY_MEASURE_WITH_UNIT (LENGTH_MEASURE( 1.000000000000000082E-05 ), #1046, 'distance_accuracy_value', 'NONE');
#1872 = LINE ( 'NONE', #4147, #2578 ) ;
#1873 =( LENGTH_UNIT ( ) NAMED_UNIT ( * ) SI_UNIT ( .MILLI., .METRE. ) );
#1874 = STYLED_ITEM ( 'NONE', ( #3864 ), #3379 ) ;
#1875 = ORIENTED_EDGE ( 'NONE', *, *, #1645, .T. ) ;
#1876 =( GEOMETRIC_REPRESENTATION_CONTEXT ( 3 ) GLOBAL_UNCERTAINTY_ASSIGNED_CONTEXT ( ( #2408 ) ) GLOBAL_UNIT_ASSIGNED_CONTEXT ( ( #1205, #862, #2235 ) ) REPRESENTATION_CONTEXT ( 'NONE', 'WORKASPACE' ) );
#1877 = CARTESIAN_POINT ( 'NONE',  ( 0.7410271472415416172, 0.3659770799338996627, 1.011326371691126269 ) ) ;
#1878 = CARTESIAN_POINT ( 'NONE',  ( -0.7199999999999995293, 1.199999999999999956, -1.039999999999999591 ) ) ;
#1879 = DIRECTION ( 'NONE',  ( -0.6901619708142013865, -0.2176072335280448966, 0.6901619708141911724 ) ) ;
#1880 = AXIS2_PLACEMENT_3D ( 'NONE', #2947, #692, #1303 ) ;
#1881 = ORIENTED_EDGE ( 'NONE', *, *, #3153, .F. ) ;
#1882 = FILL_AREA_STYLE ('',( #270 ) ) ;
#1883 = EDGE_CURVE ( 'NONE', #1915, #3019, #3162, .T. ) ;
#1884 = PRESENTATION_STYLE_ASSIGNMENT (( #1865 ) ) ;
#1885 = ORIENTED_EDGE ( 'NONE', *, *, #948, .F. ) ;
#1886 = ADVANCED_FACE ( 'NONE', ( #2888 ), #1527, .T. ) ;
#1887 = EDGE_LOOP ( 'NONE', ( #1862, #908, #2667, #379 ) ) ;
#1888 = ADVANCED_FACE ( 'NONE', ( #2192 ), #2263, .T. ) ;
#1889 = CARTESIAN_POINT ( 'NONE',  ( -0.7199999999999995293, 1.000000000000000000, 1.039999999999999591 ) ) ;
#1890 = SURFACE_SIDE_STYLE ('',( #3798 ) ) ;
#1891 = VERTEX_POINT ( 'NONE', #2168 ) ;
#1892 = LINE ( 'NONE', #848, #1319 ) ;
#1893 = PRESENTATION_STYLE_ASSIGNMENT (( #2644 ) ) ;
#1894 = DIRECTION ( 'NONE',  ( -1.000000000000000000, -0.000000000000000000, -0.000000000000000000 ) ) ;
#1895 = ORIENTED_EDGE ( 'NONE', *, *, #2611, .T. ) ;
#1896 =( GEOMETRIC_REPRESENTATION_CONTEXT ( 3 ) GLOBAL_UNCERTAINTY_ASSIGNED_CONTEXT ( ( #2239 ) ) GLOBAL_UNIT_ASSIGNED_CONTEXT ( ( #354, #3581, #2596 ) ) REPRESENTATION_CONTEXT ( 'NONE', 'WORKASPACE' ) );
#1897 = DIRECTION ( 'NONE',  ( -0.7071067811865413555, 0.000000000000000000, 0.7071067811865536790 ) ) ;
#1898 = PRESENTATION_STYLE_ASSIGNMENT (( #4181 ) ) ;
#1899 = PRESENTATION_LAYER_ASSIGNMENT (  '', '', ( #1618 ) ) ;
#1900 = FACE_OUTER_BOUND ( 'NONE', #3764, .T. ) ;
#1901 = VERTEX_POINT ( 'NONE', #2869 ) ;
#1902 = COLOUR_RGB ( '',0.2509803921568627416, 0.2509803921568627416, 0.2509803921568627416 ) ;
#1903 = PRESENTATION_LAYER_ASSIGNMENT (  '', '', ( #1984 ) ) ;
#1904 = VECTOR ( 'NONE', #3352, 1000.000000000000000 ) ;
#1905 = AXIS2_PLACEMENT_3D ( 'NONE', #3705, #778, #530 ) ;
#1906 = UNCERTAINTY_MEASURE_WITH_UNIT (LENGTH_MEASURE( 1.000000000000000082E-05 ), #962, 'distance_accuracy_value', 'NONE');
#1907 = VECTOR ( 'NONE', #1805, 1000.000000000000000 ) ;
#1908 = CARTESIAN_POINT ( 'NONE',  ( -0.9343682837723319423, 0.6600000000000000311, -0.6900000000000009459 ) ) ;
#1909 = AXIS2_PLACEMENT_3D ( 'NONE', #1144, #3145, #2726 ) ;
#1910 = EDGE_CURVE ( 'NONE', #2257, #3198, #3827, .T. ) ;
#1911 = CARTESIAN_POINT ( 'NONE',  ( 0.6900000000000013900, 0.6600000000000000311, 1.534368283772331587 ) ) ;
#1912 = SURFACE_STYLE_USAGE ( .BOTH. , #2218 ) ;
#1913 = DIRECTION ( 'NONE',  ( 0.000000000000000000, 0.000000000000000000, -1.000000000000000000 ) ) ;
#1914 = ADVANCED_FACE ( 'NONE', ( #3450 ), #525, .F. ) ;
#1915 = VERTEX_POINT ( 'NONE', #557 ) ;
#1916 = VERTEX_POINT ( 'NONE', #2860 ) ;
#1917 = CARTESIAN_POINT ( 'NONE',  ( 0.8277674206920386801, 0.3569840057795419797, 1.016473668351711490 ) ) ;
#1918 = DIRECTION ( 'NONE',  ( -0.7071067811865526798, 0.000000000000000000, 0.7071067811865422437 ) ) ;
#1919 =( LENGTH_UNIT ( ) NAMED_UNIT ( * ) SI_UNIT ( .MILLI., .METRE. ) );
#1920 = STYLED_ITEM ( 'NONE', ( #2149 ), #86 ) ;
#1921 = ADVANCED_FACE ( 'NONE', ( #1900 ), #3211, .F. ) ;
#1922 = FILL_AREA_STYLE_COLOUR ( '', #2116 ) ;
#1923 = DIRECTION ( 'NONE',  ( 0.000000000000000000, 0.000000000000000000, -1.000000000000000000 ) ) ;
#1924 = CARTESIAN_POINT ( 'NONE',  ( 0.6109577017862936055, 0.01161786843529648110, -1.149042298213705182 ) ) ;
#1925 = EDGE_LOOP ( 'NONE', ( #1440, #345, #1514, #3824 ) ) ;
#1926 = CARTESIAN_POINT ( 'NONE',  ( 0.6971599597868604059, 0.2024146201765777697, 1.062840040213138826 ) ) ;
#1927 = SURFACE_STYLE_FILL_AREA ( #598 ) ;
#1928 = LINE ( 'NONE', #2920, #2359 ) ;
#1929 = CARTESIAN_POINT ( 'NONE',  ( -1.534368283772331587, 0.6600000000000000311, -0.6900000000000009459 ) ) ;
#1930 = ORIENTED_EDGE ( 'NONE', *, *, #2393, .F. ) ;
#1931 =( NAMED_UNIT ( * ) PLANE_ANGLE_UNIT ( ) SI_UNIT ( $, .RADIAN. ) );
#1932 = CARTESIAN_POINT ( 'NONE',  ( -1.124999999999999334, 0.1199999999999998845, 1.039999999999999591 ) ) ;
#1933 = PRESENTATION_LAYER_ASSIGNMENT (  '', '', ( #4125 ) ) ;
#1934 = LINE ( 'NONE', #1424, #2067 ) ;
#1935 = DIRECTION ( 'NONE',  ( 0.000000000000000000, 1.000000000000000000, 0.000000000000000000 ) ) ;
#1936 = COLOUR_RGB ( '',0.2509803921568627416, 0.2509803921568627416, 0.2509803921568627416 ) ;
#1937 = CARTESIAN_POINT ( 'NONE',  ( 0.7200000000000004174, 1.000000000000000000, -1.040000000000000036 ) ) ;
#1938 = PRESENTATION_STYLE_ASSIGNMENT (( #952 ) ) ;
#1939 = VERTEX_POINT ( 'NONE', #3486 ) ;
#1940 =( NAMED_UNIT ( * ) PLANE_ANGLE_UNIT ( ) SI_UNIT ( $, .RADIAN. ) );
#1941 = PRESENTATION_STYLE_ASSIGNMENT (( #3522 ) ) ;
#1942 = VECTOR ( 'NONE', #1826, 1000.000000000000114 ) ;
#1943 = STYLED_ITEM ( 'NONE', ( #1029 ), #3422 ) ;
#1944 = EDGE_LOOP ( 'NONE', ( #1344, #78, #3658, #2657 ) ) ;
#1945 = VECTOR ( 'NONE', #1691, 1000.000000000000000 ) ;
#1946 = FILL_AREA_STYLE_COLOUR ( '', #1517 ) ;
#1947 = ADVANCED_FACE ( 'NONE', ( #1601 ), #3849, .F. ) ;
#1948 = CARTESIAN_POINT ( 'NONE',  ( -1.040000000000000924, 0.3200000000000000622, 0.6900000000000013900 ) ) ;
#1949 = PRESENTATION_STYLE_ASSIGNMENT (( #3889 ) ) ;
#1950 = PRESENTATION_LAYER_ASSIGNMENT (  '', '', ( #1120 ) ) ;
#1951 = EDGE_CURVE ( 'NONE', #2486, #2266, #271, .T. ) ;
#1952 = VECTOR ( 'NONE', #2287, 1000.000000000000000 ) ;
#1953 = ORIENTED_EDGE ( 'NONE', *, *, #559, .F. ) ;
#1954 = VERTEX_POINT ( 'NONE', #2384 ) ;
#1955 = FILL_AREA_STYLE_COLOUR ( '', #1054 ) ;
#1956 = ADVANCED_FACE ( 'NONE', ( #2347 ), #2959, .F. ) ;
#1957 = VERTEX_POINT ( 'NONE', #708 ) ;
#1958 =( NAMED_UNIT ( * ) PLANE_ANGLE_UNIT ( ) SI_UNIT ( $, .RADIAN. ) );
#1959 = DIRECTION ( 'NONE',  ( 0.000000000000000000, 0.000000000000000000, 1.000000000000000000 ) ) ;
#1960 = FILL_AREA_STYLE ('',( #3857 ) ) ;
#1961 = CYLINDRICAL_SURFACE ( 'NONE', #2781, 0.5999999999999996447 ) ;
#1962 = EDGE_LOOP ( 'NONE', ( #2775, #3737, #1266, #430 ) ) ;
#1963 = ORIENTED_EDGE ( 'NONE', *, *, #1468, .F. ) ;
#1964 = FILL_AREA_STYLE_COLOUR ( '', #184 ) ;
#1965 = FILL_AREA_STYLE_COLOUR ( '', #1757 ) ;
#1966 = CARTESIAN_POINT ( 'NONE',  ( -0.7199999999999995293, 0.1199999999999998845, 1.039999999999999591 ) ) ;
#1967 =( NAMED_UNIT ( * ) SI_UNIT ( $, .STERADIAN. ) SOLID_ANGLE_UNIT ( ) );
#1968 = SURFACE_SIDE_STYLE ('',( #3588 ) ) ;
#1969 = VERTEX_POINT ( 'NONE', #2333 ) ;
#1970 = PRESENTATION_STYLE_ASSIGNMENT (( #3568 ) ) ;
#1971 = CARTESIAN_POINT ( 'NONE',  ( 0.4250000000000005995, 0.1199999999999998845, -1.199999999999999734 ) ) ;
#1972 = CARTESIAN_POINT ( 'NONE',  ( 0.7199999999999999734, 1.000000000000000000, 1.040000000000000036 ) ) ;
#1973 = DIRECTION ( 'NONE',  ( 1.000000000000000000, 0.000000000000000000, 0.000000000000000000 ) ) ;
#1974 = DIRECTION ( 'NONE',  ( -1.000000000000000000, -0.000000000000000000, -0.000000000000000000 ) ) ;
#1975 = ADVANCED_FACE ( 'NONE', ( #52 ), #1339, .T. ) ;
#1976 = CIRCLE ( 'NONE', #1401, 0.05999999999999917899 ) ;
#1977 = ADVANCED_FACE ( 'NONE', ( #3958 ), #90, .F. ) ;
#1978 = EDGE_CURVE ( 'NONE', #1957, #1640, #2035, .T. ) ;
#1979 = ORIENTED_EDGE ( 'NONE', *, *, #1519, .F. ) ;
#1980 = CARTESIAN_POINT ( 'NONE',  ( -0.7971693918810245361, 0.1918347148094735333, 1.039999999999999591 ) ) ;
#1981 = STYLED_ITEM ( 'NONE', ( #89 ), #1259 ) ;
#1982 = DIRECTION ( 'NONE',  ( 0.000000000000000000, 0.000000000000000000, -1.000000000000000000 ) ) ;
#1983 = CARTESIAN_POINT ( 'NONE',  ( 0.7199999999999999734, 0.1199999999999998845, 1.040000000000000036 ) ) ;
#1984 = STYLED_ITEM ( 'NONE', ( #2893 ), #1644 ) ;
#1985 = SURFACE_SIDE_STYLE ('',( #2909 ) ) ;
#1986 = SURFACE_STYLE_USAGE ( .BOTH. , #4211 ) ;
#1987 = CARTESIAN_POINT ( 'NONE',  ( -1.124999999999999334, 1.000000000000000000, -1.039999999999999591 ) ) ;
#1988 = VERTEX_POINT ( 'NONE', #2711 ) ;
#1989 = PRESENTATION_LAYER_ASSIGNMENT (  '', '', ( #223 ) ) ;
#1990 =( NAMED_UNIT ( * ) PLANE_ANGLE_UNIT ( ) SI_UNIT ( $, .RADIAN. ) );
#1991 = VECTOR ( 'NONE', #3932, 1000.000000000000000 ) ;
#1992 = UNCERTAINTY_MEASURE_WITH_UNIT (LENGTH_MEASURE( 1.000000000000000082E-05 ), #898, 'distance_accuracy_value', 'NONE');
#1993 = DIRECTION ( 'NONE',  ( 1.000000000000000000, -0.000000000000000000, -0.000000000000000000 ) ) ;
#1994 = COLOUR_RGB ( '',0.7294117647058823151, 0.3568627450980392246, 0.02352941176470588203 ) ;
#1995 =( NAMED_UNIT ( * ) PLANE_ANGLE_UNIT ( ) SI_UNIT ( $, .RADIAN. ) );
#1996 =( LENGTH_UNIT ( ) NAMED_UNIT ( * ) SI_UNIT ( .MILLI., .METRE. ) );
#1997 = EDGE_LOOP ( 'NONE', ( #604, #3967, #860, #1764, #1364, #236, #1471, #1530, #1832, #2132, #3060, #654, #2563, #1062, #977, #2451 ) ) ;
#1998 = COLOUR_RGB ( '',0.7294117647058823151, 0.3568627450980392246, 0.02352941176470588203 ) ;
#1999 = ORIENTED_EDGE ( 'NONE', *, *, #2111, .F. ) ;
#2000 = SURFACE_STYLE_FILL_AREA ( #3297 ) ;
#2001 = CARTESIAN_POINT ( 'NONE',  ( 0.6900000000000013900, 1.000000000000000000, -1.039999999999999813 ) ) ;
#2002 = STYLED_ITEM ( 'NONE', ( #3996 ), #2842 ) ;
#2003 = VERTEX_POINT ( 'NONE', #3998 ) ;
#2004 = DIRECTION ( 'NONE',  ( 0.000000000000000000, 1.000000000000000000, 0.000000000000000000 ) ) ;
#2005 = ORIENTED_EDGE ( 'NONE', *, *, #2178, .T. ) ;
#2006 = FILL_AREA_STYLE ('',( #1004 ) ) ;
#2007 = CARTESIAN_POINT ( 'NONE',  ( 0.6900000000000013900, 1.000000000000000000, 1.040000000000000924 ) ) ;
#2008 = VECTOR ( 'NONE', #2004, 1000.000000000000000 ) ;
#2009 = DIRECTION ( 'NONE',  ( 1.000000000000000000, 0.000000000000000000, -9.035018104045870941E-16 ) ) ;
#2010 = CARTESIAN_POINT ( 'NONE',  ( 0.000000000000000000, 0.6600000000000000311, -1.534368283772330699 ) ) ;
#2011 = CARTESIAN_POINT ( 'NONE',  ( 0.7200000000000004174, 1.199999999999999956, -1.040000000000000036 ) ) ;
#2012 = CARTESIAN_POINT ( 'NONE',  ( -0.8229686045283232110, 0.3618771897921577718, 1.013673757169853751 ) ) ;
#2013 = LINE ( 'NONE', #69, #1156 ) ;
#2014 =( GEOMETRIC_REPRESENTATION_CONTEXT ( 3 ) GLOBAL_UNCERTAINTY_ASSIGNED_CONTEXT ( ( #2091 ) ) GLOBAL_UNIT_ASSIGNED_CONTEXT ( ( #3961, #3318, #3724 ) ) REPRESENTATION_CONTEXT ( 'NONE', 'WORKASPACE' ) );
#2015 = CARTESIAN_POINT ( 'NONE',  ( 1.125000000000000222, 0.1199999999999998845, -1.039999999999999591 ) ) ;
#2016 = TOROIDAL_SURFACE ( 'NONE', #4141, 0.8443682837723295309, 0.5999999999999996447 ) ;
#2017 = SURFACE_SIDE_STYLE ('',( #707 ) ) ;
#2018 = VECTOR ( 'NONE', #756, 1000.000000000000114 ) ;
#2019 = ORIENTED_EDGE ( 'NONE', *, *, #3224, .T. ) ;
#2020 = ADVANCED_FACE ( 'NONE', ( #128 ), #3892, .F. ) ;
#2021 = MECHANICAL_DESIGN_GEOMETRIC_PRESENTATION_REPRESENTATION (  '', ( #929 ), #1508 ) ;
#2022 =( NAMED_UNIT ( * ) SI_UNIT ( $, .STERADIAN. ) SOLID_ANGLE_UNIT ( ) );
#2023 = EDGE_CURVE ( 'NONE', #2987, #3745, #3915, .T. ) ;
#2024 = EDGE_CURVE ( 'NONE', #893, #2266, #3154, .T. ) ;
#2025 = VERTEX_POINT ( 'NONE', #2078 ) ;
#2026 = DIRECTION ( 'NONE',  ( 0.000000000000000000, 0.000000000000000000, 1.000000000000000000 ) ) ;
#2027 = ORIENTED_EDGE ( 'NONE', *, *, #949, .F. ) ;
#2028 = UNCERTAINTY_MEASURE_WITH_UNIT (LENGTH_MEASURE( 1.000000000000000082E-05 ), #1275, 'distance_accuracy_value', 'NONE');
#2029 = DIRECTION ( 'NONE',  ( 0.000000000000000000, -1.000000000000000000, 0.000000000000000000 ) ) ;
#2030 = FILL_AREA_STYLE_COLOUR ( '', #891 ) ;
#2031 =( LENGTH_UNIT ( ) NAMED_UNIT ( * ) SI_UNIT ( .MILLI., .METRE. ) );
#2032 = LINE ( 'NONE', #2707, #3216 ) ;
#2033 = CARTESIAN_POINT ( 'NONE',  ( -0.6528306081189763077, 0.1918347148094735333, 1.199999999999999734 ) ) ;
#2034 = PLANE ( 'NONE',  #569 ) ;
#2035 = LINE ( 'NONE', #3033, #2366 ) ;
#2036 = ORIENTED_EDGE ( 'NONE', *, *, #4071, .F. ) ;
#2037 = SURFACE_STYLE_FILL_AREA ( #3020 ) ;
#2038 = MECHANICAL_DESIGN_GEOMETRIC_PRESENTATION_REPRESENTATION (  '', ( #272 ), #1614 ) ;
#2039 = EDGE_CURVE ( 'NONE', #1116, #1110, #2754, .T. ) ;
#2040 = UNCERTAINTY_MEASURE_WITH_UNIT (LENGTH_MEASURE( 1.000000000000000082E-05 ), #96, 'distance_accuracy_value', 'NONE');
#2041 = MECHANICAL_DESIGN_GEOMETRIC_PRESENTATION_REPRESENTATION (  '', ( #1830 ), #274 ) ;
#2042 = VERTEX_POINT ( 'NONE', #1488 ) ;
#2043 = CARTESIAN_POINT ( 'NONE',  ( 0.6900000000000013900, 0.6600000000000000311, 0.9343682837723319423 ) ) ;
#2044 = VERTEX_POINT ( 'NONE', #579 ) ;
#2045 = CYLINDRICAL_SURFACE ( 'NONE', #435, 0.2400000000000000466 ) ;
#2046 = EDGE_CURVE ( 'NONE', #1252, #2755, #3172, .T. ) ;
#2047 = CARTESIAN_POINT ( 'NONE',  ( -0.6109577017862933834, 0.01161786843529651406, 1.149042298213704960 ) ) ;
#2048 = DIRECTION ( 'NONE',  ( -0.9537169507482288200, 0.3007057995042671239, 0.000000000000000000 ) ) ;
#2049 = STYLED_ITEM ( 'NONE', ( #3429 ), #1834 ) ;
#2050 = LINE ( 'NONE', #3937, #1787 ) ;
#2051 = COLOUR_RGB ( '',0.2509803921568627416, 0.2509803921568627416, 0.2509803921568627416 ) ;
#2052 = LINE ( 'NONE', #3687, #1904 ) ;
#2053 = DIRECTION ( 'NONE',  ( -0.9537169507482290420, 0.3007057995042662912, -0.000000000000000000 ) ) ;
#2054 = EDGE_CURVE ( 'NONE', #3087, #3748, #2229, .T. ) ;
#2055 = FILL_AREA_STYLE_COLOUR ( '', #1053 ) ;
#2056 = EDGE_CURVE ( 'NONE', #3121, #130, #1794, .T. ) ;
#2057 = AXIS2_PLACEMENT_3D ( 'NONE', #1169, #3434, #1127 ) ;
#2058 = SURFACE_SIDE_STYLE ('',( #2483 ) ) ;
#2059 = FILL_AREA_STYLE_COLOUR ( '', #3150 ) ;
#2060 = DIRECTION ( 'NONE',  ( 1.070816960479511339E-15, -0.000000000000000000, -1.000000000000000000 ) ) ;
#2061 = ORIENTED_EDGE ( 'NONE', *, *, #690, .T. ) ;
#2062 = AXIS2_PLACEMENT_3D ( 'NONE', #1889, #3219, #261 ) ;
#2063 = LINE ( 'NONE', #3042, #1148 ) ;
#2064 = CARTESIAN_POINT ( 'NONE',  ( 0.5599999999999980549, 1.000000000000000000, -1.199999999999999734 ) ) ;
#2065 = SURFACE_STYLE_FILL_AREA ( #3022 ) ;
#2066 = ORIENTED_EDGE ( 'NONE', *, *, #1183, .T. ) ;
#2067 = VECTOR ( 'NONE', #3424, 1000.000000000000000 ) ;
#2068 = LINE ( 'NONE', #3751, #1595 ) ;
#2069 = EDGE_CURVE ( 'NONE', #2370, #1447, #1096, .T. ) ;
#2070 = LINE ( 'NONE', #358, #3551 ) ;
#2071 = DIRECTION ( 'NONE',  ( -0.9537169507482291531, 0.3007057995042662912, 0.000000000000000000 ) ) ;
#2072 = SURFACE_STYLE_FILL_AREA ( #4032 ) ;
#2073 = LINE ( 'NONE', #650, #420 ) ;
#2074 = PLANE ( 'NONE',  #564 ) ;
#2075 = VECTOR ( 'NONE', #2919, 1000.000000000000114 ) ;
#2076 = DIRECTION ( 'NONE',  ( -1.000000000000000000, 0.000000000000000000, -2.085004177856739315E-16 ) ) ;
#2077 =( NAMED_UNIT ( * ) SI_UNIT ( $, .STERADIAN. ) SOLID_ANGLE_UNIT ( ) );
#2078 = CARTESIAN_POINT ( 'NONE',  ( 0.9343682837723314982, 0.6600000000000000311, 0.6900000000000013900 ) ) ;
#2079 = FACE_OUTER_BOUND ( 'NONE', #2927, .T. ) ;
#2080 = AXIS2_PLACEMENT_3D ( 'NONE', #2658, #954, #1585 ) ;
#2081 = ADVANCED_FACE ( 'NONE', ( #905 ), #253, .T. ) ;
#2082 = EDGE_LOOP ( 'NONE', ( #489, #2182, #1622, #4072, #1778, #3524 ) ) ;
#2083 = ADVANCED_FACE ( 'NONE', ( #4115 ), #1177, .F. ) ;
#2084 = PLANE ( 'NONE',  #3716 ) ;
#2085 = ADVANCED_FACE ( 'NONE', ( #1815 ), #32, .F. ) ;
#2086 = STYLED_ITEM ( 'NONE', ( #755 ), #3058 ) ;
#2087 = PRESENTATION_LAYER_ASSIGNMENT (  '', '', ( #2712 ) ) ;
#2088 = LINE ( 'NONE', #4021, #4091 ) ;
#2089 = MECHANICAL_DESIGN_GEOMETRIC_PRESENTATION_REPRESENTATION (  '', ( #1874 ), #2162 ) ;
#2090 = AXIS2_PLACEMENT_3D ( 'NONE', #3983, #3381, #2114 ) ;
#2091 = UNCERTAINTY_MEASURE_WITH_UNIT (LENGTH_MEASURE( 1.000000000000000082E-05 ), #3961, 'distance_accuracy_value', 'NONE');
#2092 = MECHANICAL_DESIGN_GEOMETRIC_PRESENTATION_REPRESENTATION (  '', ( #510 ), #3445 ) ;
#2093 = ORIENTED_EDGE ( 'NONE', *, *, #4118, .F. ) ;
#2094 = DIRECTION ( 'NONE',  ( 1.000000000000000000, 0.000000000000000000, 0.000000000000000000 ) ) ;
#2095 = DIRECTION ( 'NONE',  ( 1.000000000000000000, 0.000000000000000000, 0.000000000000000000 ) ) ;
#2096 = CARTESIAN_POINT ( 'NONE',  ( 0.5599999999999980549, 1.000000000000000000, -1.199999999999999734 ) ) ;
#2097 = LINE ( 'NONE', #1086, #3670 ) ;
#2098 = CARTESIAN_POINT ( 'NONE',  ( 0.8399999999999991918, 0.3199999999999998401, 0.9343682837723317203 ) ) ;
#2099 = CARTESIAN_POINT ( 'NONE',  ( 0.7200000000000004174, 0.3199999999999998401, -1.040000000000000036 ) ) ;
#2100 = ORIENTED_EDGE ( 'NONE', *, *, #3870, .F. ) ;
#2101 = FACE_OUTER_BOUND ( 'NONE', #2967, .T. ) ;
#2102 = CARTESIAN_POINT ( 'NONE',  ( 0.5599999999999980549, 0.3199999999999998401, -1.199999999999999734 ) ) ;
#2103 =( LENGTH_UNIT ( ) NAMED_UNIT ( * ) SI_UNIT ( .MILLI., .METRE. ) );
#2104 = CARTESIAN_POINT ( 'NONE',  ( -1.049999999999999822, 1.000000000000000000, 1.039999999999999591 ) ) ;
#2105 = ORIENTED_EDGE ( 'NONE', *, *, #1519, .T. ) ;
#2106 = EDGE_LOOP ( 'NONE', ( #4018, #4117, #900, #41, #2304, #1506, #2957, #2299, #468, #257, #2185, #3573 ) ) ;
#2107 = DIRECTION ( 'NONE',  ( 0.000000000000000000, 0.000000000000000000, -1.000000000000000000 ) ) ;
#2108 = SPHERICAL_SURFACE ( 'NONE', #3710, 0.05999999999999999778 ) ;
#2109 = LINE ( 'NONE', #3396, #1761 ) ;
#2110 = EDGE_CURVE ( 'NONE', #4058, #4196, #57, .T. ) ;
#2111 = EDGE_CURVE ( 'NONE', #2410, #2486, #1326, .T. ) ;
#2112 = DIRECTION ( 'NONE',  ( 1.000000000000000000, 0.000000000000000000, 0.000000000000000000 ) ) ;
#2113 = EDGE_CURVE ( 'NONE', #3168, #3113, #60, .T. ) ;
#2114 = DIRECTION ( 'NONE',  ( 0.000000000000000000, 0.000000000000000000, 1.000000000000000000 ) ) ;
#2115 = ADVANCED_FACE ( 'NONE', ( #947 ), #3618, .T. ) ;
#2116 = COLOUR_RGB ( '',0.2509803921568627416, 0.2509803921568627416, 0.2509803921568627416 ) ;
#2117 = ORIENTED_EDGE ( 'NONE', *, *, #2495, .T. ) ;
#2118 =( NAMED_UNIT ( * ) SI_UNIT ( $, .STERADIAN. ) SOLID_ANGLE_UNIT ( ) );
#2119 = FACE_OUTER_BOUND ( 'NONE', #3106, .T. ) ;
#2120 = CARTESIAN_POINT ( 'NONE',  ( 0.7200000000000004174, 1.000000000000000000, -1.040000000000000036 ) ) ;
#2121 = PRESENTATION_STYLE_ASSIGNMENT (( #1692 ) ) ;
#2122 =( GEOMETRIC_REPRESENTATION_CONTEXT ( 3 ) GLOBAL_UNCERTAINTY_ASSIGNED_CONTEXT ( ( #3491 ) ) GLOBAL_UNIT_ASSIGNED_CONTEXT ( ( #1334, #1995, #1271 ) ) REPRESENTATION_CONTEXT ( 'NONE', 'WORKASPACE' ) );
#2123 = CARTESIAN_POINT ( 'NONE',  ( -0.7971693918810245361, 0.1918347148094735333, -1.039999999999999591 ) ) ;
#2124 = STYLED_ITEM ( 'NONE', ( #1716 ), #1272 ) ;
#2125 = CARTESIAN_POINT ( 'NONE',  ( 0.6900000000000013900, 1.000000000000000000, 0.6900000000000013900 ) ) ;
#2126 = ORIENTED_EDGE ( 'NONE', *, *, #2998, .F. ) ;
#2127 = FILL_AREA_STYLE ('',( #2055 ) ) ;
#2128 = PLANE ( 'NONE',  #474 ) ;
#2129 = LINE ( 'NONE', #1239, #3280 ) ;
#2130 = VECTOR ( 'NONE', #3049, 1000.000000000000000 ) ;
#2131 = SURFACE_SIDE_STYLE ('',( #1464 ) ) ;
#2132 = ORIENTED_EDGE ( 'NONE', *, *, #429, .T. ) ;
#2133 = ORIENTED_EDGE ( 'NONE', *, *, #3354, .F. ) ;
#2134 =( GEOMETRIC_REPRESENTATION_CONTEXT ( 3 ) GLOBAL_UNCERTAINTY_ASSIGNED_CONTEXT ( ( #698 ) ) GLOBAL_UNIT_ASSIGNED_CONTEXT ( ( #1335, #2343, #1351 ) ) REPRESENTATION_CONTEXT ( 'NONE', 'WORKASPACE' ) );
#2135 = CARTESIAN_POINT ( 'NONE',  ( -1.124999999999999334, 0.3199999999999998401, -1.039999999999999591 ) ) ;
#2136 = DIRECTION ( 'NONE',  ( -0.7071067811865511255, 0.000000000000000000, -0.7071067811865440200 ) ) ;
#2137 = DIRECTION ( 'NONE',  ( 1.000000000000000000, 0.000000000000000000, 0.000000000000000000 ) ) ;
#2138 = ORIENTED_EDGE ( 'NONE', *, *, #1836, .F. ) ;
#2139 = ORIENTED_EDGE ( 'NONE', *, *, #2497, .T. ) ;
#2140 = CLOSED_SHELL ( 'NONE', ( #3128, #1956, #1572, #1947 ) ) ;
#2141 = ORIENTED_EDGE ( 'NONE', *, *, #3122, .T. ) ;
#2142 = DIRECTION ( 'NONE',  ( -6.123233995736766036E-17, 0.000000000000000000, -1.000000000000000000 ) ) ;
#2143 = SURFACE_SIDE_STYLE ('',( #2165 ) ) ;
#2144 = SURFACE_STYLE_FILL_AREA ( #566 ) ;
#2145 = FILL_AREA_STYLE ('',( #3752 ) ) ;
#2146 = SURFACE_SIDE_STYLE ('',( #1087 ) ) ;
#2147 = EDGE_LOOP ( 'NONE', ( #1035, #871, #3480, #2597 ) ) ;
#2148 = SURFACE_STYLE_FILL_AREA ( #2127 ) ;
#2149 = PRESENTATION_STYLE_ASSIGNMENT (( #3102 ) ) ;
#2150 =( LENGTH_UNIT ( ) NAMED_UNIT ( * ) SI_UNIT ( .MILLI., .METRE. ) );
#2151 = VERTEX_POINT ( 'NONE', #2104 ) ;
#2152 = EDGE_LOOP ( 'NONE', ( #2587, #1173 ) ) ;
#2153 =( GEOMETRIC_REPRESENTATION_CONTEXT ( 3 ) GLOBAL_UNCERTAINTY_ASSIGNED_CONTEXT ( ( #3009 ) ) GLOBAL_UNIT_ASSIGNED_CONTEXT ( ( #70, #340, #2328 ) ) REPRESENTATION_CONTEXT ( 'NONE', 'WORKASPACE' ) );
#2154 =( NAMED_UNIT ( * ) SI_UNIT ( $, .STERADIAN. ) SOLID_ANGLE_UNIT ( ) );
#2155 = FACE_OUTER_BOUND ( 'NONE', #3415, .T. ) ;
#2156 = STYLED_ITEM ( 'NONE', ( #422 ), #3050 ) ;
#2157 = DIRECTION ( 'NONE',  ( 1.000000000000000000, 0.000000000000000000, -1.070816960479510155E-15 ) ) ;
#2158 =( GEOMETRIC_REPRESENTATION_CONTEXT ( 3 ) GLOBAL_UNCERTAINTY_ASSIGNED_CONTEXT ( ( #1342 ) ) GLOBAL_UNIT_ASSIGNED_CONTEXT ( ( #3016, #1699, #87 ) ) REPRESENTATION_CONTEXT ( 'NONE', 'WORKASPACE' ) );
#2159 = EDGE_LOOP ( 'NONE', ( #1300, #644, #3624, #17 ) ) ;
#2160 = VECTOR ( 'NONE', #1075, 1000.000000000000000 ) ;
#2161 = DIRECTION ( 'NONE',  ( 1.000000000000000000, 0.000000000000000000, 0.000000000000000000 ) ) ;
#2162 =( GEOMETRIC_REPRESENTATION_CONTEXT ( 3 ) GLOBAL_UNCERTAINTY_ASSIGNED_CONTEXT ( ( #1728 ) ) GLOBAL_UNIT_ASSIGNED_CONTEXT ( ( #857, #2179, #534 ) ) REPRESENTATION_CONTEXT ( 'NONE', 'WORKASPACE' ) );
#2163 = LINE ( 'NONE', #1186, #3908 ) ;
#2164 = LINE ( 'NONE', #1474, #1317 ) ;
#2165 = SURFACE_STYLE_FILL_AREA ( #1426 ) ;
#2166 = ADVANCED_FACE ( 'NONE', ( #2448 ), #446, .T. ) ;
#2167 = CARTESIAN_POINT ( 'NONE',  ( 0.000000000000000000, 0.6600000000000000311, -1.534368283772330699 ) ) ;
#2168 = CARTESIAN_POINT ( 'NONE',  ( 0.6528306081189763077, 0.1918347148094735333, 1.107169391881022813 ) ) ;
#2169 = EDGE_CURVE ( 'NONE', #12, #3317, #3104, .T. ) ;
#2170 = PRESENTATION_STYLE_ASSIGNMENT (( #2500 ) ) ;
#2171 = CARTESIAN_POINT ( 'NONE',  ( 0.8399999999999991918, 0.3199999999999998401, 1.039999999999999591 ) ) ;
#2172 = CARTESIAN_POINT ( 'NONE',  ( 0.7200000000000004174, 0.2028905576439351544, -1.040000000000000036 ) ) ;
#2173 = DIRECTION ( 'NONE',  ( -0.7071067811865658914, 0.000000000000000000, -0.7071067811865292541 ) ) ;
#2174 = LINE ( 'NONE', #2835, #2714 ) ;
#2175 = EDGE_LOOP ( 'NONE', ( #617, #2861, #2340, #3834, #1413 ) ) ;
#2176 = ORIENTED_EDGE ( 'NONE', *, *, #3851, .T. ) ;
#2177 = CARTESIAN_POINT ( 'NONE',  ( 0.6528306081189763077, 0.1918347148094735333, 1.107169391881022813 ) ) ;
#2178 = EDGE_CURVE ( 'NONE', #864, #3156, #2580, .T. ) ;
#2179 =( NAMED_UNIT ( * ) PLANE_ANGLE_UNIT ( ) SI_UNIT ( $, .RADIAN. ) );
#2180 = DIRECTION ( 'NONE',  ( -0.000000000000000000, -0.000000000000000000, -1.000000000000000000 ) ) ;
#2181 =( LENGTH_UNIT ( ) NAMED_UNIT ( * ) SI_UNIT ( .MILLI., .METRE. ) );
#2182 = ORIENTED_EDGE ( 'NONE', *, *, #2738, .F. ) ;
#2183 =( NAMED_UNIT ( * ) SI_UNIT ( $, .STERADIAN. ) SOLID_ANGLE_UNIT ( ) );
#2184 = ADVANCED_FACE ( 'NONE', ( #2079 ), #1073, .T. ) ;
#2185 = ORIENTED_EDGE ( 'NONE', *, *, #450, .F. ) ;
#2186 = UNCERTAINTY_MEASURE_WITH_UNIT (LENGTH_MEASURE( 1.000000000000000082E-05 ), #3793, 'distance_accuracy_value', 'NONE');
#2187 = CARTESIAN_POINT ( 'NONE',  ( -0.6528306081189763077, 0.1918347148094735333, -1.107169391881022147 ) ) ;
#2188 = CARTESIAN_POINT ( 'NONE',  ( -0.7199999999999995293, 1.199999999999999956, -1.039999999999999591 ) ) ;
#2189 = PRODUCT_DEFINITION_CONTEXT ( 'detailed design', #4043, 'design' ) ;
#2190 = AXIS2_PLACEMENT_3D ( 'NONE', #1526, #1167, #4126 ) ;
#2191 = SURFACE_STYLE_USAGE ( .BOTH. , #868 ) ;
#2192 = FACE_OUTER_BOUND ( 'NONE', #1273, .T. ) ;
#2193 = CARTESIAN_POINT ( 'NONE',  ( 0.6109577017862933834, 0.01161786843529668753, 1.149042298213704738 ) ) ;
#2194 = VERTEX_POINT ( 'NONE', #745 ) ;
#2195 = MECHANICAL_DESIGN_GEOMETRIC_PRESENTATION_REPRESENTATION (  '', ( #1618 ), #273 ) ;
#2196 = EDGE_CURVE ( 'NONE', #2829, #173, #1718, .T. ) ;
#2197 = CARTESIAN_POINT ( 'NONE',  ( 0.7214651740818057712, 0.3346453371403236843, 1.030183808111995614 ) ) ;
#2198 = CARTESIAN_POINT ( 'NONE',  ( 0.7799999999999994715, 0.3199999999999998401, 0.8899999999999996803 ) ) ;
#2199 = CIRCLE ( 'NONE', #2478, 0.2399999999999999911 ) ;
#2200 = ORIENTED_EDGE ( 'NONE', *, *, #2564, .T. ) ;
#2201 = FILL_AREA_STYLE ('',( #1813 ) ) ;
#2202 = ADVANCED_FACE ( 'NONE', ( #1741 ), #3475, .T. ) ;
#2203 =( GEOMETRIC_REPRESENTATION_CONTEXT ( 3 ) GLOBAL_UNCERTAINTY_ASSIGNED_CONTEXT ( ( #587 ) ) GLOBAL_UNIT_ASSIGNED_CONTEXT ( ( #2103, #2796, #852 ) ) REPRESENTATION_CONTEXT ( 'NONE', 'WORKASPACE' ) );
#2204 = CARTESIAN_POINT ( 'NONE',  ( -0.7799999999999994715, 0.3199999999999998401, 1.099999999999999645 ) ) ;
#2205 = CARTESIAN_POINT ( 'NONE',  ( -0.6528306081189763077, 0.1918347148094735610, -1.107169391881022369 ) ) ;
#2206 =( NAMED_UNIT ( * ) SI_UNIT ( $, .STERADIAN. ) SOLID_ANGLE_UNIT ( ) );
#2207 = VECTOR ( 'NONE', #2745, 999.9999999999998863 ) ;
#2208 = CIRCLE ( 'NONE', #343, 0.5999999999999996447 ) ;
#2209 = AXIS2_PLACEMENT_3D ( 'NONE', #424, #757, #3365 ) ;
#2210 = ORIENTED_EDGE ( 'NONE', *, *, #839, .F. ) ;
#2211 = MECHANICAL_DESIGN_GEOMETRIC_PRESENTATION_REPRESENTATION (  '', ( #1569 ), #2553 ) ;
#2212 = ORIENTED_EDGE ( 'NONE', *, *, #980, .F. ) ;
#2213 = PRESENTATION_LAYER_ASSIGNMENT (  '', '', ( #2426 ) ) ;
#2214 = PRESENTATION_LAYER_ASSIGNMENT (  '', '', ( #1037 ) ) ;
#2215 = PLANE ( 'NONE',  #946 ) ;
#2216 = CARTESIAN_POINT ( 'NONE',  ( 0.6528306081189763077, 0.1918347148094735333, -1.199999999999999734 ) ) ;
#2217 = EDGE_CURVE ( 'NONE', #1116, #4121, #2174, .T. ) ;
#2218 = SURFACE_SIDE_STYLE ('',( #3494 ) ) ;
#2219 = ADVANCED_FACE ( 'NONE', ( #4134 ), #1198, .T. ) ;
#2220 = ORIENTED_EDGE ( 'NONE', *, *, #1081, .F. ) ;
#2221 = CARTESIAN_POINT ( 'NONE',  ( 0.7290972864826247291, 0.3523118436313315560, 1.019230936510460372 ) ) ;
#2222 = CARTESIAN_POINT ( 'NONE',  ( 1.125000000000000222, 1.000000000000000000, -1.039999999999999591 ) ) ;
#2223 = PLANE ( 'NONE',  #3621 ) ;
#2224 = LINE ( 'NONE', #3500, #3515 ) ;
#2225 = DIRECTION ( 'NONE',  ( -0.3007057995042665688, 0.9537169507482290420, 0.000000000000000000 ) ) ;
#2226 = ORIENTED_EDGE ( 'NONE', *, *, #288, .T. ) ;
#2227 =( LENGTH_UNIT ( ) NAMED_UNIT ( * ) SI_UNIT ( .MILLI., .METRE. ) );
#2228 = CARTESIAN_POINT ( 'NONE',  ( -0.7799999999999994715, 0.3199999999999998401, 1.099999999999999645 ) ) ;
#2229 = LINE ( 'NONE', #2470, #3288 ) ;
#2230 = SURFACE_STYLE_FILL_AREA ( #4183 ) ;
#2231 = EDGE_CURVE ( 'NONE', #2853, #2194, #4155, .T. ) ;
#2232 = EDGE_CURVE ( 'NONE', #3083, #1969, #2224, .T. ) ;
#2233 = EDGE_LOOP ( 'NONE', ( #3393, #2139, #2234 ) ) ;
#2234 = ORIENTED_EDGE ( 'NONE', *, *, #3400, .F. ) ;
#2235 =( NAMED_UNIT ( * ) SI_UNIT ( $, .STERADIAN. ) SOLID_ANGLE_UNIT ( ) );
#2236 = PRESENTATION_LAYER_ASSIGNMENT (  '', '', ( #3575 ) ) ;
#2237 = PRESENTATION_LAYER_ASSIGNMENT (  '', '', ( #2843 ) ) ;
#2238 = VERTEX_POINT ( 'NONE', #3189 ) ;
#2239 = UNCERTAINTY_MEASURE_WITH_UNIT (LENGTH_MEASURE( 1.000000000000000082E-05 ), #354, 'distance_accuracy_value', 'NONE');
#2240 = DIRECTION ( 'NONE',  ( -0.9537169507482289310, -0.3007057995042665688, 0.000000000000000000 ) ) ;
#2241 = COLOUR_RGB ( '',0.2509803921568627416, 0.2509803921568627416, 0.2509803921568627416 ) ;
#2242 = AXIS2_PLACEMENT_3D ( 'NONE', #3405, #396, #2396 ) ;
#2243 = CARTESIAN_POINT ( 'NONE',  ( -0.6528306081189763077, 0.1918347148094735333, -1.107169391881022147 ) ) ;
#2244 = EDGE_LOOP ( 'NONE', ( #2911, #2105 ) ) ;
#2245 = VECTOR ( 'NONE', #3044, 1000.000000000000114 ) ;
#2246 = DIRECTION ( 'NONE',  ( 0.000000000000000000, -0.000000000000000000, -1.000000000000000000 ) ) ;
#2247 = SURFACE_SIDE_STYLE ('',( #4153 ) ) ;
#2248 = FACE_OUTER_BOUND ( 'NONE', #507, .T. ) ;
#2249 = AXIS2_PLACEMENT_3D ( 'NONE', #671, #334, #1913 ) ;
#2250 = DIRECTION ( 'NONE',  ( -1.000000000000000000, 0.000000000000000000, -1.070816960479511141E-15 ) ) ;
#2251 = CARTESIAN_POINT ( 'NONE',  ( -0.7199999999999995293, 0.2028905576439351821, 1.039999999999999591 ) ) ;
#2252 = VERTEX_POINT ( 'NONE', #266 ) ;
#2253 = LINE ( 'NONE', #2300, #911 ) ;
#2254 =( LENGTH_UNIT ( ) NAMED_UNIT ( * ) SI_UNIT ( .MILLI., .METRE. ) );
#2255 = SURFACE_STYLE_FILL_AREA ( #685 ) ;
#2256 = ORIENTED_EDGE ( 'NONE', *, *, #110, .F. ) ;
#2257 = VERTEX_POINT ( 'NONE', #2251 ) ;
#2258 = EDGE_CURVE ( 'NONE', #1074, #3196, #2875, .T. ) ;
#2259 = EDGE_CURVE ( 'NONE', #893, #1201, #1238, .T. ) ;
#2260 =( NAMED_UNIT ( * ) PLANE_ANGLE_UNIT ( ) SI_UNIT ( $, .RADIAN. ) );
#2261 = CARTESIAN_POINT ( 'NONE',  ( 0.5599999999999980549, 1.000000000000000000, -1.199999999999999734 ) ) ;
#2262 = LINE ( 'NONE', #3218, #3341 ) ;
#2263 = PLANE ( 'NONE',  #2062 ) ;
#2264 = EDGE_LOOP ( 'NONE', ( #795, #2361, #195, #2651 ) ) ;
#2265 = FILL_AREA_STYLE_COLOUR ( '', #709 ) ;
#2266 = VERTEX_POINT ( 'NONE', #3861 ) ;
#2267 = LINE ( 'NONE', #3799, #3238 ) ;
#2268 = FACE_OUTER_BOUND ( 'NONE', #2540, .T. ) ;
#2269 =( GEOMETRIC_REPRESENTATION_CONTEXT ( 3 ) GLOBAL_UNCERTAINTY_ASSIGNED_CONTEXT ( ( #4187 ) ) GLOBAL_UNIT_ASSIGNED_CONTEXT ( ( #1389, #740, #1047 ) ) REPRESENTATION_CONTEXT ( 'NONE', 'WORKASPACE' ) );
#2270 = LINE ( 'NONE', #1237, #2810 ) ;
#2271 = LINE ( 'NONE', #3544, #1806 ) ;
#2272 = DIRECTION ( 'NONE',  ( 0.000000000000000000, 0.000000000000000000, 1.000000000000000000 ) ) ;
#2273 = ORIENTED_EDGE ( 'NONE', *, *, #33, .T. ) ;
#2274 = CARTESIAN_POINT ( 'NONE',  ( 0.7199999999999999734, 0.2028905576439351544, 1.040000000000000036 ) ) ;
#2275 = DIRECTION ( 'NONE',  ( -0.000000000000000000, -0.000000000000000000, 1.000000000000000000 ) ) ;
#2276 = VECTOR ( 'NONE', #3735, 1000.000000000000114 ) ;
#2277 = VERTEX_POINT ( 'NONE', #3207 ) ;
#2278 = STYLED_ITEM ( 'NONE', ( #47 ), #1220 ) ;
#2279 = SURFACE_SIDE_STYLE ('',( #2475 ) ) ;
#2280 = EDGE_CURVE ( 'NONE', #247, #336, #283, .T. ) ;
#2281 = VECTOR ( 'NONE', #2772, 1000.000000000000000 ) ;
#2282 =( GEOMETRIC_REPRESENTATION_CONTEXT ( 3 ) GLOBAL_UNCERTAINTY_ASSIGNED_CONTEXT ( ( #2697 ) ) GLOBAL_UNIT_ASSIGNED_CONTEXT ( ( #2444, #3454, #3374 ) ) REPRESENTATION_CONTEXT ( 'NONE', 'WORKASPACE' ) );
#2283 = SURFACE_STYLE_USAGE ( .BOTH. , #1263 ) ;
#2284 = VERTEX_POINT ( 'NONE', #938 ) ;
#2285 = UNCERTAINTY_MEASURE_WITH_UNIT (LENGTH_MEASURE( 1.000000000000000082E-05 ), #1919, 'distance_accuracy_value', 'NONE');
#2286 =( GEOMETRIC_REPRESENTATION_CONTEXT ( 3 ) GLOBAL_UNCERTAINTY_ASSIGNED_CONTEXT ( ( #2362 ) ) GLOBAL_UNIT_ASSIGNED_CONTEXT ( ( #2400, #2975, #657 ) ) REPRESENTATION_CONTEXT ( 'NONE', 'WORKASPACE' ) );
#2287 = DIRECTION ( 'NONE',  ( -0.6901619708141999432, 0.2176072335280441750, -0.6901619708141928378 ) ) ;
#2288 = PLANE ( 'NONE',  #3270 ) ;
#2289 = SURFACE_STYLE_FILL_AREA ( #1191 ) ;
#2290 = EDGE_CURVE ( 'NONE', #808, #3748, #2271, .T. ) ;
#2291 = AXIS2_PLACEMENT_3D ( 'NONE', #73, #3356, #729 ) ;
#2292 = DIRECTION ( 'NONE',  ( 1.000000000000000000, 8.893845946170151982E-15, 0.000000000000000000 ) ) ;
#2293 = ORIENTED_EDGE ( 'NONE', *, *, #903, .F. ) ;
#2294 =( LENGTH_UNIT ( ) NAMED_UNIT ( * ) SI_UNIT ( .MILLI., .METRE. ) );
#2295 = FILL_AREA_STYLE_COLOUR ( '', #2884 ) ;
#2296 = DIRECTION ( 'NONE',  ( -0.000000000000000000, 0.000000000000000000, -1.000000000000000000 ) ) ;
#2297 = CLOSED_SHELL ( 'NONE', ( #1776, #1700, #2202, #1888, #2364, #3422, #246, #3980, #3018, #158, #1834, #3901, #3483, #1708 ) ) ;
#2298 = LINE ( 'NONE', #2932, #1279 ) ;
#2299 = ORIENTED_EDGE ( 'NONE', *, *, #690, .F. ) ;
#2300 = CARTESIAN_POINT ( 'NONE',  ( 0.6528306081189763077, 0.1918347148094735333, -1.199999999999999734 ) ) ;
#2301 = FACE_OUTER_BOUND ( 'NONE', #494, .T. ) ;
#2302 = DIRECTION ( 'NONE',  ( -0.000000000000000000, -0.000000000000000000, 1.000000000000000000 ) ) ;
#2303 = PRESENTATION_STYLE_ASSIGNMENT (( #1243 ) ) ;
#2304 = ORIENTED_EDGE ( 'NONE', *, *, #3869, .F. ) ;
#2305 = ORIENTED_EDGE ( 'NONE', *, *, #6, .T. ) ;
#2306 = FACE_OUTER_BOUND ( 'NONE', #2244, .T. ) ;
#2307 =( NAMED_UNIT ( * ) SI_UNIT ( $, .STERADIAN. ) SOLID_ANGLE_UNIT ( ) );
#2308 = MECHANICAL_DESIGN_GEOMETRIC_PRESENTATION_REPRESENTATION (  '', ( #631 ), #2437 ) ;
#2309 = MECHANICAL_DESIGN_GEOMETRIC_PRESENTATION_REPRESENTATION (  '', ( #3100 ), #1313 ) ;
#2310 = CARTESIAN_POINT ( 'NONE',  ( -0.5599999999999979439, 0.1625653364986608673, 1.199999999999999734 ) ) ;
#2311 = DIRECTION ( 'NONE',  ( 0.000000000000000000, 0.000000000000000000, -1.000000000000000000 ) ) ;
#2312 = AXIS2_PLACEMENT_3D ( 'NONE', #3373, #463, #444 ) ;
#2313 = ORIENTED_EDGE ( 'NONE', *, *, #134, .F. ) ;
#2314 = CARTESIAN_POINT ( 'NONE',  ( -0.5599999999999973888, 0.3199999999999998401, -1.199999999999999734 ) ) ;
#2315 = ORIENTED_EDGE ( 'NONE', *, *, #4023, .T. ) ;
#2316 = UNCERTAINTY_MEASURE_WITH_UNIT (LENGTH_MEASURE( 1.000000000000000082E-05 ), #3921, 'distance_accuracy_value', 'NONE');
#2317 = AXIS2_PLACEMENT_3D ( 'NONE', #1683, #1617, #3979 ) ;
#2318 =( NAMED_UNIT ( * ) SI_UNIT ( $, .STERADIAN. ) SOLID_ANGLE_UNIT ( ) );
#2319 = EDGE_CURVE ( 'NONE', #2252, #2987, #580, .T. ) ;
#2320 = AXIS2_PLACEMENT_3D ( 'NONE', #3906, #2363, #3625 ) ;
#2321 = ADVANCED_FACE ( 'NONE', ( #3244 ), #1961, .F. ) ;
#2322 = ADVANCED_FACE ( 'NONE', ( #3582 ), #3264, .T. ) ;
#2323 =( NAMED_UNIT ( * ) PLANE_ANGLE_UNIT ( ) SI_UNIT ( $, .RADIAN. ) );
#2324 = FILL_AREA_STYLE ('',( #3954 ) ) ;
#2325 = PRESENTATION_LAYER_ASSIGNMENT (  '', '', ( #1943 ) ) ;
#2326 = VERTEX_POINT ( 'NONE', #2205 ) ;
#2327 = MECHANICAL_DESIGN_GEOMETRIC_PRESENTATION_REPRESENTATION (  '', ( #1061 ), #1325 ) ;
#2328 =( NAMED_UNIT ( * ) SI_UNIT ( $, .STERADIAN. ) SOLID_ANGLE_UNIT ( ) );
#2329 = CARTESIAN_POINT ( 'NONE',  ( 0.6900000000000013900, 0.3199999999999998401, -1.040000000000000036 ) ) ;
#2330 = DIRECTION ( 'NONE',  ( 0.000000000000000000, -0.000000000000000000, 1.000000000000000000 ) ) ;
#2331 = CARTESIAN_POINT ( 'NONE',  ( -0.4250000000000002665, 0.1199999999999998845, -1.199999999999999734 ) ) ;
#2332 = DIRECTION ( 'NONE',  ( 0.000000000000000000, -1.000000000000000000, 0.000000000000000000 ) ) ;
#2333 = CARTESIAN_POINT ( 'NONE',  ( 1.024999999999999911, 0.1199999999999998845, -1.039999999999999813 ) ) ;
#2334 = ORIENTED_EDGE ( 'NONE', *, *, #1018, .T. ) ;
#2335 = FILL_AREA_STYLE_COLOUR ( '', #925 ) ;
#2336 = DIRECTION ( 'NONE',  ( 0.000000000000000000, 1.000000000000000000, 0.000000000000000000 ) ) ;
#2337 = CARTESIAN_POINT ( 'NONE',  ( 0.7199999999999999734, 0.2028905576439351544, 1.040000000000000036 ) ) ;
#2338 = ORIENTED_EDGE ( 'NONE', *, *, #2495, .F. ) ;
#2339 = DIRECTION ( 'NONE',  ( 0.000000000000000000, 1.000000000000000000, 0.000000000000000000 ) ) ;
#2340 = ORIENTED_EDGE ( 'NONE', *, *, #3282, .F. ) ;
#2341 =( NAMED_UNIT ( * ) PLANE_ANGLE_UNIT ( ) SI_UNIT ( $, .RADIAN. ) );
#2342 =( NAMED_UNIT ( * ) SI_UNIT ( $, .STERADIAN. ) SOLID_ANGLE_UNIT ( ) );
#2343 =( NAMED_UNIT ( * ) PLANE_ANGLE_UNIT ( ) SI_UNIT ( $, .RADIAN. ) );
#2344 = EDGE_LOOP ( 'NONE', ( #91, #319, #3501, #2220 ) ) ;
#2345 = DIRECTION ( 'NONE',  ( 0.000000000000000000, 0.000000000000000000, -1.000000000000000000 ) ) ;
#2346 =( LENGTH_UNIT ( ) NAMED_UNIT ( * ) SI_UNIT ( .MILLI., .METRE. ) );
#2347 = FACE_OUTER_BOUND ( 'NONE', #3127, .T. ) ;
#2348 = CIRCLE ( 'NONE', #82, 0.2400000000000000466 ) ;
#2349 = ORIENTED_EDGE ( 'NONE', *, *, #982, .T. ) ;
#2350 = CARTESIAN_POINT ( 'NONE',  ( -0.7199999999999995293, 0.2028905576439351266, -1.039999999999999591 ) ) ;
#2351 = STYLED_ITEM ( 'NONE', ( #66 ), #1209 ) ;
#2352 = CARTESIAN_POINT ( 'NONE',  ( 0.5599999999999980549, 1.000000000000000000, 1.199999999999999734 ) ) ;
#2353 = FILL_AREA_STYLE ('',( #1019 ) ) ;
#2354 = CIRCLE ( 'NONE', #955, 0.05999999999999917899 ) ;
#2355 = PRESENTATION_STYLE_ASSIGNMENT (( #2887 ) ) ;
#2356 = CARTESIAN_POINT ( 'NONE',  ( -0.8399999999999986366, 0.3227616989782570722, 1.038100651511375316 ) ) ;
#2357 = ORIENTED_EDGE ( 'NONE', *, *, #2319, .T. ) ;
#2358 = PRESENTATION_LAYER_ASSIGNMENT (  '', '', ( #1229 ) ) ;
#2359 = VECTOR ( 'NONE', #838, 1000.000000000000000 ) ;
#2360 = DIRECTION ( 'NONE',  ( -1.000000000000000000, 0.000000000000000000, 0.000000000000000000 ) ) ;
#2361 = ORIENTED_EDGE ( 'NONE', *, *, #1643, .T. ) ;
#2362 = UNCERTAINTY_MEASURE_WITH_UNIT (LENGTH_MEASURE( 1.000000000000000082E-05 ), #2400, 'distance_accuracy_value', 'NONE');
#2363 = DIRECTION ( 'NONE',  ( 1.000000000000000000, -0.000000000000000000, -0.000000000000000000 ) ) ;
#2364 = ADVANCED_FACE ( 'NONE', ( #2824 ), #3173, .T. ) ;
#2365 = CARTESIAN_POINT ( 'NONE',  ( 0.6900000000000013900, 0.3200000000000000622, -1.040000000000000036 ) ) ;
#2366 = VECTOR ( 'NONE', #1372, 1000.000000000000000 ) ;
#2367 = CARTESIAN_POINT ( 'NONE',  ( 0.6746182703644881817, 0.1987043383279877007, 1.085381729635510384 ) ) ;
#2368 =( GEOMETRIC_REPRESENTATION_CONTEXT ( 3 ) GLOBAL_UNCERTAINTY_ASSIGNED_CONTEXT ( ( #2285 ) ) GLOBAL_UNIT_ASSIGNED_CONTEXT ( ( #1919, #3225, #936 ) ) REPRESENTATION_CONTEXT ( 'NONE', 'WORKASPACE' ) );
#2369 = FILL_AREA_STYLE_COLOUR ( '', #2938 ) ;
#2370 = VERTEX_POINT ( 'NONE', #4122 ) ;
#2371 = EDGE_CURVE ( 'NONE', #2025, #4212, #2163, .T. ) ;
#2372 = EDGE_CURVE ( 'NONE', #3088, #1149, #1934, .T. ) ;
#2373 = CARTESIAN_POINT ( 'NONE',  ( -0.6528306081189763077, 0.1918347148094735333, -1.199999999999999734 ) ) ;
#2374 = UNCERTAINTY_MEASURE_WITH_UNIT (LENGTH_MEASURE( 1.000000000000000082E-05 ), #2864, 'distance_accuracy_value', 'NONE');
#2375 = ORIENTED_EDGE ( 'NONE', *, *, #1645, .F. ) ;
#2376 = FILL_AREA_STYLE_COLOUR ( '', #183 ) ;
#2377 = ORIENTED_EDGE ( 'NONE', *, *, #2169, .T. ) ;
#2378 = LINE ( 'NONE', #3681, #3478 ) ;
#2379 =( GEOMETRIC_REPRESENTATION_CONTEXT ( 3 ) GLOBAL_UNCERTAINTY_ASSIGNED_CONTEXT ( ( #97 ) ) GLOBAL_UNIT_ASSIGNED_CONTEXT ( ( #3430, #1807, #2913 ) ) REPRESENTATION_CONTEXT ( 'NONE', 'WORKASPACE' ) );
#2380 = SURFACE_SIDE_STYLE ('',( #3250 ) ) ;
#2381 = LINE ( 'NONE', #1103, #1341 ) ;
#2382 = FILL_AREA_STYLE ('',( #1050 ) ) ;
#2383 =( GEOMETRIC_REPRESENTATION_CONTEXT ( 3 ) GLOBAL_UNCERTAINTY_ASSIGNED_CONTEXT ( ( #374 ) ) GLOBAL_UNIT_ASSIGNED_CONTEXT ( ( #2254, #3526, #2896 ) ) REPRESENTATION_CONTEXT ( 'NONE', 'WORKASPACE' ) );
#2384 = CARTESIAN_POINT ( 'NONE',  ( -0.9343682837723319423, 0.6600000000000000311, 0.6900000000000013900 ) ) ;
#2385 = VECTOR ( 'NONE', #1427, 1000.000000000000000 ) ;
#2386 = ORIENTED_EDGE ( 'NONE', *, *, #643, .F. ) ;
#2387 = AXIS2_PLACEMENT_3D ( 'NONE', #1621, #3871, #3598 ) ;
#2388 = AXIS2_PLACEMENT_3D ( 'NONE', #772, #3320, #390 ) ;
#2389 = AXIS2_PLACEMENT_3D ( 'NONE', #1860, #2856, #2529 ) ;
#2390 = EDGE_CURVE ( 'NONE', #3563, #2471, #1305, .T. ) ;
#2391 = CARTESIAN_POINT ( 'NONE',  ( 1.125000000000000222, 0.1199999999999998845, 1.039999999999999591 ) ) ;
#2392 = ORIENTED_EDGE ( 'NONE', *, *, #558, .F. ) ;
#2393 = EDGE_CURVE ( 'NONE', #3121, #130, #51, .T. ) ;
#2394 = SURFACE_STYLE_FILL_AREA ( #1689 ) ;
#2395 = ORIENTED_EDGE ( 'NONE', *, *, #975, .F. ) ;
#2396 = DIRECTION ( 'NONE',  ( -1.000000000000000000, 0.000000000000000000, 0.000000000000000000 ) ) ;
#2397 = CARTESIAN_POINT ( 'NONE',  ( -0.5599999999999979439, -1.626303258728256651E-16, 1.199999999999999734 ) ) ;
#2398 = LINE ( 'NONE', #2096, #1557 ) ;
#2399 = CARTESIAN_POINT ( 'NONE',  ( -0.6649302770410446817, 0.0006617637212096638211, 1.095069722958953884 ) ) ;
#2400 =( LENGTH_UNIT ( ) NAMED_UNIT ( * ) SI_UNIT ( .MILLI., .METRE. ) );
#2401 = DIRECTION ( 'NONE',  ( -1.000000000000000000, 0.000000000000000000, -0.000000000000000000 ) ) ;
#2402 = FACE_OUTER_BOUND ( 'NONE', #356, .T. ) ;
#2403 =( NAMED_UNIT ( * ) PLANE_ANGLE_UNIT ( ) SI_UNIT ( $, .RADIAN. ) );
#2404 = DIRECTION ( 'NONE',  ( 0.000000000000000000, 0.000000000000000000, -1.000000000000000000 ) ) ;
#2405 = EDGE_LOOP ( 'NONE', ( #3652, #3213, #3403, #783 ) ) ;
#2406 = SURFACE_STYLE_USAGE ( .BOTH. , #412 ) ;
#2407 = PLANE ( 'NONE',  #3718 ) ;
#2408 = UNCERTAINTY_MEASURE_WITH_UNIT (LENGTH_MEASURE( 1.000000000000000082E-05 ), #1205, 'distance_accuracy_value', 'NONE');
#2409 = AXIS2_PLACEMENT_3D ( 'NONE', #1634, #4216, #3952 ) ;
#2410 = VERTEX_POINT ( 'NONE', #2001 ) ;
#2411 = STYLED_ITEM ( 'NONE', ( #150 ), #1572 ) ;
#2412 = DIRECTION ( 'NONE',  ( -1.000000000000000000, 1.744693151126100304E-15, 9.969675149292000893E-16 ) ) ;
#2413 = LINE ( 'NONE', #1367, #1991 ) ;
#2414 = EDGE_CURVE ( 'NONE', #1939, #4041, #376, .T. ) ;
#2415 = SURFACE_SIDE_STYLE ('',( #2765 ) ) ;
#2416 = CARTESIAN_POINT ( 'NONE',  ( -1.050000000000000488, 1.000000000000000000, -1.040000000000000036 ) ) ;
#2417 = AXIS2_PLACEMENT_3D ( 'NONE', #3518, #915, #2851 ) ;
#2418 = STYLED_ITEM ( 'NONE', ( #816 ), #242 ) ;
#2419 = CARTESIAN_POINT ( 'NONE',  ( -0.5599999999999973888, 1.000000000000000000, -1.199999999999999734 ) ) ;
#2420 =( NAMED_UNIT ( * ) SI_UNIT ( $, .STERADIAN. ) SOLID_ANGLE_UNIT ( ) );
#2421 =( NAMED_UNIT ( * ) SI_UNIT ( $, .STERADIAN. ) SOLID_ANGLE_UNIT ( ) );
#2422 = PRESENTATION_LAYER_ASSIGNMENT (  '', '', ( #2676 ) ) ;
#2423 = EDGE_CURVE ( 'NONE', #1594, #1000, #45, .T. ) ;
#2424 = LINE ( 'NONE', #1829, #2281 ) ;
#2425 = VERTEX_POINT ( 'NONE', #1223 ) ;
#2426 = STYLED_ITEM ( 'NONE', ( #1579 ), #2020 ) ;
#2427 = COLOUR_RGB ( '',0.2509803921568627416, 0.2509803921568627416, 0.2509803921568627416 ) ;
#2428 =( NAMED_UNIT ( * ) PLANE_ANGLE_UNIT ( ) SI_UNIT ( $, .RADIAN. ) );
#2429 = CARTESIAN_POINT ( 'NONE',  ( -0.5599999999999981659, 0.1625653364986610616, 1.199999999999999289 ) ) ;
#2430 = DIRECTION ( 'NONE',  ( 0.000000000000000000, 0.000000000000000000, 1.000000000000000000 ) ) ;
#2431 = CARTESIAN_POINT ( 'NONE',  ( -1.199999999999998845, 0.1199999999999998845, -0.9650000000000036326 ) ) ;
#2432 = ORIENTED_EDGE ( 'NONE', *, *, #1333, .F. ) ;
#2433 = CARTESIAN_POINT ( 'NONE',  ( -0.7322325793079601519, 0.3569840057795419797, 1.016473668351711490 ) ) ;
#2434 = CARTESIAN_POINT ( 'NONE',  ( 0.7200000000000004174, 1.000000000000000000, -1.040000000000000036 ) ) ;
#2435 = DIRECTION ( 'NONE',  ( -0.000000000000000000, -0.000000000000000000, 1.000000000000000000 ) ) ;
#2436 = DIRECTION ( 'NONE',  ( 0.000000000000000000, 0.000000000000000000, 1.000000000000000000 ) ) ;
#2437 =( GEOMETRIC_REPRESENTATION_CONTEXT ( 3 ) GLOBAL_UNCERTAINTY_ASSIGNED_CONTEXT ( ( #3988 ) ) GLOBAL_UNIT_ASSIGNED_CONTEXT ( ( #1738, #1071, #107 ) ) REPRESENTATION_CONTEXT ( 'NONE', 'WORKASPACE' ) );
#2438 = DIRECTION ( 'NONE',  ( -0.000000000000000000, 1.000000000000000000, -0.000000000000000000 ) ) ;
#2439 = CARTESIAN_POINT ( 'NONE',  ( 0.5599999999999980549, 1.199999999999999956, -1.199999999999999734 ) ) ;
#2440 =( NAMED_UNIT ( * ) SI_UNIT ( $, .STERADIAN. ) SOLID_ANGLE_UNIT ( ) );
#2441 = EDGE_CURVE ( 'NONE', #3143, #241, #3507, .T. ) ;
#2442 = PRESENTATION_LAYER_ASSIGNMENT (  '', '', ( #985 ) ) ;
#2443 = EDGE_CURVE ( 'NONE', #1131, #3911, #1391, .T. ) ;
#2444 =( LENGTH_UNIT ( ) NAMED_UNIT ( * ) SI_UNIT ( .MILLI., .METRE. ) );
#2445 = EDGE_CURVE ( 'NONE', #3324, #956, #2050, .T. ) ;
#2446 = STYLED_ITEM ( 'NONE', ( #4036 ), #3481 ) ;
#2447 = SURFACE_STYLE_USAGE ( .BOTH. , #4085 ) ;
#2448 = FACE_OUTER_BOUND ( 'NONE', #3306, .T. ) ;
#2449 = COLOUR_RGB ( '',0.7294117647058823151, 0.3568627450980392246, 0.02352941176470588203 ) ;
#2450 = EDGE_LOOP ( 'NONE', ( #388, #3782, #2619 ) ) ;
#2451 = ORIENTED_EDGE ( 'NONE', *, *, #3354, .T. ) ;
#2452 = FILL_AREA_STYLE ('',( #1745 ) ) ;
#2453 = CARTESIAN_POINT ( 'NONE',  ( -1.025000000000000355, 0.1199999999999998845, 1.039999999999999591 ) ) ;
#2454 = MECHANICAL_DESIGN_GEOMETRIC_PRESENTATION_REPRESENTATION (  '', ( #1251 ), #3645 ) ;
#2455 = CIRCLE ( 'NONE', #2242, 0.05999999999999917899 ) ;
#2456 = AXIS2_PLACEMENT_3D ( 'NONE', #1932, #3577, #3262 ) ;
#2457 = AXIS2_PLACEMENT_3D ( 'NONE', #2204, #1558, #1153 ) ;
#2458 = CARTESIAN_POINT ( 'NONE',  ( -0.7609789835426454818, 0.3772804881141934574, 1.005143120617072228 ) ) ;
#2459 = CARTESIAN_POINT ( 'NONE',  ( -0.6971599597868600728, 0.2024146201765777697, 1.062840040213138382 ) ) ;
#2460 = DIRECTION ( 'NONE',  ( -4.170008355713479123E-16, -0.000000000000000000, -1.000000000000000000 ) ) ;
#2461 = SURFACE_STYLE_USAGE ( .BOTH. , #3685 ) ;
#2462 = DIRECTION ( 'NONE',  ( -0.000000000000000000, 1.000000000000000000, -0.000000000000000000 ) ) ;
#2463 = ORIENTED_EDGE ( 'NONE', *, *, #2169, .F. ) ;
#2464 = CARTESIAN_POINT ( 'NONE',  ( 1.199999999999999734, 0.1199999999999998845, -0.9650000000000040767 ) ) ;
#2465 = PRESENTATION_STYLE_ASSIGNMENT (( #3126 ) ) ;
#2466 =( NAMED_UNIT ( * ) PLANE_ANGLE_UNIT ( ) SI_UNIT ( $, .RADIAN. ) );
#2467 = ORIENTED_EDGE ( 'NONE', *, *, #762, .F. ) ;
#2468 = CARTESIAN_POINT ( 'NONE',  ( 0.5599999999999980549, 1.199999999999999956, 1.199999999999999734 ) ) ;
#2469 = FILL_AREA_STYLE_COLOUR ( '', #279 ) ;
#2470 = CARTESIAN_POINT ( 'NONE',  ( -0.6528306081189763077, 0.1918347148094735610, -1.199999999999999734 ) ) ;
#2471 = VERTEX_POINT ( 'NONE', #2329 ) ;
#2472 = EDGE_LOOP ( 'NONE', ( #436, #3520, #3902, #3940, #2093, #3221 ) ) ;
#2473 = AXIS2_PLACEMENT_3D ( 'NONE', #3327, #3387, #3096 ) ;
#2474 = ORIENTED_EDGE ( 'NONE', *, *, #259, .T. ) ;
#2475 = SURFACE_STYLE_FILL_AREA ( #1800 ) ;
#2476 = CARTESIAN_POINT ( 'NONE',  ( -1.025000000000000355, 0.1199999999999998845, -1.039999999999999591 ) ) ;
#2477 = FACE_OUTER_BOUND ( 'NONE', #2780, .T. ) ;
#2478 = AXIS2_PLACEMENT_3D ( 'NONE', #1270, #3587, #2009 ) ;
#2479 = SURFACE_STYLE_USAGE ( .BOTH. , #4191 ) ;
#2480 = PLANE ( 'NONE',  #548 ) ;
#2481 = DIRECTION ( 'NONE',  ( -0.9537169507482290420, 0.3007057995042662912, -0.000000000000000000 ) ) ;
#2482 = AXIS2_PLACEMENT_3D ( 'NONE', #963, #2225, #4135 ) ;
#2483 = SURFACE_STYLE_FILL_AREA ( #170 ) ;
#2484 = DIRECTION ( 'NONE',  ( 0.7071067811865527908, 0.000000000000000000, -0.7071067811865422437 ) ) ;
#2485 = VECTOR ( 'NONE', #700, 1000.000000000000000 ) ;
#2486 = VERTEX_POINT ( 'NONE', #3276 ) ;
#2487 = ORIENTED_EDGE ( 'NONE', *, *, #1208, .T. ) ;
#2488 = AXIS2_PLACEMENT_3D ( 'NONE', #1822, #3796, #606 ) ;
#2489 =( LENGTH_UNIT ( ) NAMED_UNIT ( * ) SI_UNIT ( .MILLI., .METRE. ) );
#2490 = MECHANICAL_DESIGN_GEOMETRIC_PRESENTATION_REPRESENTATION (  '', ( #2418 ), #4178 ) ;
#2491 = CARTESIAN_POINT ( 'NONE',  ( -0.5599999999999973888, -1.626303258728256651E-16, -1.199999999999999734 ) ) ;
#2492 =( GEOMETRIC_REPRESENTATION_CONTEXT ( 3 ) GLOBAL_UNCERTAINTY_ASSIGNED_CONTEXT ( ( #1003 ) ) GLOBAL_UNIT_ASSIGNED_CONTEXT ( ( #1559, #3257, #26 ) ) REPRESENTATION_CONTEXT ( 'NONE', 'WORKASPACE' ) );
#2493 = ORIENTED_EDGE ( 'NONE', *, *, #1428, .F. ) ;
#2494 = ORIENTED_EDGE ( 'NONE', *, *, #765, .F. ) ;
#2495 = EDGE_CURVE ( 'NONE', #1444, #1916, #1638, .T. ) ;
#2496 = CARTESIAN_POINT ( 'NONE',  ( 1.125000000000000222, 0.1199999999999998845, 1.039999999999999591 ) ) ;
#2497 = EDGE_CURVE ( 'NONE', #625, #3886, #3094, .T. ) ;
#2498 = SURFACE_STYLE_FILL_AREA ( #3200 ) ;
#2499 = LINE ( 'NONE', #1455, #2207 ) ;
#2500 = SURFACE_STYLE_USAGE ( .BOTH. , #1890 ) ;
#2501 = ORIENTED_EDGE ( 'NONE', *, *, #3489, .F. ) ;
#2502 = CARTESIAN_POINT ( 'NONE',  ( 0.7510137075468136247, 0.3725337496264854997, 1.007715499771153711 ) ) ;
#2503 = CARTESIAN_POINT ( 'NONE',  ( 0.5599999999999980549, 0.1199999999999998845, -1.199999999999999734 ) ) ;
#2504 = FILL_AREA_STYLE ('',( #593 ) ) ;
#2505 = FILL_AREA_STYLE_COLOUR ( '', #2811 ) ;
#2506 = ORIENTED_EDGE ( 'NONE', *, *, #1211, .T. ) ;
#2507 = ORIENTED_EDGE ( 'NONE', *, *, #4198, .T. ) ;
#2508 = MECHANICAL_DESIGN_GEOMETRIC_PRESENTATION_REPRESENTATION (  '', ( #2002 ), #3167 ) ;
#2509 = DIRECTION ( 'NONE',  ( -0.7071067811865523467, 0.000000000000000000, 0.7071067811865426878 ) ) ;
#2510 = FILL_AREA_STYLE ('',( #2469 ) ) ;
#2511 = MECHANICAL_DESIGN_GEOMETRIC_PRESENTATION_REPRESENTATION (  '', ( #4197 ), #2572 ) ;
#2512 = PRESENTATION_STYLE_ASSIGNMENT (( #859 ) ) ;
#2513 =( LENGTH_UNIT ( ) NAMED_UNIT ( * ) SI_UNIT ( .MILLI., .METRE. ) );
#2514 =( GEOMETRIC_REPRESENTATION_CONTEXT ( 3 ) GLOBAL_UNCERTAINTY_ASSIGNED_CONTEXT ( ( #2696 ) ) GLOBAL_UNIT_ASSIGNED_CONTEXT ( ( #140, #100, #3384 ) ) REPRESENTATION_CONTEXT ( 'NONE', 'WORKASPACE' ) );
#2515 = VECTOR ( 'NONE', #483, 1000.000000000000000 ) ;
#2516 = DIRECTION ( 'NONE',  ( -0.7071067811865427988, 0.000000000000000000, -0.7071067811865523467 ) ) ;
#2517 = AXIS2_PLACEMENT_3D ( 'NONE', #1065, #163, #2412 ) ;
#2518 = EDGE_CURVE ( 'NONE', #3721, #3014, #76, .T. ) ;
#2519 = ORIENTED_EDGE ( 'NONE', *, *, #1951, .T. ) ;
#2520 = PRESENTATION_STYLE_ASSIGNMENT (( #3556 ) ) ;
#2521 = LINE ( 'NONE', #2188, #1838 ) ;
#2522 = SURFACE_SIDE_STYLE ('',( #2144 ) ) ;
#2523 =( NAMED_UNIT ( * ) PLANE_ANGLE_UNIT ( ) SI_UNIT ( $, .RADIAN. ) );
#2524 = CARTESIAN_POINT ( 'NONE',  ( 0.7199999999999999734, 2.873658136914782751E-05, 1.040000000000000036 ) ) ;
#2525 = ORIENTED_EDGE ( 'NONE', *, *, #3740, .T. ) ;
#2526 = CARTESIAN_POINT ( 'NONE',  ( 0.8344774756087971479, 0.3451436801461669757, 1.023618347063475653 ) ) ;
#2527 = FILL_AREA_STYLE ('',( #509 ) ) ;
#2528 = CARTESIAN_POINT ( 'NONE',  ( 0.6971599597868609610, 0.2024146201765778252, -1.062840040213138826 ) ) ;
#2529 = DIRECTION ( 'NONE',  ( 1.000000000000000000, 0.000000000000000000, -0.000000000000000000 ) ) ;
#2530 = ORIENTED_EDGE ( 'NONE', *, *, #1910, .T. ) ;
#2531 = CARTESIAN_POINT ( 'NONE',  ( 1.199999999999999734, 0.1199999999999998845, -0.9650000000000040767 ) ) ;
#2532 = DIRECTION ( 'NONE',  ( -1.000000000000000000, 0.000000000000000000, 0.000000000000000000 ) ) ;
#2533 = SURFACE_STYLE_FILL_AREA ( #1511 ) ;
#2534 = FILL_AREA_STYLE ('',( #4116 ) ) ;
#2535 = UNCERTAINTY_MEASURE_WITH_UNIT (LENGTH_MEASURE( 1.000000000000000082E-05 ), #1873, 'distance_accuracy_value', 'NONE');
#2536 = CARTESIAN_POINT ( 'NONE',  ( 0.7200000000000004174, 0.2028905576439351821, -1.040000000000000036 ) ) ;
#2537 = EDGE_CURVE ( 'NONE', #3121, #3324, #837, .T. ) ;
#2538 = FACE_OUTER_BOUND ( 'NONE', #1136, .T. ) ;
#2539 = DIRECTION ( 'NONE',  ( 0.000000000000000000, 1.000000000000000000, -0.000000000000000000 ) ) ;
#2540 = EDGE_LOOP ( 'NONE', ( #74, #2678, #3845, #3036, #1268 ) ) ;
#2541 = CARTESIAN_POINT ( 'NONE',  ( 0.8117505139556980831, 0.3714534756667985937, 1.008294768737927782 ) ) ;
#2542 = ADVANCED_FACE ( 'NONE', ( #3441 ), #3209, .T. ) ;
#2543 = ADVANCED_FACE ( 'NONE', ( #1507 ), #3804, .F. ) ;
#2544 = VECTOR ( 'NONE', #522, 1000.000000000000114 ) ;
#2545 = ORIENTED_EDGE ( 'NONE', *, *, #451, .F. ) ;
#2546 = DIRECTION ( 'NONE',  ( 1.000000000000000000, 0.000000000000000000, 1.070816960479511339E-15 ) ) ;
#2547 = PLANE ( 'NONE',  #2970 ) ;
#2548 = COLOUR_RGB ( '',0.7921568627450980005, 0.8196078431372548767, 0.9333333333333333481 ) ;
#2549 = CIRCLE ( 'NONE', #1905, 0.5999999999999994227 ) ;
#2550 = STYLED_ITEM ( 'NONE', ( #869 ), #1886 ) ;
#2551 = STYLED_ITEM ( 'NONE', ( #2121 ), #675 ) ;
#2552 = EDGE_LOOP ( 'NONE', ( #410, #917, #101, #2506, #2571, #1235 ) ) ;
#2553 =( GEOMETRIC_REPRESENTATION_CONTEXT ( 3 ) GLOBAL_UNCERTAINTY_ASSIGNED_CONTEXT ( ( #395 ) ) GLOBAL_UNIT_ASSIGNED_CONTEXT ( ( #2996, #2403, #3316 ) ) REPRESENTATION_CONTEXT ( 'NONE', 'WORKASPACE' ) );
#2554 = ORIENTED_EDGE ( 'NONE', *, *, #2196, .F. ) ;
#2555 = PLANE ( 'NONE',  #2777 ) ;
#2556 =( NAMED_UNIT ( * ) PLANE_ANGLE_UNIT ( ) SI_UNIT ( $, .RADIAN. ) );
#2557 = FILL_AREA_STYLE ('',( #4104 ) ) ;
#2558 = ORIENTED_EDGE ( 'NONE', *, *, #256, .T. ) ;
#2559 = LINE ( 'NONE', #550, #3779 ) ;
#2560 = DIRECTION ( 'NONE',  ( 1.000000000000000000, -0.000000000000000000, -0.000000000000000000 ) ) ;
#2561 = SURFACE_STYLE_USAGE ( .BOTH. , #284 ) ;
#2562 = ADVANCED_FACE ( 'NONE', ( #4199 ), #2859, .T. ) ;
#2563 = ORIENTED_EDGE ( 'NONE', *, *, #2737, .T. ) ;
#2564 = EDGE_CURVE ( 'NONE', #1594, #99, #2733, .T. ) ;
#2565 = CARTESIAN_POINT ( 'NONE',  ( 0.7200000000000004174, -1.626303258728256651E-16, -1.040000000000000036 ) ) ;
#2566 = EDGE_CURVE ( 'NONE', #4035, #1901, #4113, .T. ) ;
#2567 = CARTESIAN_POINT ( 'NONE',  ( -0.5599999999999979439, 0.3199999999999998401, 1.199999999999999734 ) ) ;
#2568 = FILL_AREA_STYLE ('',( #4160 ) ) ;
#2569 = CIRCLE ( 'NONE', #3024, 0.5999999999999998668 ) ;
#2570 = ORIENTED_EDGE ( 'NONE', *, *, #3479, .T. ) ;
#2571 = ORIENTED_EDGE ( 'NONE', *, *, #2739, .T. ) ;
#2572 =( GEOMETRIC_REPRESENTATION_CONTEXT ( 3 ) GLOBAL_UNCERTAINTY_ASSIGNED_CONTEXT ( ( #3698 ) ) GLOBAL_UNIT_ASSIGNED_CONTEXT ( ( #1548, #846, #3451 ) ) REPRESENTATION_CONTEXT ( 'NONE', 'WORKASPACE' ) );
#2573 = COLOUR_RGB ( '',0.7294117647058823151, 0.3568627450980392246, 0.02352941176470588203 ) ;
#2574 = ORIENTED_EDGE ( 'NONE', *, *, #2024, .F. ) ;
#2575 = STYLED_ITEM ( 'NONE', ( #381 ), #3660 ) ;
#2576 = UNCERTAINTY_MEASURE_WITH_UNIT (LENGTH_MEASURE( 1.000000000000000082E-05 ), #458, 'distance_accuracy_value', 'NONE');
#2577 = AXIS2_PLACEMENT_3D ( 'NONE', #3230, #4139, #2589 ) ;
#2578 = VECTOR ( 'NONE', #3139, 1000.000000000000000 ) ;
#2579 = DIRECTION ( 'NONE',  ( 0.000000000000000000, 1.000000000000000000, 0.000000000000000000 ) ) ;
#2580 = CIRCLE ( 'NONE', #316, 0.2399999999999999911 ) ;
#2581 = DIRECTION ( 'NONE',  ( -0.000000000000000000, -0.000000000000000000, -1.000000000000000000 ) ) ;
#2582 = ORIENTED_EDGE ( 'NONE', *, *, #275, .T. ) ;
#2583 = MECHANICAL_DESIGN_GEOMETRIC_PRESENTATION_REPRESENTATION (  '', ( #3513 ), #3653 ) ;
#2584 = CARTESIAN_POINT ( 'NONE',  ( -0.6900000000000018341, 0.3199999999999998401, -0.6900000000000009459 ) ) ;
#2585 = DIRECTION ( 'NONE',  ( 0.000000000000000000, 0.000000000000000000, -1.000000000000000000 ) ) ;
#2586 = SURFACE_STYLE_FILL_AREA ( #4156 ) ;
#2587 = ORIENTED_EDGE ( 'NONE', *, *, #1330, .T. ) ;
#2588 = CARTESIAN_POINT ( 'NONE',  ( -0.5599999999999973888, 0.03250776405003881486, -1.199999999999999734 ) ) ;
#2589 = DIRECTION ( 'NONE',  ( 1.000000000000000000, 0.000000000000000000, 0.000000000000000000 ) ) ;
#2590 = SURFACE_STYLE_FILL_AREA ( #863 ) ;
#2591 = SURFACE_STYLE_FILL_AREA ( #2568 ) ;
#2592 = PLANE ( 'NONE',  #3920 ) ;
#2593 = ORIENTED_EDGE ( 'NONE', *, *, #3355, .F. ) ;
#2594 = SURFACE_SIDE_STYLE ('',( #2983 ) ) ;
#2595 = EDGE_CURVE ( 'NONE', #4073, #2257, #1816, .T. ) ;
#2596 =( NAMED_UNIT ( * ) SI_UNIT ( $, .STERADIAN. ) SOLID_ANGLE_UNIT ( ) );
#2597 = ORIENTED_EDGE ( 'NONE', *, *, #2690, .T. ) ;
#2598 = PRESENTATION_STYLE_ASSIGNMENT (( #3538 ) ) ;
#2599 = ORIENTED_EDGE ( 'NONE', *, *, #1747, .F. ) ;
#2600 = CARTESIAN_POINT ( 'NONE',  ( 0.5599999999999980549, 0.1625653364986608396, -1.199999999999999734 ) ) ;
#2601 = CARTESIAN_POINT ( 'NONE',  ( -0.7199999999999995293, 1.000000000000000000, 1.039999999999999591 ) ) ;
#2602 = SURFACE_STYLE_FILL_AREA ( #2683 ) ;
#2603 = SURFACE_SIDE_STYLE ('',( #384 ) ) ;
#2604 = VERTEX_POINT ( 'NONE', #1863 ) ;
#2605 = CARTESIAN_POINT ( 'NONE',  ( 0.7475793132459276347, 0.2074704065435327982, 1.040000000000000036 ) ) ;
#2606 = DIRECTION ( 'NONE',  ( 0.000000000000000000, 0.000000000000000000, -1.000000000000000000 ) ) ;
#2607 = FILL_AREA_STYLE_COLOUR ( '', #1162 ) ;
#2608 =( GEOMETRIC_REPRESENTATION_CONTEXT ( 3 ) GLOBAL_UNCERTAINTY_ASSIGNED_CONTEXT ( ( #887 ) ) GLOBAL_UNIT_ASSIGNED_CONTEXT ( ( #1498, #1139, #3426 ) ) REPRESENTATION_CONTEXT ( 'NONE', 'WORKASPACE' ) );
#2609 = VERTEX_POINT ( 'NONE', #3546 ) ;
#2610 = SURFACE_SIDE_STYLE ('',( #603 ) ) ;
#2611 = EDGE_CURVE ( 'NONE', #2326, #4073, #941, .T. ) ;
#2612 = ADVANCED_FACE ( 'NONE', ( #1241 ), #1254, .F. ) ;
#2613 = EDGE_CURVE ( 'NONE', #2044, #1954, #2569, .T. ) ;
#2614 =( LENGTH_UNIT ( ) NAMED_UNIT ( * ) SI_UNIT ( .MILLI., .METRE. ) );
#2615 = VECTOR ( 'NONE', #4037, 1000.000000000000000 ) ;
#2616 = DIRECTION ( 'NONE',  ( 0.000000000000000000, 1.000000000000000000, 0.000000000000000000 ) ) ;
#2617 = DIRECTION ( 'NONE',  ( -1.000000000000000000, 0.000000000000000000, -1.070816960479511339E-15 ) ) ;
#2618 =( GEOMETRIC_REPRESENTATION_CONTEXT ( 3 ) GLOBAL_UNCERTAINTY_ASSIGNED_CONTEXT ( ( #1329 ) ) GLOBAL_UNIT_ASSIGNED_CONTEXT ( ( #3552, #3595, #326 ) ) REPRESENTATION_CONTEXT ( 'NONE', 'WORKASPACE' ) );
#2619 = ORIENTED_EDGE ( 'NONE', *, *, #2537, .F. ) ;
#2620 = ORIENTED_EDGE ( 'NONE', *, *, #3085, .T. ) ;
#2621 = SURFACE_STYLE_USAGE ( .BOTH. , #957 ) ;
#2622 = EDGE_CURVE ( 'NONE', #1765, #1891, #1005, .T. ) ;
#2623 = CYLINDRICAL_SURFACE ( 'NONE', #2409, 0.5999999999999996447 ) ;
#2624 = SURFACE_SIDE_STYLE ('',( #1026 ) ) ;
#2625 = FACE_OUTER_BOUND ( 'NONE', #880, .T. ) ;
#2626 = EDGE_LOOP ( 'NONE', ( #2791, #652, #1824 ) ) ;
#2627 = CARTESIAN_POINT ( 'NONE',  ( 0.8399999999999991918, 0.3199999999999998401, 0.8899999999999996803 ) ) ;
#2628 = PRESENTATION_STYLE_ASSIGNMENT (( #1295 ) ) ;
#2629 = LINE ( 'NONE', #2827, #2747 ) ;
#2630 = DIRECTION ( 'NONE',  ( 0.000000000000000000, -0.000000000000000000, 1.000000000000000000 ) ) ;
#2631 = EDGE_LOOP ( 'NONE', ( #1669, #3969 ) ) ;
#2632 = ORIENTED_EDGE ( 'NONE', *, *, #1719, .T. ) ;
#2633 = LINE ( 'NONE', #3674, #2160 ) ;
#2634 = AXIS2_PLACEMENT_3D ( 'NONE', #2565, #1897, #3847 ) ;
#2635 = PRESENTATION_LAYER_ASSIGNMENT (  '', '', ( #3435 ) ) ;
#2636 = PRESENTATION_LAYER_ASSIGNMENT (  '', '', ( #4197 ) ) ;
#2637 = AXIS2_PLACEMENT_3D ( 'NONE', #763, #2076, #1106 ) ;
#2638 = ORIENTED_EDGE ( 'NONE', *, *, #138, .F. ) ;
#2639 =( NAMED_UNIT ( * ) PLANE_ANGLE_UNIT ( ) SI_UNIT ( $, .RADIAN. ) );
#2640 = ORIENTED_EDGE ( 'NONE', *, *, #3805, .T. ) ;
#2641 = UNCERTAINTY_MEASURE_WITH_UNIT (LENGTH_MEASURE( 1.000000000000000082E-05 ), #1547, 'distance_accuracy_value', 'NONE');
#2642 = PRESENTATION_LAYER_ASSIGNMENT (  '', '', ( #4051 ) ) ;
#2643 = CARTESIAN_POINT ( 'NONE',  ( 0.4250000000000005995, 0.1199999999999998845, -1.199999999999999734 ) ) ;
#2644 = SURFACE_STYLE_USAGE ( .BOTH. , #613 ) ;
#2645 = EDGE_CURVE ( 'NONE', #964, #321, #2253, .T. ) ;
#2646 = PRESENTATION_LAYER_ASSIGNMENT (  '', '', ( #3713 ) ) ;
#2647 = CIRCLE ( 'NONE', #3924, 0.3499999999999992006 ) ;
#2648 = CARTESIAN_POINT ( 'NONE',  ( 0.5599999999999980549, 1.000000000000000000, -1.199999999999999734 ) ) ;
#2649 = LINE ( 'NONE', #786, #2276 ) ;
#2650 = SURFACE_SIDE_STYLE ('',( #1717 ) ) ;
#2651 = ORIENTED_EDGE ( 'NONE', *, *, #2259, .F. ) ;
#2652 = ORIENTED_EDGE ( 'NONE', *, *, #3301, .T. ) ;
#2653 =( NAMED_UNIT ( * ) PLANE_ANGLE_UNIT ( ) SI_UNIT ( $, .RADIAN. ) );
#2654 = SURFACE_STYLE_FILL_AREA ( #1281 ) ;
#2655 = ORIENTED_EDGE ( 'NONE', *, *, #3488, .F. ) ;
#2656 = PLANE ( 'NONE',  #1194 ) ;
#2657 = ORIENTED_EDGE ( 'NONE', *, *, #275, .F. ) ;
#2658 = CARTESIAN_POINT ( 'NONE',  ( -0.7799999999999994715, 0.1199999999999998845, 1.039999999999999591 ) ) ;
#2659 = EDGE_LOOP ( 'NONE', ( #178, #4111, #2730, #666 ) ) ;
#2660 = DIRECTION ( 'NONE',  ( -1.000000000000000000, -0.000000000000000000, -0.000000000000000000 ) ) ;
#2661 = CARTESIAN_POINT ( 'NONE',  ( 0.5599999999999981659, 0.1625653364986609228, 1.199999999999999734 ) ) ;
#2662 = FILL_AREA_STYLE ('',( #2956 ) ) ;
#2663 = LINE ( 'NONE', #965, #2075 ) ;
#2664 = ADVANCED_FACE ( 'NONE', ( #305 ), #2994, .T. ) ;
#2665 = EDGE_CURVE ( 'NONE', #4121, #1224, #2663, .T. ) ;
#2666 = AXIS2_PLACEMENT_3D ( 'NONE', #1736, #1783, #3012 ) ;
#2667 = ORIENTED_EDGE ( 'NONE', *, *, #2537, .T. ) ;
#2668 = CARTESIAN_POINT ( 'NONE',  ( -0.6528306081189763077, 0.1918347148094735610, -1.107169391881022369 ) ) ;
#2669 = VECTOR ( 'NONE', #2071, 1000.000000000000000 ) ;
#2670 = MECHANICAL_DESIGN_GEOMETRIC_PRESENTATION_REPRESENTATION (  '', ( #673 ), #2608 ) ;
#2671 = DIRECTION ( 'NONE',  ( 0.000000000000000000, 1.000000000000000000, -0.000000000000000000 ) ) ;
#2672 = VECTOR ( 'NONE', #1151, 1000.000000000000000 ) ;
#2673 = AXIS2_PLACEMENT_3D ( 'NONE', #4010, #120, #1387 ) ;
#2674 = VERTEX_POINT ( 'NONE', #3295 ) ;
#2675 = COLOUR_RGB ( '',0.2509803921568627416, 0.2509803921568627416, 0.2509803921568627416 ) ;
#2676 = STYLED_ITEM ( 'NONE', ( #752 ), #246 ) ;
#2677 = DIRECTION ( 'NONE',  ( -0.7071067811865536790, 0.000000000000000000, -0.7071067811865412445 ) ) ;
#2678 = ORIENTED_EDGE ( 'NONE', *, *, #1081, .T. ) ;
#2679 = UNCERTAINTY_MEASURE_WITH_UNIT (LENGTH_MEASURE( 1.000000000000000082E-05 ), #3357, 'distance_accuracy_value', 'NONE');
#2680 = FILL_AREA_STYLE ('',( #1654 ) ) ;
#2681 = CARTESIAN_POINT ( 'NONE',  ( -1.199999999999998845, 0.3199999999999998401, 0.9343682837723317203 ) ) ;
#2682 = STYLED_ITEM ( 'NONE', ( #1938 ), #1914 ) ;
#2683 = FILL_AREA_STYLE ('',( #1965 ) ) ;
#2684 = FACE_OUTER_BOUND ( 'NONE', #203, .T. ) ;
#2685 = CARTESIAN_POINT ( 'NONE',  ( -0.8039441536741365191, 0.3753158261064284962, 1.006196941209921869 ) ) ;
#2686 = EDGE_LOOP ( 'NONE', ( #64, #456, #1002 ) ) ;
#2687 = CARTESIAN_POINT ( 'NONE',  ( 0.7971693918810245361, 0.1918347148094735333, -1.833392230628972941 ) ) ;
#2688 = LINE ( 'NONE', #3938, #306 ) ;
#2689 = CLOSED_SHELL ( 'NONE', ( #1377, #2083, #86, #3481 ) ) ;
#2690 = EDGE_CURVE ( 'NONE', #3156, #1224, #2958, .T. ) ;
#2691 = EDGE_CURVE ( 'NONE', #1915, #1833, #85, .T. ) ;
#2692 = ORIENTED_EDGE ( 'NONE', *, *, #1602, .F. ) ;
#2693 = CARTESIAN_POINT ( 'NONE',  ( 1.199999999999999734, 0.1199999999999998845, 0.9650000000000040767 ) ) ;
#2694 = DIRECTION ( 'NONE',  ( 0.000000000000000000, 0.000000000000000000, 1.000000000000000000 ) ) ;
#2695 = SPHERICAL_SURFACE ( 'NONE', #1768, 0.05999999999999999778 ) ;
#2696 = UNCERTAINTY_MEASURE_WITH_UNIT (LENGTH_MEASURE( 1.000000000000000082E-05 ), #140, 'distance_accuracy_value', 'NONE');
#2697 = UNCERTAINTY_MEASURE_WITH_UNIT (LENGTH_MEASURE( 1.000000000000000082E-05 ), #2444, 'distance_accuracy_value', 'NONE');
#2698 = AXIS2_PLACEMENT_3D ( 'NONE', #1170, #1274, #1396 ) ;
#2699 = ORIENTED_EDGE ( 'NONE', *, *, #1574, .F. ) ;
#2700 = CARTESIAN_POINT ( 'NONE',  ( 1.024999999999999911, 0.1199999999999998845, 1.040000000000000036 ) ) ;
#2701 = FACE_OUTER_BOUND ( 'NONE', #2985, .T. ) ;
#2702 = FACE_OUTER_BOUND ( 'NONE', #1105, .T. ) ;
#2703 = MECHANICAL_DESIGN_GEOMETRIC_PRESENTATION_REPRESENTATION (  '', ( #2156 ), #3030 ) ;
#2704 = CARTESIAN_POINT ( 'NONE',  ( 0.6528306081189763077, 0.1918347148094735333, -1.107169391881023035 ) ) ;
#2705 = FACE_OUTER_BOUND ( 'NONE', #3641, .T. ) ;
#2706 = CARTESIAN_POINT ( 'NONE',  ( -0.7199999999999995293, 0.3199999999999998401, 1.039999999999999591 ) ) ;
#2707 = CARTESIAN_POINT ( 'NONE',  ( -1.050000000000000488, 1.000000000000000000, -1.040000000000000036 ) ) ;
#2708 = AXIS2_PLACEMENT_3D ( 'NONE', #2943, #3941, #29 ) ;
#2709 = DIRECTION ( 'NONE',  ( 0.000000000000000000, 1.000000000000000000, 0.000000000000000000 ) ) ;
#2710 = VECTOR ( 'NONE', #1175, 1000.000000000000000 ) ;
#2711 = CARTESIAN_POINT ( 'NONE',  ( 0.4250000000000005995, 0.1199999999999998845, -1.199999999999999734 ) ) ;
#2712 = STYLED_ITEM ( 'NONE', ( #1588 ), #3682 ) ;
#2713 = ORIENTED_EDGE ( 'NONE', *, *, #1379, .F. ) ;
#2714 = VECTOR ( 'NONE', #552, 1000.000000000000000 ) ;
#2715 = CARTESIAN_POINT ( 'NONE',  ( -0.8399999999999986366, 0.1199999999999998429, 1.039999999999999591 ) ) ;
#2716 = EDGE_CURVE ( 'NONE', #1201, #2370, #1181, .T. ) ;
#2717 = CARTESIAN_POINT ( 'NONE',  ( 1.199999999999999734, 0.1199999999999998845, 0.9650000000000040767 ) ) ;
#2718 = PLANE ( 'NONE',  #819 ) ;
#2719 = ORIENTED_EDGE ( 'NONE', *, *, #3258, .T. ) ;
#2720 = CARTESIAN_POINT ( 'NONE',  ( 0.7199999999999999734, 0.1199999999999998845, 1.040000000000000036 ) ) ;
#2721 = DIRECTION ( 'NONE',  ( -1.000000000000000000, 8.893845946170151982E-15, 9.035018104045868969E-16 ) ) ;
#2722 = CARTESIAN_POINT ( 'NONE',  ( -1.124999999999999334, 0.3199999999999998401, 1.039999999999999591 ) ) ;
#2723 = CARTESIAN_POINT ( 'NONE',  ( 1.024999999999999911, 0.1199999999999998845, -1.039999999999999591 ) ) ;
#2724 = CARTESIAN_POINT ( 'NONE',  ( 0.7200000000000004174, -1.626303258728256651E-16, -1.040000000000000036 ) ) ;
#2725 = FILL_AREA_STYLE_COLOUR ( '', #1936 ) ;
#2726 = DIRECTION ( 'NONE',  ( -0.9537169507482291531, 0.3007057995042662912, 0.000000000000000000 ) ) ;
#2727 =( LENGTH_UNIT ( ) NAMED_UNIT ( * ) SI_UNIT ( .MILLI., .METRE. ) );
#2728 = CARTESIAN_POINT ( 'NONE',  ( 1.199999999999999734, 0.3199999999999998401, 0.9650000000000040767 ) ) ;
#2729 = CARTESIAN_POINT ( 'NONE',  ( 1.125000000000000222, 0.1199999999999998845, -1.039999999999999591 ) ) ;
#2730 = ORIENTED_EDGE ( 'NONE', *, *, #2691, .F. ) ;
#2731 = PRESENTATION_STYLE_ASSIGNMENT (( #4114 ) ) ;
#2732 = DIRECTION ( 'NONE',  ( -0.000000000000000000, 1.000000000000000000, -0.000000000000000000 ) ) ;
#2733 =( BOUNDED_CURVE ( )  B_SPLINE_CURVE ( 3, ( #2588, #1174, #856, #1538 ),
 .UNSPECIFIED., .F., .F. ) 
 B_SPLINE_CURVE_WITH_KNOTS ( ( 4, 4 ),
 ( 4.323338153880623480, 4.700894474396747569 ),
 .UNSPECIFIED. ) 
 CURVE ( )  GEOMETRIC_REPRESENTATION_ITEM ( )  RATIONAL_B_SPLINE_CURVE ( ( 1.000000000000000000, 0.9881561715667595003, 0.9881561715667595003, 1.000000000000000000 ) ) 
 REPRESENTATION_ITEM ( '' )  );
#2734 = CARTESIAN_POINT ( 'NONE',  ( 0.7199999999999999734, -1.626303258728256651E-16, 1.040000000000000036 ) ) ;
#2735 = UNCERTAINTY_MEASURE_WITH_UNIT (LENGTH_MEASURE( 1.000000000000000082E-05 ), #3268, 'distance_accuracy_value', 'NONE');
#2736 = VECTOR ( 'NONE', #3188, 1000.000000000000000 ) ;
#2737 = EDGE_CURVE ( 'NONE', #336, #324, #50, .T. ) ;
#2738 = EDGE_CURVE ( 'NONE', #3083, #2277, #3974, .T. ) ;
#2739 = EDGE_CURVE ( 'NONE', #773, #321, #1418, .T. ) ;
#2740 = CARTESIAN_POINT ( 'NONE',  ( -0.7200000000000007505, 0.3199999999999998401, 1.039999999999999591 ) ) ;
#2741 =( NAMED_UNIT ( * ) SI_UNIT ( $, .STERADIAN. ) SOLID_ANGLE_UNIT ( ) );
#2742 = DIRECTION ( 'NONE',  ( 1.000000000000000000, 0.000000000000000000, 0.000000000000000000 ) ) ;
#2743 = DIRECTION ( 'NONE',  ( 0.9537169507482290420, 0.3007057995042666798, 0.000000000000000000 ) ) ;
#2744 = PLANE ( 'NONE',  #148 ) ;
#2745 = DIRECTION ( 'NONE',  ( 0.7071067811865658914, 0.000000000000000000, -0.7071067811865292541 ) ) ;
#2746 = MECHANICAL_DESIGN_GEOMETRIC_PRESENTATION_REPRESENTATION (  '', ( #1565 ), #3963 ) ;
#2747 = VECTOR ( 'NONE', #4119, 1000.000000000000000 ) ;
#2748 = AXIS2_PLACEMENT_3D ( 'NONE', #382, #65, #1676 ) ;
#2749 = CARTESIAN_POINT ( 'NONE',  ( 0.7250000000000004219, 0.4349999999999997202, -1.199999999999999734 ) ) ;
#2750 = ORIENTED_EDGE ( 'NONE', *, *, #2069, .T. ) ;
#2751 = DIRECTION ( 'NONE',  ( -0.7071067811865658914, 0.000000000000000000, -0.7071067811865292541 ) ) ;
#2752 = MECHANICAL_DESIGN_GEOMETRIC_PRESENTATION_REPRESENTATION (  '', ( #415 ), #2825 ) ;
#2753 = EDGE_LOOP ( 'NONE', ( #2914, #1311, #984, #807, #1586, #3539 ) ) ;
#2754 = CIRCLE ( 'NONE', #896, 0.4349999999999996092 ) ;
#2755 = VERTEX_POINT ( 'NONE', #3229 ) ;
#2756 = MECHANICAL_DESIGN_GEOMETRIC_PRESENTATION_REPRESENTATION (  '', ( #1037 ), #165 ) ;
#2757 = CARTESIAN_POINT ( 'NONE',  ( 0.000000000000000000, 0.1199999999999998845, 0.000000000000000000 ) ) ;
#2758 =( NAMED_UNIT ( * ) PLANE_ANGLE_UNIT ( ) SI_UNIT ( $, .RADIAN. ) );
#2759 = FACE_OUTER_BOUND ( 'NONE', #1580, .T. ) ;
#2760 =( BOUNDED_CURVE ( )  B_SPLINE_CURVE ( 3, ( #224, #2193, #1212, #2524 ),
 .UNSPECIFIED., .F., .T. ) 
 B_SPLINE_CURVE_WITH_KNOTS ( ( 4, 4 ),
 ( 1.181745500290832362, 1.559301820806955563 ),
 .UNSPECIFIED. ) 
 CURVE ( )  GEOMETRIC_REPRESENTATION_ITEM ( )  RATIONAL_B_SPLINE_CURVE ( ( 1.000000000000000000, 0.9881561715667596113, 0.9881561715667596113, 1.000000000000000000 ) ) 
 REPRESENTATION_ITEM ( '' )  );
#2761 = FILL_AREA_STYLE ('',( #1425 ) ) ;
#2762 = FACE_OUTER_BOUND ( 'NONE', #1513, .T. ) ;
#2763 = DIRECTION ( 'NONE',  ( -1.000000000000000000, -9.035018104045878829E-16, 0.000000000000000000 ) ) ;
#2764 = STYLED_ITEM ( 'NONE', ( #3503 ), #2542 ) ;
#2765 = SURFACE_STYLE_FILL_AREA ( #3051 ) ;
#2766 = DIRECTION ( 'NONE',  ( 0.000000000000000000, 1.000000000000000000, -0.000000000000000000 ) ) ;
#2767 =( LENGTH_UNIT ( ) NAMED_UNIT ( * ) SI_UNIT ( .MILLI., .METRE. ) );
#2768 = LINE ( 'NONE', #2033, #2899 ) ;
#2769 = AXIS2_PLACEMENT_3D ( 'NONE', #296, #610, #1609 ) ;
#2770 = FILL_AREA_STYLE ('',( #1435 ) ) ;
#2771 = DIRECTION ( 'NONE',  ( -1.000000000000000000, 0.000000000000000000, 0.000000000000000000 ) ) ;
#2772 = DIRECTION ( 'NONE',  ( 1.000000000000000000, -0.000000000000000000, -1.070816960479510155E-15 ) ) ;
#2773 = CARTESIAN_POINT ( 'NONE',  ( -0.5599999999999973888, 1.000000000000000000, -1.199999999999999734 ) ) ;
#2774 = VECTOR ( 'NONE', #3574, 1000.000000000000000 ) ;
#2775 = ORIENTED_EDGE ( 'NONE', *, *, #3795, .F. ) ;
#2776 = ORIENTED_EDGE ( 'NONE', *, *, #738, .F. ) ;
#2777 = AXIS2_PLACEMENT_3D ( 'NONE', #1207, #2886, #4098 ) ;
#2778 = ORIENTED_EDGE ( 'NONE', *, *, #36, .F. ) ;
#2779 = STYLED_ITEM ( 'NONE', ( #331 ), #4003 ) ;
#2780 = EDGE_LOOP ( 'NONE', ( #3461, #3203, #2357, #3289 ) ) ;
#2781 = AXIS2_PLACEMENT_3D ( 'NONE', #3202, #2311, #976 ) ;
#2782 = ORIENTED_EDGE ( 'NONE', *, *, #328, .F. ) ;
#2783 = CARTESIAN_POINT ( 'NONE',  ( -0.7803459254241265075, 0.3803072472912160107, 1.003545908035250234 ) ) ;
#2784 = CARTESIAN_POINT ( 'NONE',  ( 1.024999999999999911, 0.1199999999999998845, -1.199999999999999734 ) ) ;
#2785 = LINE ( 'NONE', #3071, #2544 ) ;
#2786 = CARTESIAN_POINT ( 'NONE',  ( -0.7199999999999995293, 1.000000000000000000, -1.039999999999999591 ) ) ;
#2787 =( NAMED_UNIT ( * ) PLANE_ANGLE_UNIT ( ) SI_UNIT ( $, .RADIAN. ) );
#2788 = SURFACE_STYLE_USAGE ( .BOTH. , #1693 ) ;
#2789 = FILL_AREA_STYLE ('',( #185 ) ) ;
#2790 = SURFACE_STYLE_USAGE ( .BOTH. , #206 ) ;
#2791 = ORIENTED_EDGE ( 'NONE', *, *, #520, .F. ) ;
#2792 = PRESENTATION_STYLE_ASSIGNMENT (( #189 ) ) ;
#2793 = CARTESIAN_POINT ( 'NONE',  ( 1.050000000000001377, 1.000000000000000000, -1.040000000000000480 ) ) ;
#2794 = FILL_AREA_STYLE_COLOUR ( '', #280 ) ;
#2795 = CARTESIAN_POINT ( 'NONE',  ( -1.124999999999999334, 0.1199999999999998845, 1.039999999999999591 ) ) ;
#2796 =( NAMED_UNIT ( * ) PLANE_ANGLE_UNIT ( ) SI_UNIT ( $, .RADIAN. ) );
#2797 = SURFACE_STYLE_USAGE ( .BOTH. , #2131 ) ;
#2798 = EDGE_CURVE ( 'NONE', #2151, #1074, #1318, .T. ) ;
#2799 = ORIENTED_EDGE ( 'NONE', *, *, #3797, .F. ) ;
#2800 = EDGE_LOOP ( 'NONE', ( #1158, #3322, #1213, #1784, #2719, #687, #735, #3585, #3601, #2941, #1577, #285 ) ) ;
#2801 = ADVANCED_FACE ( 'NONE', ( #1028 ), #2936, .T. ) ;
#2802 = ORIENTED_EDGE ( 'NONE', *, *, #3302, .T. ) ;
#2803 = ORIENTED_EDGE ( 'NONE', *, *, #3529, .T. ) ;
#2804 = STYLED_ITEM ( 'NONE', ( #1349 ), #1034 ) ;
#2805 = CARTESIAN_POINT ( 'NONE',  ( -1.199999999999998845, 0.1199999999999998845, 0.9650000000000036326 ) ) ;
#2806 = VECTOR ( 'NONE', #2438, 1000.000000000000000 ) ;
#2807 = ORIENTED_EDGE ( 'NONE', *, *, #3153, .T. ) ;
#2808 = DIRECTION ( 'NONE',  ( -1.000000000000000000, 0.000000000000000000, 6.123233995736766036E-17 ) ) ;
#2809 =( NAMED_UNIT ( * ) SI_UNIT ( $, .STERADIAN. ) SOLID_ANGLE_UNIT ( ) );
#2810 = VECTOR ( 'NONE', #2560, 1000.000000000000000 ) ;
#2811 = COLOUR_RGB ( '',0.2509803921568627416, 0.2509803921568627416, 0.2509803921568627416 ) ;
#2812 = ORIENTED_EDGE ( 'NONE', *, *, #1280, .F. ) ;
#2813 = CARTESIAN_POINT ( 'NONE',  ( -0.7799999999999992495, 0.3199999999999998401, 1.039999999999999591 ) ) ;
#2814 = DIRECTION ( 'NONE',  ( 0.7071067811865638930, 0.000000000000000000, 0.7071067811865311414 ) ) ;
#2815 = AXIS2_PLACEMENT_3D ( 'NONE', #171, #3780, #1437 ) ;
#2816 = CIRCLE ( 'NONE', #2057, 0.3499999999999989786 ) ;
#2817 = ORIENTED_EDGE ( 'NONE', *, *, #2595, .T. ) ;
#2818 = SURFACE_STYLE_USAGE ( .BOTH. , #902 ) ;
#2819 = COLOUR_RGB ( '',0.2509803921568627416, 0.2509803921568627416, 0.2509803921568627416 ) ;
#2820 = SURFACE_STYLE_USAGE ( .BOTH. , #1134 ) ;
#2821 = MECHANICAL_DESIGN_GEOMETRIC_PRESENTATION_REPRESENTATION (  '', ( #2676 ), #544 ) ;
#2822 = ADVANCED_FACE ( 'NONE', ( #986 ), #681, .F. ) ;
#2823 = DIRECTION ( 'NONE',  ( -0.000000000000000000, -0.000000000000000000, 1.000000000000000000 ) ) ;
#2824 = FACE_OUTER_BOUND ( 'NONE', #1287, .T. ) ;
#2825 =( GEOMETRIC_REPRESENTATION_CONTEXT ( 3 ) GLOBAL_UNCERTAINTY_ASSIGNED_CONTEXT ( ( #2641 ) ) GLOBAL_UNIT_ASSIGNED_CONTEXT ( ( #1547, #2523, #589 ) ) REPRESENTATION_CONTEXT ( 'NONE', 'WORKASPACE' ) );
#2826 = ORIENTED_EDGE ( 'NONE', *, *, #3794, .T. ) ;
#2827 = CARTESIAN_POINT ( 'NONE',  ( -1.124999999999999334, 0.1199999999999998845, 1.039999999999999591 ) ) ;
#2828 = AXIS2_PLACEMENT_3D ( 'NONE', #5, #1959, #2925 ) ;
#2829 = VERTEX_POINT ( 'NONE', #2015 ) ;
#2830 = DIRECTION ( 'NONE',  ( 0.000000000000000000, 1.000000000000000000, 0.000000000000000000 ) ) ;
#2831 = DIRECTION ( 'NONE',  ( 0.000000000000000000, 0.000000000000000000, 1.000000000000000000 ) ) ;
#2832 = FACE_OUTER_BOUND ( 'NONE', #3514, .T. ) ;
#2833 = FILL_AREA_STYLE_COLOUR ( '', #542 ) ;
#2834 = DIRECTION ( 'NONE',  ( -0.7071067811865423547, 0.000000000000000000, -0.7071067811865527908 ) ) ;
#2835 = CARTESIAN_POINT ( 'NONE',  ( 1.024999999999999911, 0.1199999999999998845, -1.833392230628972941 ) ) ;
#2836 = DIRECTION ( 'NONE',  ( 0.000000000000000000, 1.000000000000000000, -0.000000000000000000 ) ) ;
#2837 = ORIENTED_EDGE ( 'NONE', *, *, #4030, .F. ) ;
#2838 = VECTOR ( 'NONE', #2839, 1000.000000000000000 ) ;
#2839 = DIRECTION ( 'NONE',  ( 0.000000000000000000, 1.000000000000000000, 0.000000000000000000 ) ) ;
#2840 = VECTOR ( 'NONE', #727, 1000.000000000000000 ) ;
#2841 = SURFACE_STYLE_USAGE ( .BOTH. , #810 ) ;
#2842 = ADVANCED_FACE ( 'NONE', ( #1433 ), #460, .T. ) ;
#2843 = STYLED_ITEM ( 'NONE', ( #2982 ), #3254 ) ;
#2844 = ORIENTED_EDGE ( 'NONE', *, *, #3661, .T. ) ;
#2845 = CIRCLE ( 'NONE', #992, 0.05999999999999994227 ) ;
#2846 = MECHANICAL_DESIGN_GEOMETRIC_PRESENTATION_REPRESENTATION (  '', ( #1943 ), #2158 ) ;
#2847 = EDGE_CURVE ( 'NONE', #3693, #1180, #2768, .T. ) ;
#2848 = ORIENTED_EDGE ( 'NONE', *, *, #2069, .F. ) ;
#2849 = ADVANCED_FACE ( 'NONE', ( #3688 ), #2074, .T. ) ;
#2850 = SURFACE_STYLE_FILL_AREA ( #3118 ) ;
#2851 = DIRECTION ( 'NONE',  ( 1.000000000000000000, 0.000000000000000000, -1.070816960479510155E-15 ) ) ;
#2852 = CARTESIAN_POINT ( 'NONE',  ( -0.6900000000000018341, 0.6600000000000000311, -0.6900000000000009459 ) ) ;
#2853 = VERTEX_POINT ( 'NONE', #2099 ) ;
#2854 = CARTESIAN_POINT ( 'NONE',  ( 0.7923871364521726246, 0.3790886643911021148, 1.004189688487752807 ) ) ;
#2855 = DIRECTION ( 'NONE',  ( -1.000000000000000000, 0.000000000000000000, 0.000000000000000000 ) ) ;
#2856 = DIRECTION ( 'NONE',  ( 0.000000000000000000, 0.000000000000000000, 1.000000000000000000 ) ) ;
#2857 =( NAMED_UNIT ( * ) SI_UNIT ( $, .STERADIAN. ) SOLID_ANGLE_UNIT ( ) );
#2858 = VERTEX_POINT ( 'NONE', #1090 ) ;
#2859 = CYLINDRICAL_SURFACE ( 'NONE', #3772, 0.4349999999999996092 ) ;
#2860 = CARTESIAN_POINT ( 'NONE',  ( 1.040000000000000036, 1.000000000000000000, -0.6900000000000009459 ) ) ;
#2861 = ORIENTED_EDGE ( 'NONE', *, *, #839, .T. ) ;
#2862 = DIRECTION ( 'NONE',  ( 0.000000000000000000, 0.000000000000000000, -1.000000000000000000 ) ) ;
#2863 = UNCERTAINTY_MEASURE_WITH_UNIT (LENGTH_MEASURE( 1.000000000000000082E-05 ), #299, 'distance_accuracy_value', 'NONE');
#2864 =( LENGTH_UNIT ( ) NAMED_UNIT ( * ) SI_UNIT ( .MILLI., .METRE. ) );
#2865 = EDGE_CURVE ( 'NONE', #561, #1444, #2961, .T. ) ;
#2866 = AXIS2_PLACEMENT_3D ( 'NONE', #2167, #2868, #1210 ) ;
#2867 = EDGE_CURVE ( 'NONE', #3662, #1939, #3498, .T. ) ;
#2868 = DIRECTION ( 'NONE',  ( -1.000000000000000000, -0.000000000000000000, -0.000000000000000000 ) ) ;
#2869 = CARTESIAN_POINT ( 'NONE',  ( 1.199999999999999734, 0.3199999999999998401, -0.9650000000000040767 ) ) ;
#2870 = ADVANCED_FACE ( 'NONE', ( #1713 ), #567, .F. ) ;
#2871 = EDGE_LOOP ( 'NONE', ( #1064, #2776 ) ) ;
#2872 = CARTESIAN_POINT ( 'NONE',  ( 1.040000000000000036, 0.3200000000000000622, -0.6900000000000009459 ) ) ;
#2873 = LINE ( 'NONE', #4214, #3151 ) ;
#2874 = LINE ( 'NONE', #265, #3001 ) ;
#2875 = LINE ( 'NONE', #4177, #4210 ) ;
#2876 = CARTESIAN_POINT ( 'NONE',  ( 0.5599999999999980549, 0.03250776405003887037, -1.199999999999999956 ) ) ;
#2877 = ORIENTED_EDGE ( 'NONE', *, *, #3795, .T. ) ;
#2878 = CARTESIAN_POINT ( 'NONE',  ( -0.6528306081189763077, 0.1918347148094735610, 1.107169391881022813 ) ) ;
#2879 = FILL_AREA_STYLE_COLOUR ( '', #2241 ) ;
#2880 = VECTOR ( 'NONE', #2732, 1000.000000000000000 ) ;
#2881 = CIRCLE ( 'NONE', #3962, 0.5999999999999998668 ) ;
#2882 = DIRECTION ( 'NONE',  ( 0.000000000000000000, 0.000000000000000000, -1.000000000000000000 ) ) ;
#2883 = ORIENTED_EDGE ( 'NONE', *, *, #377, .F. ) ;
#2884 = COLOUR_RGB ( '',0.7294117647058823151, 0.3568627450980392246, 0.02352941176470588203 ) ;
#2885 = PRESENTATION_LAYER_ASSIGNMENT (  '', '', ( #2682 ) ) ;
#2886 = DIRECTION ( 'NONE',  ( 0.000000000000000000, -1.000000000000000000, 0.000000000000000000 ) ) ;
#2887 = SURFACE_STYLE_USAGE ( .BOTH. , #1985 ) ;
#2888 = FACE_OUTER_BOUND ( 'NONE', #2082, .T. ) ;
#2889 = ORIENTED_EDGE ( 'NONE', *, *, #3934, .T. ) ;
#2890 = CYLINDRICAL_SURFACE ( 'NONE', #3784, 0.2399999999999999911 ) ;
#2891 = DIRECTION ( 'NONE',  ( 0.000000000000000000, 0.000000000000000000, -1.000000000000000000 ) ) ;
#2892 = CARTESIAN_POINT ( 'NONE',  ( 0.000000000000000000, 1.000000000000000000, -1.040000000000000036 ) ) ;
#2893 = PRESENTATION_STYLE_ASSIGNMENT (( #921 ) ) ;
#2894 = VERTEX_POINT ( 'NONE', #1392 ) ;
#2895 = CARTESIAN_POINT ( 'NONE',  ( 0.6746182703644886258, 0.1987043383279878395, 1.085381729635510606 ) ) ;
#2896 =( NAMED_UNIT ( * ) SI_UNIT ( $, .STERADIAN. ) SOLID_ANGLE_UNIT ( ) );
#2897 = DIRECTION ( 'NONE',  ( 0.000000000000000000, 0.000000000000000000, -1.000000000000000000 ) ) ;
#2898 = FILL_AREA_STYLE_COLOUR ( '', #1846 ) ;
#2899 = VECTOR ( 'NONE', #2053, 1000.000000000000114 ) ;
#2900 = ORIENTED_EDGE ( 'NONE', *, *, #1951, .F. ) ;
#2901 = DIRECTION ( 'NONE',  ( 0.000000000000000000, 0.000000000000000000, 1.000000000000000000 ) ) ;
#2902 =( GEOMETRIC_REPRESENTATION_CONTEXT ( 3 ) GLOBAL_UNCERTAINTY_ASSIGNED_CONTEXT ( ( #1687 ) ) GLOBAL_UNIT_ASSIGNED_CONTEXT ( ( #11, #2639, #2118 ) ) REPRESENTATION_CONTEXT ( 'NONE', 'WORKASPACE' ) );
#2903 = STYLED_ITEM ( 'NONE', ( #2520 ), #3128 ) ;
#2904 = COLOUR_RGB ( '',0.7294117647058823151, 0.3568627450980392246, 0.02352941176470588203 ) ;
#2905 = UNCERTAINTY_MEASURE_WITH_UNIT (LENGTH_MEASURE( 1.000000000000000082E-05 ), #2727, 'distance_accuracy_value', 'NONE');
#2906 = DIRECTION ( 'NONE',  ( -1.000000000000000000, 0.000000000000000000, -1.070816960479511141E-15 ) ) ;
#2907 = AXIS2_PLACEMENT_3D ( 'NONE', #406, #3592, #660 ) ;
#2908 =( GEOMETRIC_REPRESENTATION_CONTEXT ( 3 ) GLOBAL_UNCERTAINTY_ASSIGNED_CONTEXT ( ( #718 ) ) GLOBAL_UNIT_ASSIGNED_CONTEXT ( ( #523, #1499, #1523 ) ) REPRESENTATION_CONTEXT ( 'NONE', 'WORKASPACE' ) );
#2909 = SURFACE_STYLE_FILL_AREA ( #1960 ) ;
#2910 =( NAMED_UNIT ( * ) SI_UNIT ( $, .STERADIAN. ) SOLID_ANGLE_UNIT ( ) );
#2911 = ORIENTED_EDGE ( 'NONE', *, *, #3488, .T. ) ;
#2912 = AXIS2_PLACEMENT_3D ( 'NONE', #806, #493, #1789 ) ;
#2913 =( NAMED_UNIT ( * ) SI_UNIT ( $, .STERADIAN. ) SOLID_ANGLE_UNIT ( ) );
#2914 = ORIENTED_EDGE ( 'NONE', *, *, #3226, .F. ) ;
#2915 = TOROIDAL_SURFACE ( 'NONE', #926, 0.8443682837723295309, 0.5999999999999996447 ) ;
#2916 = DIRECTION ( 'NONE',  ( 1.000000000000000000, -0.000000000000000000, -0.000000000000000000 ) ) ;
#2917 =( NAMED_UNIT ( * ) SI_UNIT ( $, .STERADIAN. ) SOLID_ANGLE_UNIT ( ) );
#2918 = ORIENTED_EDGE ( 'NONE', *, *, #2798, .F. ) ;
#2919 = DIRECTION ( 'NONE',  ( -0.9537169507482288200, 0.3007057995042671239, 1.021256286358005147E-15 ) ) ;
#2920 = CARTESIAN_POINT ( 'NONE',  ( -0.7199999999999995293, -1.626303258728256651E-16, 1.039999999999999591 ) ) ;
#2921 = ADVANCED_FACE ( 'NONE', ( #4150 ), #4170, .T. ) ;
#2922 = EDGE_CURVE ( 'NONE', #934, #3802, #2760, .T. ) ;
#2923 = CARTESIAN_POINT ( 'NONE',  ( -0.9343682837723319423, 0.6600000000000000311, -0.6900000000000009459 ) ) ;
#2924 = SURFACE_SIDE_STYLE ('',( #3899 ) ) ;
#2925 = DIRECTION ( 'NONE',  ( -1.000000000000000000, 0.000000000000000000, 0.000000000000000000 ) ) ;
#2926 = CARTESIAN_POINT ( 'NONE',  ( -0.6900000000000018341, 1.000000000000000000, -0.6900000000000009459 ) ) ;
#2927 = EDGE_LOOP ( 'NONE', ( #3771, #2558, #4065, #734 ) ) ;
#2928 = PRESENTATION_STYLE_ASSIGNMENT (( #626 ) ) ;
#2929 = ORIENTED_EDGE ( 'NONE', *, *, #3611, .F. ) ;
#2930 =( NAMED_UNIT ( * ) SI_UNIT ( $, .STERADIAN. ) SOLID_ANGLE_UNIT ( ) );
#2931 = COLOUR_RGB ( '',0.2509803921568627416, 0.2509803921568627416, 0.2509803921568627416 ) ;
#2932 = CARTESIAN_POINT ( 'NONE',  ( -1.025000000000000355, 0.1199999999999998845, -1.833392230628972941 ) ) ;
#2933 = SURFACE_STYLE_FILL_AREA ( #2662 ) ;
#2934 = ORIENTED_EDGE ( 'NONE', *, *, #980, .T. ) ;
#2935 = MECHANICAL_DESIGN_GEOMETRIC_PRESENTATION_REPRESENTATION (  '', ( #882 ), #3000 ) ;
#2936 = PLANE ( 'NONE',  #1866 ) ;
#2937 = DIRECTION ( 'NONE',  ( 0.000000000000000000, 1.000000000000000000, 0.000000000000000000 ) ) ;
#2938 = COLOUR_RGB ( '',0.2509803921568627416, 0.2509803921568627416, 0.2509803921568627416 ) ;
#2939 = SURFACE_SIDE_STYLE ('',( #2591 ) ) ;
#2940 = CARTESIAN_POINT ( 'NONE',  ( -0.7250000000000004219, 0.4349999999999997202, -1.199999999999999734 ) ) ;
#2941 = ORIENTED_EDGE ( 'NONE', *, *, #3489, .T. ) ;
#2942 = MECHANICAL_DESIGN_GEOMETRIC_PRESENTATION_REPRESENTATION (  '', ( #2411 ), #3339 ) ;
#2943 = CARTESIAN_POINT ( 'NONE',  ( 0.5599999999999980549, 1.000000000000000000, -1.199999999999999734 ) ) ;
#2944 = EDGE_CURVE ( 'NONE', #1604, #3087, #397, .T. ) ;
#2945 = MECHANICAL_DESIGN_GEOMETRIC_PRESENTATION_REPRESENTATION (  '', ( #1229 ), #20 ) ;
#2946 = STYLED_ITEM ( 'NONE', ( #2355 ), #817 ) ;
#2947 = CARTESIAN_POINT ( 'NONE',  ( -1.534368283772331587, 0.6600000000000000311, -0.6900000000000009459 ) ) ;
#2948 = ORIENTED_EDGE ( 'NONE', *, *, #2110, .F. ) ;
#2949 = ADVANCED_FACE ( 'NONE', ( #870 ), #3120, .F. ) ;
#2950 = PRESENTATION_STYLE_ASSIGNMENT (( #1986 ) ) ;
#2951 = VECTOR ( 'NONE', #2157, 1000.000000000000000 ) ;
#2952 = FILL_AREA_STYLE ('',( #2265 ) ) ;
#2953 = VERTEX_POINT ( 'NONE', #3623 ) ;
#2954 = FACE_OUTER_BOUND ( 'NONE', #2264, .T. ) ;
#2955 = CARTESIAN_POINT ( 'NONE',  ( -0.7799999999999994715, 0.3199999999999998401, 0.9343682837723317203 ) ) ;
#2956 = FILL_AREA_STYLE_COLOUR ( '', #2675 ) ;
#2957 = ORIENTED_EDGE ( 'NONE', *, *, #1545, .T. ) ;
#2958 = LINE ( 'NONE', #2687, #238 ) ;
#2959 = PLANE ( 'NONE',  #3897 ) ;
#2960 =( LENGTH_UNIT ( ) NAMED_UNIT ( * ) SI_UNIT ( .MILLI., .METRE. ) );
#2961 = CIRCLE ( 'NONE', #1111, 0.3499999999999992006 ) ;
#2962 = EDGE_LOOP ( 'NONE', ( #1414, #2066, #710, #2802, #2133, #2027 ) ) ;
#2963 = AXIS2_PLACEMENT_3D ( 'NONE', #1041, #2026, #2094 ) ;
#2964 = CARTESIAN_POINT ( 'NONE',  ( -0.8385348259181931718, 0.3346453371403236843, 1.030183808111995614 ) ) ;
#2965 = EDGE_CURVE ( 'NONE', #2953, #1467, #1112, .T. ) ;
#2966 = EDGE_CURVE ( 'NONE', #3721, #168, #3305, .T. ) ;
#2967 = EDGE_LOOP ( 'NONE', ( #2593, #1042, #3082, #847, #1629, #2036, #993, #3452, #3833 ) ) ;
#2968 = FILL_AREA_STYLE ('',( #1247 ) ) ;
#2969 = UNCERTAINTY_MEASURE_WITH_UNIT (LENGTH_MEASURE( 1.000000000000000082E-05 ), #759, 'distance_accuracy_value', 'NONE');
#2970 = AXIS2_PLACEMENT_3D ( 'NONE', #987, #2937, #2330 ) ;
#2971 = PRESENTATION_STYLE_ASSIGNMENT (( #2621 ) ) ;
#2972 = DIRECTION ( 'NONE',  ( 1.000000000000000000, 0.000000000000000000, 0.000000000000000000 ) ) ;
#2973 = AXIS2_PLACEMENT_3D ( 'NONE', #543, #4165, #1230 ) ;
#2974 = FILL_AREA_STYLE ('',( #1657 ) ) ;
#2975 =( NAMED_UNIT ( * ) PLANE_ANGLE_UNIT ( ) SI_UNIT ( $, .RADIAN. ) );
#2976 = CARTESIAN_POINT ( 'NONE',  ( -0.8365934053639451085, 0.3410285213286425865, 1.026129663941141246 ) ) ;
#2977 = CIRCLE ( 'NONE', #2388, 0.05999999999999917899 ) ;
#2978 = DIRECTION ( 'NONE',  ( 0.000000000000000000, 0.000000000000000000, -1.000000000000000000 ) ) ;
#2979 = DIRECTION ( 'NONE',  ( -1.000000000000000000, 6.776263578034409615E-16, 0.000000000000000000 ) ) ;
#2980 = PRESENTATION_LAYER_ASSIGNMENT (  '', '', ( #3656 ) ) ;
#2981 = EDGE_LOOP ( 'NONE', ( #2305, #596, #2200, #330, #39 ) ) ;
#2982 = PRESENTATION_STYLE_ASSIGNMENT (( #370 ) ) ;
#2983 = SURFACE_STYLE_FILL_AREA ( #2353 ) ;
#2984 = UNCERTAINTY_MEASURE_WITH_UNIT (LENGTH_MEASURE( 1.000000000000000082E-05 ), #2346, 'distance_accuracy_value', 'NONE');
#2985 = EDGE_LOOP ( 'NONE', ( #3137, #3471, #3789, #575, #3852, #3959 ) ) ;
#2986 = FACE_OUTER_BOUND ( 'NONE', #1021, .T. ) ;
#2987 = VERTEX_POINT ( 'NONE', #653 ) ;
#2988 = SURFACE_STYLE_FILL_AREA ( #2680 ) ;
#2989 = CARTESIAN_POINT ( 'NONE',  ( 0.4250000000000005995, 0.1199999999999998845, 1.199999999999999734 ) ) ;
#2990 = ADVANCED_FACE ( 'NONE', ( #40 ), #320, .T. ) ;
#2991 = EDGE_CURVE ( 'NONE', #1954, #3463, #3366, .T. ) ;
#2992 = DIRECTION ( 'NONE',  ( 0.7071067811865527908, 0.000000000000000000, -0.7071067811865422437 ) ) ;
#2993 = CARTESIAN_POINT ( 'NONE',  ( -0.8189728527584572149, 0.3659770799338996627, 1.011326371691126269 ) ) ;
#2994 = PLANE ( 'NONE',  #3298 ) ;
#2995 = CARTESIAN_POINT ( 'NONE',  ( 0.7200000000000004174, 0.1199999999999998845, -1.040000000000000036 ) ) ;
#2996 =( LENGTH_UNIT ( ) NAMED_UNIT ( * ) SI_UNIT ( .MILLI., .METRE. ) );
#2997 = ORIENTED_EDGE ( 'NONE', *, *, #2056, .F. ) ;
#2998 = EDGE_CURVE ( 'NONE', #3248, #2238, #3919, .T. ) ;
#2999 = PLANE ( 'NONE',  #2708 ) ;
#3000 =( GEOMETRIC_REPRESENTATION_CONTEXT ( 3 ) GLOBAL_UNCERTAINTY_ASSIGNED_CONTEXT ( ( #2576 ) ) GLOBAL_UNIT_ASSIGNED_CONTEXT ( ( #458, #104, #3993 ) ) REPRESENTATION_CONTEXT ( 'NONE', 'WORKASPACE' ) );
#3001 = VECTOR ( 'NONE', #1552, 999.9999999999998863 ) ;
#3002 = MECHANICAL_DESIGN_GEOMETRIC_PRESENTATION_REPRESENTATION (  '', ( #608 ), #1561 ) ;
#3003 = CLOSED_SHELL ( 'NONE', ( #2801, #2219, #1033, #2562, #1698, #2166, #2543, #2612, #159, #4200 ) ) ;
#3004 = CIRCLE ( 'NONE', #3891, 0.5999999999999998668 ) ;
#3005 = ORIENTED_EDGE ( 'NONE', *, *, #2371, .F. ) ;
#3006 = VECTOR ( 'NONE', #892, 1000.000000000000000 ) ;
#3007 = VECTOR ( 'NONE', #661, 999.9999999999998863 ) ;
#3008 = VERTEX_POINT ( 'NONE', #2314 ) ;
#3009 = UNCERTAINTY_MEASURE_WITH_UNIT (LENGTH_MEASURE( 1.000000000000000082E-05 ), #70, 'distance_accuracy_value', 'NONE');
#3010 = CARTESIAN_POINT ( 'NONE',  ( -1.040000000000000924, 1.000000000000000000, -0.6900000000000009459 ) ) ;
#3011 = CARTESIAN_POINT ( 'NONE',  ( -0.7199999999999995293, -1.626303258728256651E-16, -1.039999999999999591 ) ) ;
#3012 = DIRECTION ( 'NONE',  ( 1.000000000000000000, 0.000000000000000000, 0.000000000000000000 ) ) ;
#3013 = DIRECTION ( 'NONE',  ( -1.000000000000000000, 0.000000000000000000, 0.000000000000000000 ) ) ;
#3014 = VERTEX_POINT ( 'NONE', #1652 ) ;
#3015 = SURFACE_STYLE_FILL_AREA ( #488 ) ;
#3016 =( LENGTH_UNIT ( ) NAMED_UNIT ( * ) SI_UNIT ( .MILLI., .METRE. ) );
#3017 = SURFACE_STYLE_FILL_AREA ( #3609 ) ;
#3018 = ADVANCED_FACE ( 'NONE', ( #2986 ), #1310, .T. ) ;
#3019 = VERTEX_POINT ( 'NONE', #482 ) ;
#3020 = FILL_AREA_STYLE ('',( #3615 ) ) ;
#3021 = FILL_AREA_STYLE ('',( #1773 ) ) ;
#3022 = FILL_AREA_STYLE ('',( #3746 ) ) ;
#3023 = UNCERTAINTY_MEASURE_WITH_UNIT (LENGTH_MEASURE( 1.000000000000000082E-05 ), #1164, 'distance_accuracy_value', 'NONE');
#3024 = AXIS2_PLACEMENT_3D ( 'NONE', #3826, #3863, #923 ) ;
#3025 = VECTOR ( 'NONE', #637, 1000.000000000000000 ) ;
#3026 = DIRECTION ( 'NONE',  ( 1.000000000000000000, -0.000000000000000000, -0.000000000000000000 ) ) ;
#3027 = CARTESIAN_POINT ( 'NONE',  ( -0.6900000000000013900, 0.6600000000000000311, 0.9343682837723319423 ) ) ;
#3028 = AXIS2_PLACEMENT_3D ( 'NONE', #3163, #240, #1234 ) ;
#3029 = SURFACE_STYLE_FILL_AREA ( #167 ) ;
#3030 =( GEOMETRIC_REPRESENTATION_CONTEXT ( 3 ) GLOBAL_UNCERTAINTY_ASSIGNED_CONTEXT ( ( #1098 ) ) GLOBAL_UNIT_ASSIGNED_CONTEXT ( ( #3642, #1732, #2741 ) ) REPRESENTATION_CONTEXT ( 'NONE', 'WORKASPACE' ) );
#3031 = AXIS2_PLACEMENT_3D ( 'NONE', #3346, #1366, #2721 ) ;
#3032 = VECTOR ( 'NONE', #4201, 1000.000000000000000 ) ;
#3033 = CARTESIAN_POINT ( 'NONE',  ( -1.025000000000000355, 0.1199999999999998845, 0.000000000000000000 ) ) ;
#3034 = CARTESIAN_POINT ( 'NONE',  ( 0.7250000000000004219, -0.03705735337010138825, -1.040000000000000036 ) ) ;
#3035 =( GEOMETRIC_REPRESENTATION_CONTEXT ( 3 ) GLOBAL_UNCERTAINTY_ASSIGNED_CONTEXT ( ( #3659 ) ) GLOBAL_UNIT_ASSIGNED_CONTEXT ( ( #2614, #1623, #37 ) ) REPRESENTATION_CONTEXT ( 'NONE', 'WORKASPACE' ) );
#3036 = ORIENTED_EDGE ( 'NONE', *, *, #407, .T. ) ;
#3037 =( GEOMETRIC_REPRESENTATION_CONTEXT ( 3 ) GLOBAL_UNCERTAINTY_ASSIGNED_CONTEXT ( ( #1674 ) ) GLOBAL_UNIT_ASSIGNED_CONTEXT ( ( #2181, #833, #3194 ) ) REPRESENTATION_CONTEXT ( 'NONE', 'WORKASPACE' ) );
#3038 = FACE_OUTER_BOUND ( 'NONE', #2450, .T. ) ;
#3039 = MECHANICAL_DESIGN_GEOMETRIC_PRESENTATION_REPRESENTATION (  '', ( #2779 ), #578 ) ;
#3040 = EDGE_CURVE ( 'NONE', #560, #3061, #1752, .T. ) ;
#3041 = EDGE_CURVE ( 'NONE', #1444, #2025, #914, .T. ) ;
#3042 = CARTESIAN_POINT ( 'NONE',  ( 0.000000000000000000, 0.3200000000000000622, -1.040000000000000036 ) ) ;
#3043 = EDGE_CURVE ( 'NONE', #1916, #4212, #4046, .T. ) ;
#3044 = DIRECTION ( 'NONE',  ( 0.6901619708142021636, 0.2176072335280451742, 0.6901619708141901732 ) ) ;
#3045 = SURFACE_STYLE_USAGE ( .BOTH. , #794 ) ;
#3046 = ORIENTED_EDGE ( 'NONE', *, *, #1333, .T. ) ;
#3047 = DIRECTION ( 'NONE',  ( 1.000000000000000000, 0.000000000000000000, 3.097720492815736040E-16 ) ) ;
#3048 = CARTESIAN_POINT ( 'NONE',  ( 0.6528306081189763077, 0.1918347148094735333, -1.107169391881023257 ) ) ;
#3049 = DIRECTION ( 'NONE',  ( 0.9537169507482288200, -0.3007057995042671239, 1.021256286358006133E-15 ) ) ;
#3050 = MANIFOLD_SOLID_BREP ( 'Cut-Extrude4[1]', #1841 ) ;
#3051 = FILL_AREA_STYLE ('',( #484 ) ) ;
#3052 = CARTESIAN_POINT ( 'NONE',  ( -0.7199999999999995293, 2.873658136898519719E-05, 1.039999999999999591 ) ) ;
#3053 = EDGE_LOOP ( 'NONE', ( #1292, #1895, #3197, #1811, #1843, #4066 ) ) ;
#3054 = CARTESIAN_POINT ( 'NONE',  ( 0.7200000000000004174, 1.199999999999999956, -1.040000000000000036 ) ) ;
#3055 = CARTESIAN_POINT ( 'NONE',  ( 0.7799999999999994715, 0.3199999999999998401, 1.099999999999999645 ) ) ;
#3056 = EDGE_CURVE ( 'NONE', #3083, #355, #3323, .T. ) ;
#3057 = CYLINDRICAL_SURFACE ( 'NONE', #537, 0.5999999999999996447 ) ;
#3058 = MANIFOLD_SOLID_BREP ( 'Cut-Extrude2', #22 ) ;
#3059 = FILL_AREA_STYLE_COLOUR ( '', #850 ) ;
#3060 = ORIENTED_EDGE ( 'NONE', *, *, #3281, .T. ) ;
#3061 = VERTEX_POINT ( 'NONE', #2043 ) ;
#3062 = DIRECTION ( 'NONE',  ( 0.000000000000000000, -1.000000000000000000, 0.000000000000000000 ) ) ;
#3063 = DIRECTION ( 'NONE',  ( -1.000000000000000000, 0.000000000000000000, 0.000000000000000000 ) ) ;
#3064 = CIRCLE ( 'NONE', #3605, 0.3499999999999996447 ) ;
#3065 = DIRECTION ( 'NONE',  ( -0.000000000000000000, 1.000000000000000000, -0.000000000000000000 ) ) ;
#3066 = AXIS2_PLACEMENT_3D ( 'NONE', #3665, #739, #3095 ) ;
#3067 = CARTESIAN_POINT ( 'NONE',  ( -0.8399999999999991918, 0.3199999999999998401, 0.9343682837723317203 ) ) ;
#3068 = UNCERTAINTY_MEASURE_WITH_UNIT (LENGTH_MEASURE( 1.000000000000000082E-05 ), #831, 'distance_accuracy_value', 'NONE');
#3069 = EDGE_LOOP ( 'NONE', ( #1473, #3414, #3589, #2848 ) ) ;
#3070 = CARTESIAN_POINT ( 'NONE',  ( -0.7482494860443008600, 0.3714534756667985937, 1.008294768737927782 ) ) ;
#3071 = CARTESIAN_POINT ( 'NONE',  ( 0.7060308921153002348, 0.2086086999215320814, -1.053969107884699996 ) ) ;
#3072 = STYLED_ITEM ( 'NONE', ( #2465 ), #691 ) ;
#3073 = MANIFOLD_SOLID_BREP ( 'Cut-Sweep1', #487 ) ;
#3074 = PRESENTATION_STYLE_ASSIGNMENT (( #440 ) ) ;
#3075 = DIRECTION ( 'NONE',  ( -0.9537169507482289310, -0.3007057995042665688, 0.000000000000000000 ) ) ;
#3076 = PLANE ( 'NONE',  #282 ) ;
#3077 = PRESENTATION_LAYER_ASSIGNMENT (  '', '', ( #3614 ) ) ;
#3078 = AXIS2_PLACEMENT_3D ( 'NONE', #3448, #638, #3277 ) ;
#3079 = SURFACE_SIDE_STYLE ('',( #3410 ) ) ;
#3080 = LINE ( 'NONE', #3054, #432 ) ;
#3081 = FILL_AREA_STYLE_COLOUR ( '', #3964 ) ;
#3082 = ORIENTED_EDGE ( 'NONE', *, *, #453, .F. ) ;
#3083 = VERTEX_POINT ( 'NONE', #2700 ) ;
#3084 = CARTESIAN_POINT ( 'NONE',  ( -0.5599999999999973888, 0.3199999999999998401, -1.199999999999999734 ) ) ;
#3085 = EDGE_CURVE ( 'NONE', #1261, #1640, #161, .T. ) ;
#3086 = CARTESIAN_POINT ( 'NONE',  ( -1.115957602214449507, 0.09132117818244843421, 1.039999999999999591 ) ) ;
#3087 = VERTEX_POINT ( 'NONE', #2187 ) ;
#3088 = VERTEX_POINT ( 'NONE', #237 ) ;
#3089 = CARTESIAN_POINT ( 'NONE',  ( -0.7742839805505411510, 0.3797271054183383177, 1.003852398465570506 ) ) ;
#3090 = FILL_AREA_STYLE_COLOUR ( '', #1587 ) ;
#3091 = DIRECTION ( 'NONE',  ( -1.000000000000000000, 0.000000000000000000, -0.000000000000000000 ) ) ;
#3092 = LINE ( 'NONE', #1100, #1056 ) ;
#3093 = EDGE_CURVE ( 'NONE', #4212, #2486, #1524, .T. ) ;
#3094 = CIRCLE ( 'NONE', #981, 0.05999999999999917899 ) ;
#3095 = DIRECTION ( 'NONE',  ( 0.000000000000000000, 0.000000000000000000, 1.000000000000000000 ) ) ;
#3096 = DIRECTION ( 'NONE',  ( 0.000000000000000000, 0.000000000000000000, 1.000000000000000000 ) ) ;
#3097 = FILL_AREA_STYLE_COLOUR ( '', #2819 ) ;
#3098 = EDGE_CURVE ( 'NONE', #241, #3929, #180, .T. ) ;
#3099 = SURFACE_SIDE_STYLE ('',( #3015 ) ) ;
#3100 = STYLED_ITEM ( 'NONE', ( #570 ), #2870 ) ;
#3101 = SURFACE_SIDE_STYLE ('',( #1785 ) ) ;
#3102 = SURFACE_STYLE_USAGE ( .BOTH. , #3733 ) ;
#3103 = CARTESIAN_POINT ( 'NONE',  ( -0.7199999999999995293, 0.1199999999999998845, -1.039999999999999591 ) ) ;
#3104 = LINE ( 'NONE', #2773, #3994 ) ;
#3105 = PRESENTATION_LAYER_ASSIGNMENT (  '', '', ( #2086 ) ) ;
#3106 = EDGE_LOOP ( 'NONE', ( #4075, #571, #3783, #2212 ) ) ;
#3107 = ORIENTED_EDGE ( 'NONE', *, *, #559, .T. ) ;
#3108 = FACE_OUTER_BOUND ( 'NONE', #1458, .T. ) ;
#3109 = CARTESIAN_POINT ( 'NONE',  ( -0.7199999999999995293, -1.626303258728256651E-16, 1.039999999999999591 ) ) ;
#3110 = SURFACE_STYLE_FILL_AREA ( #3506 ) ;
#3111 = STYLED_ITEM ( 'NONE', ( #1540 ), #2083 ) ;
#3112 = ORIENTED_EDGE ( 'NONE', *, *, #2998, .T. ) ;
#3113 = VERTEX_POINT ( 'NONE', #2923 ) ;
#3114 =( NAMED_UNIT ( * ) SI_UNIT ( $, .STERADIAN. ) SOLID_ANGLE_UNIT ( ) );
#3115 = ORIENTED_EDGE ( 'NONE', *, *, #2054, .F. ) ;
#3116 = PLANE ( 'NONE',  #1407 ) ;
#3117 = DIRECTION ( 'NONE',  ( -0.7071067811865536790, 0.000000000000000000, -0.7071067811865413555 ) ) ;
#3118 = FILL_AREA_STYLE ('',( #3517 ) ) ;
#3119 = LINE ( 'NONE', #3351, #1415 ) ;
#3120 = PLANE ( 'NONE',  #1656 ) ;
#3121 = VERTEX_POINT ( 'NONE', #4097 ) ;
#3122 = EDGE_CURVE ( 'NONE', #521, #3563, #2164, .T. ) ;
#3123 = FILL_AREA_STYLE ('',( #341 ) ) ;
#3124 = LINE ( 'NONE', #2793, #3617 ) ;
#3125 = ADVANCED_FACE ( 'NONE', ( #4206 ), #2592, .F. ) ;
#3126 = SURFACE_STYLE_USAGE ( .BOTH. , #1809 ) ;
#3127 = EDGE_LOOP ( 'NONE', ( #2334, #151, #1885, #1979 ) ) ;
#3128 = ADVANCED_FACE ( 'NONE', ( #2306 ), #314, .T. ) ;
#3129 =( NAMED_UNIT ( * ) SI_UNIT ( $, .STERADIAN. ) SOLID_ANGLE_UNIT ( ) );
#3130 = DIRECTION ( 'NONE',  ( -0.7071067811865523467, -0.000000000000000000, 0.7071067811865426878 ) ) ;
#3131 =( NAMED_UNIT ( * ) PLANE_ANGLE_UNIT ( ) SI_UNIT ( $, .RADIAN. ) );
#3132 = ORIENTED_EDGE ( 'NONE', *, *, #814, .T. ) ;
#3133 = VECTOR ( 'NONE', #1546, 1000.000000000000000 ) ;
#3134 =( NAMED_UNIT ( * ) PLANE_ANGLE_UNIT ( ) SI_UNIT ( $, .RADIAN. ) );
#3135 = CARTESIAN_POINT ( 'NONE',  ( -0.7250000000000004219, 0.4349999999999997202, 1.199999999999999734 ) ) ;
#3136 = MECHANICAL_DESIGN_GEOMETRIC_PRESENTATION_REPRESENTATION (  '', ( #4092 ), #945 ) ;
#3137 = ORIENTED_EDGE ( 'NONE', *, *, #1379, .T. ) ;
#3138 = CARTESIAN_POINT ( 'NONE',  ( -1.124999999999999334, 0.1199999999999998845, -1.039999999999999591 ) ) ;
#3139 = DIRECTION ( 'NONE',  ( -0.000000000000000000, 1.000000000000000000, -0.000000000000000000 ) ) ;
#3140 = PRESENTATION_LAYER_ASSIGNMENT (  '', '', ( #2124 ) ) ;
#3141 = FACE_OUTER_BOUND ( 'NONE', #3069, .T. ) ;
#3142 = DIRECTION ( 'NONE',  ( -1.000000000000000000, -0.000000000000000000, -0.000000000000000000 ) ) ;
#3143 = VERTEX_POINT ( 'NONE', #3138 ) ;
#3144 = CARTESIAN_POINT ( 'NONE',  ( 0.7250000000000004219, -0.03705735337010138825, -1.199999999999999734 ) ) ;
#3145 = DIRECTION ( 'NONE',  ( 0.3007057995042662912, 0.9537169507482291531, -0.000000000000000000 ) ) ;
#3146 = CARTESIAN_POINT ( 'NONE',  ( 0.6528306081189763077, 0.1918347148094735333, -1.107169391881023035 ) ) ;
#3147 = DIRECTION ( 'NONE',  ( -1.000000000000000000, 0.000000000000000000, -1.070816960479511141E-15 ) ) ;
#3148 = VECTOR ( 'NONE', #2579, 1000.000000000000000 ) ;
#3149 = ORIENTED_EDGE ( 'NONE', *, *, #2738, .T. ) ;
#3150 = COLOUR_RGB ( '',0.2509803921568627416, 0.2509803921568627416, 0.2509803921568627416 ) ;
#3151 = VECTOR ( 'NONE', #2855, 1000.000000000000000 ) ;
#3152 = DIRECTION ( 'NONE',  ( 1.000000000000000000, 0.000000000000000000, -0.000000000000000000 ) ) ;
#3153 = EDGE_CURVE ( 'NONE', #3061, #2025, #54, .T. ) ;
#3154 = CIRCLE ( 'NONE', #350, 0.5999999999999998668 ) ;
#3155 = ORIENTED_EDGE ( 'NONE', *, *, #3240, .F. ) ;
#3156 = VERTEX_POINT ( 'NONE', #1187 ) ;
#3157 = UNCERTAINTY_MEASURE_WITH_UNIT (LENGTH_MEASURE( 1.000000000000000082E-05 ), #115, 'distance_accuracy_value', 'NONE');
#3158 = DIRECTION ( 'NONE',  ( 0.000000000000000000, 1.000000000000000000, -0.000000000000000000 ) ) ;
#3159 = CARTESIAN_POINT ( 'NONE',  ( 0.6746182703644887368, 0.1987043383279879227, -1.085381729635510606 ) ) ;
#3160 = DIRECTION ( 'NONE',  ( 0.000000000000000000, 0.000000000000000000, -1.000000000000000000 ) ) ;
#3161 = CARTESIAN_POINT ( 'NONE',  ( 0.6528306081189763077, 0.1918347148094735333, -1.833392230628972941 ) ) ;
#3162 = LINE ( 'NONE', #568, #1766 ) ;
#3163 = CARTESIAN_POINT ( 'NONE',  ( 1.199999999999999734, 0.1199999999999998845, 0.9650000000000040767 ) ) ;
#3164 = ORIENTED_EDGE ( 'NONE', *, *, #256, .F. ) ;
#3165 = CARTESIAN_POINT ( 'NONE',  ( 0.7616740878839245443, 0.3774386540706033411, 1.005065868590623301 ) ) ;
#3166 = DIRECTION ( 'NONE',  ( 0.000000000000000000, 0.000000000000000000, -1.000000000000000000 ) ) ;
#3167 =( GEOMETRIC_REPRESENTATION_CONTEXT ( 3 ) GLOBAL_UNCERTAINTY_ASSIGNED_CONTEXT ( ( #1365 ) ) GLOBAL_UNIT_ASSIGNED_CONTEXT ( ( #146, #760, #2440 ) ) REPRESENTATION_CONTEXT ( 'NONE', 'WORKASPACE' ) );
#3168 = VERTEX_POINT ( 'NONE', #3792 ) ;
#3169 = COLOUR_RGB ( '',0.7294117647058823151, 0.3568627450980392246, 0.02352941176470588203 ) ;
#3170 = CARTESIAN_POINT ( 'NONE',  ( -0.6528306081189763077, 0.1918347148094735610, -1.833392230628972941 ) ) ;
#3171 = MECHANICAL_DESIGN_GEOMETRIC_PRESENTATION_REPRESENTATION (  '', ( #3576 ), #639 ) ;
#3172 = LINE ( 'NONE', #3785, #2951 ) ;
#3173 = PLANE ( 'NONE',  #835 ) ;
#3174 = VERTEX_POINT ( 'NONE', #3466 ) ;
#3175 = EDGE_CURVE ( 'NONE', #4007, #3008, #2633, .T. ) ;
#3176 = AXIS2_PLACEMENT_3D ( 'NONE', #4078, #423, #119 ) ;
#3177 = CARTESIAN_POINT ( 'NONE',  ( 0.000000000000000000, 0.000000000000000000, 0.000000000000000000 ) ) ;
#3178 = ADVANCED_FACE ( 'NONE', ( #389 ), #3261, .T. ) ;
#3179 = ADVANCED_FACE ( 'NONE', ( #1324 ), #2999, .T. ) ;
#3180 = ORIENTED_EDGE ( 'NONE', *, *, #1490, .T. ) ;
#3181 =( GEOMETRIC_REPRESENTATION_CONTEXT ( 3 ) GLOBAL_UNCERTAINTY_ASSIGNED_CONTEXT ( ( #3949 ) ) GLOBAL_UNIT_ASSIGNED_CONTEXT ( ( #1606, #1327, #2307 ) ) REPRESENTATION_CONTEXT ( 'NONE', 'WORKASPACE' ) );
#3182 = CARTESIAN_POINT ( 'NONE',  ( -1.534368283772331587, 0.6600000000000000311, -0.6900000000000009459 ) ) ;
#3183 = FILL_AREA_STYLE_COLOUR ( '', #3409 ) ;
#3184 = FILL_AREA_STYLE ('',( #1823 ) ) ;
#3185 = ORIENTED_EDGE ( 'NONE', *, *, #1432, .T. ) ;
#3186 = FACE_OUTER_BOUND ( 'NONE', #2552, .T. ) ;
#3187 = FILL_AREA_STYLE_COLOUR ( '', #4184 ) ;
#3188 = DIRECTION ( 'NONE',  ( -0.7071067811865523467, -0.000000000000000000, 0.7071067811865426878 ) ) ;
#3189 = CARTESIAN_POINT ( 'NONE',  ( -0.7200000000000007505, 0.1199999999999998290, 1.039999999999999591 ) ) ;
#3190 = SURFACE_STYLE_FILL_AREA ( #3477 ) ;
#3191 = VERTEX_POINT ( 'NONE', #1015 ) ;
#3192 = CARTESIAN_POINT ( 'NONE',  ( 0.7250000000000004219, 0.4349999999999997202, -1.833392230628972941 ) ) ;
#3193 = FILL_AREA_STYLE ('',( #3504 ) ) ;
#3194 =( NAMED_UNIT ( * ) SI_UNIT ( $, .STERADIAN. ) SOLID_ANGLE_UNIT ( ) );
#3195 = DIRECTION ( 'NONE',  ( -1.000000000000000000, 0.000000000000000000, -0.000000000000000000 ) ) ;
#3196 = VERTEX_POINT ( 'NONE', #1036 ) ;
#3197 = ORIENTED_EDGE ( 'NONE', *, *, #4023, .F. ) ;
#3198 = VERTEX_POINT ( 'NONE', #1980 ) ;
#3199 = UNCERTAINTY_MEASURE_WITH_UNIT (LENGTH_MEASURE( 1.000000000000000082E-05 ), #4050, 'distance_accuracy_value', 'NONE');
#3200 = FILL_AREA_STYLE ('',( #822 ) ) ;
#3201 = CARTESIAN_POINT ( 'NONE',  ( -0.7250000000000004219, -0.03705735337010138825, 1.039999999999999591 ) ) ;
#3202 = CARTESIAN_POINT ( 'NONE',  ( 1.534368283772330699, 0.6600000000000000311, 0.6900000000000013900 ) ) ;
#3203 = ORIENTED_EDGE ( 'NONE', *, *, #3931, .T. ) ;
#3204 = AXIS2_PLACEMENT_3D ( 'NONE', #3725, #3418, #748 ) ;
#3205 = DIRECTION ( 'NONE',  ( 0.000000000000000000, 0.000000000000000000, 1.000000000000000000 ) ) ;
#3206 =( LENGTH_UNIT ( ) NAMED_UNIT ( * ) SI_UNIT ( .MILLI., .METRE. ) );
#3207 = CARTESIAN_POINT ( 'NONE',  ( 0.7971693918810245361, 0.1918347148094735333, 1.040000000000000036 ) ) ;
#3208 = VERTEX_POINT ( 'NONE', #3635 ) ;
#3209 = PLANE ( 'NONE',  #3233 ) ;
#3210 = CIRCLE ( 'NONE', #2748, 0.05999999999999994227 ) ;
#3211 = CYLINDRICAL_SURFACE ( 'NONE', #3412, 0.5999999999999996447 ) ;
#3212 = MECHANICAL_DESIGN_GEOMETRIC_PRESENTATION_REPRESENTATION (  '', ( #223 ), #1567 ) ;
#3213 = ORIENTED_EDGE ( 'NONE', *, *, #3040, .T. ) ;
#3214 = STYLED_ITEM ( 'NONE', ( #1884 ), #1947 ) ;
#3215 = CARTESIAN_POINT ( 'NONE',  ( 0.6900000000000013900, 0.6600000000000000311, -1.534368283772330477 ) ) ;
#3216 = VECTOR ( 'NONE', #3294, 1000.000000000000000 ) ;
#3217 = DIRECTION ( 'NONE',  ( -0.000000000000000000, -0.000000000000000000, 1.000000000000000000 ) ) ;
#3218 = CARTESIAN_POINT ( 'NONE',  ( -1.124999999999999334, 1.199999999999999956, -1.039999999999999591 ) ) ;
#3219 = DIRECTION ( 'NONE',  ( -0.7071067811865440200, 0.000000000000000000, 0.7071067811865511255 ) ) ;
#3220 = SURFACE_STYLE_FILL_AREA ( #1648 ) ;
#3221 = ORIENTED_EDGE ( 'NONE', *, *, #2441, .F. ) ;
#3222 = SURFACE_STYLE_FILL_AREA ( #337 ) ;
#3223 = FACE_OUTER_BOUND ( 'NONE', #2686, .T. ) ;
#3224 = EDGE_CURVE ( 'NONE', #539, #722, #731, .T. ) ;
#3225 =( NAMED_UNIT ( * ) PLANE_ANGLE_UNIT ( ) SI_UNIT ( $, .RADIAN. ) );
#3226 = EDGE_CURVE ( 'NONE', #1467, #2326, #3319, .T. ) ;
#3227 = PLANE ( 'NONE',  #2482 ) ;
#3228 = ORIENTED_EDGE ( 'NONE', *, *, #2966, .F. ) ;
#3229 = CARTESIAN_POINT ( 'NONE',  ( 1.125000000000000222, 0.3199999999999998401, 1.039999999999999591 ) ) ;
#3230 = CARTESIAN_POINT ( 'NONE',  ( -1.534368283772331587, 0.6600000000000000311, -0.6900000000000009459 ) ) ;
#3231 = CARTESIAN_POINT ( 'NONE',  ( 0.6900000000000013900, 0.3200000000000000622, 1.040000000000000924 ) ) ;
#3232 = SURFACE_SIDE_STYLE ('',( #2255 ) ) ;
#3233 = AXIS2_PLACEMENT_3D ( 'NONE', #229, #1484, #533 ) ;
#3234 = ORIENTED_EDGE ( 'NONE', *, *, #4148, .T. ) ;
#3235 = AXIS2_PLACEMENT_3D ( 'NONE', #2749, #427, #3711 ) ;
#3236 = COLOUR_RGB ( '',0.2509803921568627416, 0.2509803921568627416, 0.2509803921568627416 ) ;
#3237 = FILL_AREA_STYLE_COLOUR ( '', #1729 ) ;
#3238 = VECTOR ( 'NONE', #4131, 1000.000000000000000 ) ;
#3239 = CARTESIAN_POINT ( 'NONE',  ( -2.053489347261345799, 0.6334607188938157218, -0.2934893472613330223 ) ) ;
#3240 = EDGE_CURVE ( 'NONE', #262, #3196, #3337, .T. ) ;
#3241 = COLOUR_RGB ( '',0.7294117647058823151, 0.3568627450980392246, 0.02352941176470588203 ) ;
#3242 = DIRECTION ( 'NONE',  ( -1.000000000000000000, -0.000000000000000000, -0.000000000000000000 ) ) ;
#3243 = SURFACE_SIDE_STYLE ('',( #2289 ) ) ;
#3244 = FACE_OUTER_BOUND ( 'NONE', #3336, .T. ) ;
#3245 = EDGE_LOOP ( 'NONE', ( #840, #622, #590 ) ) ;
#3246 = COLOUR_RGB ( '',0.7294117647058823151, 0.3568627450980392246, 0.02352941176470588203 ) ;
#3247 = DIRECTION ( 'NONE',  ( 1.000000000000000000, 0.000000000000000000, -0.000000000000000000 ) ) ;
#3248 = VERTEX_POINT ( 'NONE', #2715 ) ;
#3249 = CARTESIAN_POINT ( 'NONE',  ( 0.7971693918810245361, 0.1918347148094735333, -1.199999999999999734 ) ) ;
#3250 = SURFACE_STYLE_FILL_AREA ( #48 ) ;
#3251 =( NAMED_UNIT ( * ) PLANE_ANGLE_UNIT ( ) SI_UNIT ( $, .RADIAN. ) );
#3252 = CARTESIAN_POINT ( 'NONE',  ( -0.6900000000000018341, 0.6600000000000000311, -0.6900000000000009459 ) ) ;
#3253 = EDGE_LOOP ( 'NONE', ( #3362, #1603, #312, #1857 ) ) ;
#3254 = ADVANCED_FACE ( 'NONE', ( #4002 ), #3918, .T. ) ;
#3255 =( NAMED_UNIT ( * ) PLANE_ANGLE_UNIT ( ) SI_UNIT ( $, .RADIAN. ) );
#3256 =( NAMED_UNIT ( * ) PLANE_ANGLE_UNIT ( ) SI_UNIT ( $, .RADIAN. ) );
#3257 =( NAMED_UNIT ( * ) PLANE_ANGLE_UNIT ( ) SI_UNIT ( $, .RADIAN. ) );
#3258 = EDGE_CURVE ( 'NONE', #1092, #4196, #1721, .T. ) ;
#3259 = ADVANCED_FACE ( 'NONE', ( #3108 ), #2084, .F. ) ;
#3260 = ORIENTED_EDGE ( 'NONE', *, *, #2371, .T. ) ;
#3261 = SPHERICAL_SURFACE ( 'NONE', #2317, 0.05999999999999999778 ) ;
#3262 = DIRECTION ( 'NONE',  ( 1.000000000000000000, 0.000000000000000000, -0.000000000000000000 ) ) ;
#3263 = DIRECTION ( 'NONE',  ( 0.000000000000000000, 1.000000000000000000, 0.000000000000000000 ) ) ;
#3264 = PLANE ( 'NONE',  #380 ) ;
#3265 = ORIENTED_EDGE ( 'NONE', *, *, #3704, .T. ) ;
#3266 = ORIENTED_EDGE ( 'NONE', *, *, #3689, .F. ) ;
#3267 = UNCERTAINTY_MEASURE_WITH_UNIT (LENGTH_MEASURE( 1.000000000000000082E-05 ), #2513, 'distance_accuracy_value', 'NONE');
#3268 =( LENGTH_UNIT ( ) NAMED_UNIT ( * ) SI_UNIT ( .MILLI., .METRE. ) );
#3269 = DIRECTION ( 'NONE',  ( 1.000000000000000000, 0.000000000000000000, -0.000000000000000000 ) ) ;
#3270 = AXIS2_PLACEMENT_3D ( 'NONE', #294, #3561, #2617 ) ;
#3271 = SURFACE_STYLE_USAGE ( .BOTH. , #3935 ) ;
#3272 = DIRECTION ( 'NONE',  ( 0.7071067811865511255, 0.000000000000000000, 0.7071067811865440200 ) ) ;
#3273 = ORIENTED_EDGE ( 'NONE', *, *, #3934, .F. ) ;
#3274 = COLOUR_RGB ( '',0.2509803921568627416, 0.2509803921568627416, 0.2509803921568627416 ) ;
#3275 = CARTESIAN_POINT ( 'NONE',  ( -1.124999999999999334, 0.1199999999999998845, -1.039999999999999591 ) ) ;
#3276 = CARTESIAN_POINT ( 'NONE',  ( 0.6900000000000013900, 0.6600000000000000311, -0.9343682837723308321 ) ) ;
#3277 = DIRECTION ( 'NONE',  ( 1.000000000000000000, 0.000000000000000000, 0.000000000000000000 ) ) ;
#3278 = PRESENTATION_LAYER_ASSIGNMENT (  '', '', ( #1830 ) ) ;
#3279 = FILL_AREA_STYLE_COLOUR ( '', #30 ) ;
#3280 = VECTOR ( 'NONE', #1216, 1000.000000000000000 ) ;
#3281 = EDGE_CURVE ( 'NONE', #139, #3929, #470, .T. ) ;
#3282 = EDGE_CURVE ( 'NONE', #3008, #2609, #1485, .T. ) ;
#3283 = PRESENTATION_LAYER_ASSIGNMENT (  '', '', ( #2049 ) ) ;
#3284 = CIRCLE ( 'NONE', #3078, 0.5999999999999998668 ) ;
#3285 = SURFACE_STYLE_USAGE ( .BOTH. , #2610 ) ;
#3286 = STYLED_ITEM ( 'NONE', ( #895 ), #401 ) ;
#3287 = DIRECTION ( 'NONE',  ( 0.000000000000000000, 0.000000000000000000, 1.000000000000000000 ) ) ;
#3288 = VECTOR ( 'NONE', #2823, 1000.000000000000000 ) ;
#3289 = ORIENTED_EDGE ( 'NONE', *, *, #2023, .T. ) ;
#3290 = EDGE_LOOP ( 'NONE', ( #1812, #994, #53, #1316 ) ) ;
#3291 = CARTESIAN_POINT ( 'NONE',  ( -1.040000000000000924, 0.3200000000000000622, -0.6900000000000009459 ) ) ;
#3292 = CYLINDRICAL_SURFACE ( 'NONE', #670, 0.5999999999999996447 ) ;
#3293 = CARTESIAN_POINT ( 'NONE',  ( -0.7983259121160742877, 0.3774386540706033411, 1.005065868590623301 ) ) ;
#3294 = DIRECTION ( 'NONE',  ( -4.170008355713479123E-16, -0.000000000000000000, -1.000000000000000000 ) ) ;
#3295 = CARTESIAN_POINT ( 'NONE',  ( -1.050000000000000488, 1.199999999999999956, -1.040000000000000036 ) ) ;
#3296 = VERTEX_POINT ( 'NONE', #448 ) ;
#3297 = FILL_AREA_STYLE ('',( #1955 ) ) ;
#3298 = AXIS2_PLACEMENT_3D ( 'NONE', #3275, #1637, #385 ) ;
#3299 = ADVANCED_FACE ( 'NONE', ( #3038 ), #2108, .T. ) ;
#3300 = MECHANICAL_DESIGN_GEOMETRIC_PRESENTATION_REPRESENTATION (  '', ( #985 ), #1520 ) ;
#3301 = EDGE_CURVE ( 'NONE', #3463, #2003, #372, .T. ) ;
#3302 = EDGE_CURVE ( 'NONE', #854, #514, #4158, .T. ) ;
#3303 =( GEOMETRIC_REPRESENTATION_CONTEXT ( 3 ) GLOBAL_UNCERTAINTY_ASSIGNED_CONTEXT ( ( #3966 ) ) GLOBAL_UNIT_ASSIGNED_CONTEXT ( ( #1044, #2341, #674 ) ) REPRESENTATION_CONTEXT ( 'NONE', 'WORKASPACE' ) );
#3304 = EDGE_LOOP ( 'NONE', ( #1374, #1703, #1150, #2061 ) ) ;
#3305 = LINE ( 'NONE', #1001, #2008 ) ;
#3306 = EDGE_LOOP ( 'NONE', ( #1650, #3266, #1082, #4161, #2493, #2570 ) ) ;
#3307 = UNCERTAINTY_MEASURE_WITH_UNIT (LENGTH_MEASURE( 1.000000000000000082E-05 ), #2767, 'distance_accuracy_value', 'NONE');
#3308 = AXIS2_PLACEMENT_3D ( 'NONE', #4089, #904, #2532 ) ;
#3309 = SURFACE_STYLE_FILL_AREA ( #2006 ) ;
#3310 = CARTESIAN_POINT ( 'NONE',  ( -0.7250000000000004219, -0.03705735337010138825, 1.039999999999999591 ) ) ;
#3311 =( GEOMETRIC_REPRESENTATION_CONTEXT ( 3 ) GLOBAL_UNCERTAINTY_ASSIGNED_CONTEXT ( ( #2735 ) ) GLOBAL_UNIT_ASSIGNED_CONTEXT ( ( #3268, #1024, #2318 ) ) REPRESENTATION_CONTEXT ( 'NONE', 'WORKASPACE' ) );
#3312 = PRESENTATION_STYLE_ASSIGNMENT (( #1314 ) ) ;
#3313 = FILL_AREA_STYLE ('',( #701 ) ) ;
#3314 = DIRECTION ( 'NONE',  ( 0.000000000000000000, 0.000000000000000000, -1.000000000000000000 ) ) ;
#3315 = COLOUR_RGB ( '',0.2509803921568627416, 0.2509803921568627416, 0.2509803921568627416 ) ;
#3316 =( NAMED_UNIT ( * ) SI_UNIT ( $, .STERADIAN. ) SOLID_ANGLE_UNIT ( ) );
#3317 = VERTEX_POINT ( 'NONE', #307 ) ;
#3318 =( NAMED_UNIT ( * ) PLANE_ANGLE_UNIT ( ) SI_UNIT ( $, .RADIAN. ) );
#3319 =( BOUNDED_CURVE ( )  B_SPLINE_CURVE ( 3, ( #2350, #1706, #349, #2668 ),
 .UNSPECIFIED., .F., .T. ) 
 B_SPLINE_CURVE_WITH_KNOTS ( ( 4, 4 ),
 ( 1.591631167463548824, 1.876228945893898770 ),
 .UNSPECIFIED. ) 
 CURVE ( )  GEOMETRIC_REPRESENTATION_ITEM ( )  RATIONAL_B_SPLINE_CURVE ( ( 1.000000000000000000, 0.9932617238286202133, 0.9932617238286202133, 1.000000000000000000 ) ) 
 REPRESENTATION_ITEM ( '' )  );
#3320 = DIRECTION ( 'NONE',  ( -0.000000000000000000, -0.000000000000000000, -1.000000000000000000 ) ) ;
#3321 = UNCERTAINTY_MEASURE_WITH_UNIT (LENGTH_MEASURE( 1.000000000000000082E-05 ), #1582, 'distance_accuracy_value', 'NONE');
#3322 = ORIENTED_EDGE ( 'NONE', *, *, #3851, .F. ) ;
#3323 = LINE ( 'NONE', #2720, #989 ) ;
#3324 = VERTEX_POINT ( 'NONE', #2228 ) ;
#3325 = LINE ( 'NONE', #3680, #2515 ) ;
#3326 = SURFACE_SIDE_STYLE ('',( #1045 ) ) ;
#3327 = CARTESIAN_POINT ( 'NONE',  ( -0.6900000000000013900, 0.6600000000000000311, 0.6900000000000013900 ) ) ;
#3328 = PLANE ( 'NONE',  #3616 ) ;
#3329 = DIRECTION ( 'NONE',  ( -0.7071067811865638930, 0.000000000000000000, 0.7071067811865311414 ) ) ;
#3330 = ORIENTED_EDGE ( 'NONE', *, *, #584, .T. ) ;
#3331 = FILL_AREA_STYLE ('',( #443 ) ) ;
#3332 = PRESENTATION_LAYER_ASSIGNMENT (  '', '', ( #1476 ) ) ;
#3333 = LINE ( 'NONE', #2995, #3025 ) ;
#3334 = ADVANCED_FACE ( 'NONE', ( #942 ), #619, .F. ) ;
#3335 =( GEOMETRIC_REPRESENTATION_CONTEXT ( 3 ) GLOBAL_UNCERTAINTY_ASSIGNED_CONTEXT ( ( #1564 ) ) GLOBAL_UNIT_ASSIGNED_CONTEXT ( ( #1678, #2323, #2342 ) ) REPRESENTATION_CONTEXT ( 'NONE', 'WORKASPACE' ) );
#3336 = EDGE_LOOP ( 'NONE', ( #3005, #1240, #2141, #392 ) ) ;
#3337 = LINE ( 'NONE', #1375, #434 ) ;
#3338 = PRESENTATION_LAYER_ASSIGNMENT (  '', '', ( #673 ) ) ;
#3339 =( GEOMETRIC_REPRESENTATION_CONTEXT ( 3 ) GLOBAL_UNCERTAINTY_ASSIGNED_CONTEXT ( ( #4145 ) ) GLOBAL_UNIT_ASSIGNED_CONTEXT ( ( #1463, #3717, #3736 ) ) REPRESENTATION_CONTEXT ( 'NONE', 'WORKASPACE' ) );
#3340 = DIRECTION ( 'NONE',  ( 0.7071067811865292541, -0.000000000000000000, 0.7071067811865658914 ) ) ;
#3341 = VECTOR ( 'NONE', #3242, 1000.000000000000000 ) ;
#3342 = MECHANICAL_DESIGN_GEOMETRIC_PRESENTATION_REPRESENTATION (  '', ( #2550 ), #1840 ) ;
#3343 = AXIS2_PLACEMENT_3D ( 'NONE', #3790, #2302, #1493 ) ;
#3344 = SURFACE_STYLE_FILL_AREA ( #2761 ) ;
#3345 = ORIENTED_EDGE ( 'NONE', *, *, #46, .F. ) ;
#3346 = CARTESIAN_POINT ( 'NONE',  ( 0.7250000000000004219, -0.03705735337010138825, 1.040000000000000036 ) ) ;
#3347 = CARTESIAN_POINT ( 'NONE',  ( -0.4250000000000002665, 0.1199999999999998845, 1.199999999999999734 ) ) ;
#3348 = AXIS2_PLACEMENT_3D ( 'NONE', #3830, #906, #3195 ) ;
#3349 = CARTESIAN_POINT ( 'NONE',  ( 0.7199999999999999734, -1.626303258728256651E-16, 1.040000000000000036 ) ) ;
#3350 = PRESENTATION_STYLE_ASSIGNMENT (( #2461 ) ) ;
#3351 = CARTESIAN_POINT ( 'NONE',  ( 1.050000000000000933, 1.000000000000000000, 1.039999999999999591 ) ) ;
#3352 = DIRECTION ( 'NONE',  ( -1.000000000000000000, -0.000000000000000000, -0.000000000000000000 ) ) ;
#3353 = DIRECTION ( 'NONE',  ( -0.7071067811865536790, 0.000000000000000000, -0.7071067811865412445 ) ) ;
#3354 = EDGE_CURVE ( 'NONE', #3911, #514, #1556, .T. ) ;
#3355 = EDGE_CURVE ( 'NONE', #1447, #3191, #2647, .T. ) ;
#3356 = DIRECTION ( 'NONE',  ( 0.000000000000000000, 0.000000000000000000, 1.000000000000000000 ) ) ;
#3357 =( LENGTH_UNIT ( ) NAMED_UNIT ( * ) SI_UNIT ( .MILLI., .METRE. ) );
#3358 = ORIENTED_EDGE ( 'NONE', *, *, #3041, .T. ) ;
#3359 = SURFACE_STYLE_FILL_AREA ( #1793 ) ;
#3360 = CARTESIAN_POINT ( 'NONE',  ( 0.3069135704107696094, 0.08276749176747290326, -1.453086429589223627 ) ) ;
#3361 = UNCERTAINTY_MEASURE_WITH_UNIT (LENGTH_MEASURE( 1.000000000000000082E-05 ), #1715, 'distance_accuracy_value', 'NONE');
#3362 = ORIENTED_EDGE ( 'NONE', *, *, #3281, .F. ) ;
#3363 = COLOUR_RGB ( '',0.2509803921568627416, 0.2509803921568627416, 0.2509803921568627416 ) ;
#3364 = DIRECTION ( 'NONE',  ( -9.035018104045863052E-16, 1.000000000000000000, -1.306104834246986463E-29 ) ) ;
#3365 = DIRECTION ( 'NONE',  ( 0.000000000000000000, 0.000000000000000000, 1.000000000000000000 ) ) ;
#3366 = CIRCLE ( 'NONE', #2769, 0.5999999999999998668 ) ;
#3367 = FILL_AREA_STYLE_COLOUR ( '', #216 ) ;
#3368 = CARTESIAN_POINT ( 'NONE',  ( 0.5599999999999980549, 0.03250776405003887037, 1.199999999999999512 ) ) ;
#3369 = LINE ( 'NONE', #2416, #4025 ) ;
#3370 = VECTOR ( 'NONE', #821, 1000.000000000000000 ) ;
#3371 = SURFACE_STYLE_USAGE ( .BOTH. , #3079 ) ;
#3372 = VECTOR ( 'NONE', #457, 1000.000000000000000 ) ;
#3373 = CARTESIAN_POINT ( 'NONE',  ( -0.7799999999999994715, 0.3199999999999998401, 0.8899999999999996803 ) ) ;
#3374 =( NAMED_UNIT ( * ) SI_UNIT ( $, .STERADIAN. ) SOLID_ANGLE_UNIT ( ) );
#3375 =( NAMED_UNIT ( * ) PLANE_ANGLE_UNIT ( ) SI_UNIT ( $, .RADIAN. ) );
#3376 = ORIENTED_EDGE ( 'NONE', *, *, #2991, .T. ) ;
#3377 = AXIS2_PLACEMENT_3D ( 'NONE', #3672, #172, #2404 ) ;
#3378 = CARTESIAN_POINT ( 'NONE',  ( -0.7799999999999994715, 0.3199999999999998401, 1.039999999999999591 ) ) ;
#3379 = ADVANCED_FACE ( 'NONE', ( #881 ), #2016, .F. ) ;
#3380 = CARTESIAN_POINT ( 'NONE',  ( -0.5599999999999979439, 0.1199999999999998845, 1.199999999999999734 ) ) ;
#3381 = DIRECTION ( 'NONE',  ( 0.000000000000000000, 1.000000000000000000, 0.000000000000000000 ) ) ;
#3382 =( NAMED_UNIT ( * ) SI_UNIT ( $, .STERADIAN. ) SOLID_ANGLE_UNIT ( ) );
#3383 = CARTESIAN_POINT ( 'NONE',  ( -0.7421127183691155205, 0.3670592754455625495, 1.010708488648475178 ) ) ;
#3384 =( NAMED_UNIT ( * ) SI_UNIT ( $, .STERADIAN. ) SOLID_ANGLE_UNIT ( ) );
#3385 = CARTESIAN_POINT ( 'NONE',  ( -0.6528306081189760857, 0.1918347148094734500, 1.107169391881023257 ) ) ;
#3386 = DIRECTION ( 'NONE',  ( 0.000000000000000000, 1.000000000000000000, 0.000000000000000000 ) ) ;
#3387 = DIRECTION ( 'NONE',  ( 0.000000000000000000, 1.000000000000000000, -0.000000000000000000 ) ) ;
#3388 = SURFACE_STYLE_USAGE ( .BOTH. , #1104 ) ;
#3389 = ORIENTED_EDGE ( 'NONE', *, *, #3043, .T. ) ;
#3390 = SURFACE_SIDE_STYLE ('',( #210 ) ) ;
#3391 = DIRECTION ( 'NONE',  ( 0.000000000000000000, 0.000000000000000000, 1.000000000000000000 ) ) ;
#3392 = FACE_OUTER_BOUND ( 'NONE', #1439, .T. ) ;
#3393 = ORIENTED_EDGE ( 'NONE', *, *, #3850, .F. ) ;
#3394 = ADVANCED_FACE ( 'NONE', ( #3806 ), #2547, .F. ) ;
#3395 = CARTESIAN_POINT ( 'NONE',  ( -0.7799999999999994715, 0.3199999999999998401, 1.039999999999999591 ) ) ;
#3396 = CARTESIAN_POINT ( 'NONE',  ( 1.050000000000001377, 1.000000000000000000, -1.040000000000000480 ) ) ;
#3397 = AXIS2_PLACEMENT_3D ( 'NONE', #799, #105, #144 ) ;
#3398 =( LENGTH_UNIT ( ) NAMED_UNIT ( * ) SI_UNIT ( .MILLI., .METRE. ) );
#3399 = AXIS2_PLACEMENT_3D ( 'NONE', #1966, #301, #3272 ) ;
#3400 = EDGE_CURVE ( 'NONE', #3745, #3886, #645, .T. ) ;
#3401 = DIRECTION ( 'NONE',  ( -0.9537169507482291531, 0.3007057995042662912, 0.000000000000000000 ) ) ;
#3402 = EDGE_CURVE ( 'NONE', #2604, #2987, #506, .T. ) ;
#3403 = ORIENTED_EDGE ( 'NONE', *, *, #761, .F. ) ;
#3404 = AXIS2_PLACEMENT_3D ( 'NONE', #3109, #198, #2136 ) ;
#3405 = CARTESIAN_POINT ( 'NONE',  ( 0.7799999999999994715, 0.3199999999999998401, 1.039999999999999591 ) ) ;
#3406 = AXIS2_PLACEMENT_3D ( 'NONE', #3565, #2916, #2891 ) ;
#3407 = DIRECTION ( 'NONE',  ( 0.000000000000000000, 1.000000000000000000, 0.000000000000000000 ) ) ;
#3408 = FACE_OUTER_BOUND ( 'NONE', #2106, .T. ) ;
#3409 = COLOUR_RGB ( '',0.2509803921568627416, 0.2509803921568627416, 0.2509803921568627416 ) ;
#3410 = SURFACE_STYLE_FILL_AREA ( #3331 ) ;
#3411 =( NAMED_UNIT ( * ) PLANE_ANGLE_UNIT ( ) SI_UNIT ( $, .RADIAN. ) );
#3412 = AXIS2_PLACEMENT_3D ( 'NONE', #1929, #290, #1258 ) ;
#3413 = CARTESIAN_POINT ( 'NONE',  ( 1.125000000000000222, 1.199999999999999956, -1.039999999999999591 ) ) ;
#3414 = ORIENTED_EDGE ( 'NONE', *, *, #328, .T. ) ;
#3415 = EDGE_LOOP ( 'NONE', ( #1277, #4112, #1465, #2655 ) ) ;
#3416 = VECTOR ( 'NONE', #4215, 1000.000000000000000 ) ;
#3417 = FACE_OUTER_BOUND ( 'NONE', #531, .T. ) ;
#3418 = DIRECTION ( 'NONE',  ( -1.000000000000000000, 0.000000000000000000, 0.000000000000000000 ) ) ;
#3419 = EDGE_LOOP ( 'NONE', ( #1301, #703, #2005, #1070 ) ) ;
#3420 = SURFACE_SIDE_STYLE ('',( #3511 ) ) ;
#3421 = EDGE_CURVE ( 'NONE', #1988, #672, #706, .T. ) ;
#3422 = ADVANCED_FACE ( 'NONE', ( #2301 ), #19, .T. ) ;
#3423 = EDGE_LOOP ( 'NONE', ( #3389, #1542, #1999, #3537 ) ) ;
#3424 = DIRECTION ( 'NONE',  ( -2.085004177856739069E-16, 0.000000000000000000, 1.000000000000000000 ) ) ;
#3425 =( NAMED_UNIT ( * ) PLANE_ANGLE_UNIT ( ) SI_UNIT ( $, .RADIAN. ) );
#3426 =( NAMED_UNIT ( * ) SI_UNIT ( $, .STERADIAN. ) SOLID_ANGLE_UNIT ( ) );
#3427 = PRESENTATION_STYLE_ASSIGNMENT (( #204 ) ) ;
#3428 = FACE_OUTER_BOUND ( 'NONE', #187, .T. ) ;
#3429 = PRESENTATION_STYLE_ASSIGNMENT (( #1406 ) ) ;
#3430 =( LENGTH_UNIT ( ) NAMED_UNIT ( * ) SI_UNIT ( .MILLI., .METRE. ) );
#3431 = ORIENTED_EDGE ( 'NONE', *, *, #2056, .T. ) ;
#3432 = COLOUR_RGB ( '',0.7294117647058823151, 0.3568627450980392246, 0.02352941176470588203 ) ;
#3433 = PRESENTATION_STYLE_ASSIGNMENT (( #1126 ) ) ;
#3434 = DIRECTION ( 'NONE',  ( 0.000000000000000000, 1.000000000000000000, -0.000000000000000000 ) ) ;
#3435 = STYLED_ITEM ( 'NONE', ( #3433 ), #3483 ) ;
#3436 = CARTESIAN_POINT ( 'NONE',  ( 0.5599999999999980549, 0.3199999999999998401, 1.199999999999999734 ) ) ;
#3437 = PRESENTATION_LAYER_ASSIGNMENT (  '', '', ( #3576 ) ) ;
#3438 = ORIENTED_EDGE ( 'NONE', *, *, #1528, .T. ) ;
#3439 = MECHANICAL_DESIGN_GEOMETRIC_PRESENTATION_REPRESENTATION (  '', ( #2575 ), #3311 ) ;
#3440 = DIRECTION ( 'NONE',  ( 0.000000000000000000, 1.000000000000000000, 0.000000000000000000 ) ) ;
#3441 = FACE_OUTER_BOUND ( 'NONE', #2175, .T. ) ;
#3442 = VECTOR ( 'NONE', #325, 1000.000000000000000 ) ;
#3443 = VECTOR ( 'NONE', #2336, 1000.000000000000000 ) ;
#3444 = CARTESIAN_POINT ( 'NONE',  ( -0.6900000000000018341, 0.6600000000000000311, -1.534368283772330699 ) ) ;
#3445 =( GEOMETRIC_REPRESENTATION_CONTEXT ( 3 ) GLOBAL_UNCERTAINTY_ASSIGNED_CONTEXT ( ( #655 ) ) GLOBAL_UNIT_ASSIGNED_CONTEXT ( ( #4039, #2466, #2917 ) ) REPRESENTATION_CONTEXT ( 'NONE', 'WORKASPACE' ) );
#3446 = ORIENTED_EDGE ( 'NONE', *, *, #211, .T. ) ;
#3447 = ORIENTED_EDGE ( 'NONE', *, *, #2737, .F. ) ;
#3448 = CARTESIAN_POINT ( 'NONE',  ( 1.534368283772330699, 0.6600000000000000311, -0.6900000000000009459 ) ) ;
#3449 = CARTESIAN_POINT ( 'NONE',  ( -0.7971693918810245361, 0.1918347148094735333, -1.833392230628972941 ) ) ;
#3450 = FACE_OUTER_BOUND ( 'NONE', #3290, .T. ) ;
#3451 =( NAMED_UNIT ( * ) SI_UNIT ( $, .STERADIAN. ) SOLID_ANGLE_UNIT ( ) );
#3452 = ORIENTED_EDGE ( 'NONE', *, *, #3301, .F. ) ;
#3453 = DIRECTION ( 'NONE',  ( -0.6901619708142013865, -0.2176072335280448966, 0.6901619708141911724 ) ) ;
#3454 =( NAMED_UNIT ( * ) PLANE_ANGLE_UNIT ( ) SI_UNIT ( $, .RADIAN. ) );
#3455 = EDGE_CURVE ( 'NONE', #111, #2853, #3333, .T. ) ;
#3456 = CARTESIAN_POINT ( 'NONE',  ( 1.125000000000000222, 1.000000000000000000, 1.039999999999999591 ) ) ;
#3457 = CARTESIAN_POINT ( 'NONE',  ( -0.7199999999999995293, 1.000000000000000000, -1.039999999999999591 ) ) ;
#3458 = DIRECTION ( 'NONE',  ( 0.000000000000000000, 0.000000000000000000, -1.000000000000000000 ) ) ;
#3459 = EDGE_CURVE ( 'NONE', #499, #808, #2688, .T. ) ;
#3460 = EDGE_LOOP ( 'NONE', ( #3107, #1040, #3149, #2545 ) ) ;
#3461 = ORIENTED_EDGE ( 'NONE', *, *, #3400, .T. ) ;
#3462 =( NAMED_UNIT ( * ) SI_UNIT ( $, .STERADIAN. ) SOLID_ANGLE_UNIT ( ) );
#3463 = VERTEX_POINT ( 'NONE', #1948 ) ;
#3464 = CARTESIAN_POINT ( 'NONE',  ( -0.7199999999999995293, 1.000000000000000000, -1.039999999999999591 ) ) ;
#3465 = ORIENTED_EDGE ( 'NONE', *, *, #35, .T. ) ;
#3466 = CARTESIAN_POINT ( 'NONE',  ( -0.6900000000000013900, 1.000000000000000000, 1.040000000000000924 ) ) ;
#3467 = DIRECTION ( 'NONE',  ( -1.000000000000000000, 0.000000000000000000, 0.000000000000000000 ) ) ;
#3468 = MECHANICAL_DESIGN_GEOMETRIC_PRESENTATION_REPRESENTATION (  '', ( #2124 ), #153 ) ;
#3469 = CARTESIAN_POINT ( 'NONE',  ( -0.7200000000000007505, 0.3199999999999998401, 0.8899999999999996803 ) ) ;
#3470 = DIRECTION ( 'NONE',  ( 0.000000000000000000, 0.000000000000000000, 1.000000000000000000 ) ) ;
#3471 = ORIENTED_EDGE ( 'NONE', *, *, #643, .T. ) ;
#3472 = CARTESIAN_POINT ( 'NONE',  ( 0.6528306081189763077, 0.1918347148094735333, -1.199999999999999734 ) ) ;
#3473 = SURFACE_STYLE_FILL_AREA ( #2527 ) ;
#3474 = DIRECTION ( 'NONE',  ( -6.123233995736766036E-17, 0.000000000000000000, -1.000000000000000000 ) ) ;
#3475 = PLANE ( 'NONE',  #1599 ) ;
#3476 = CIRCLE ( 'NONE', #414, 0.05999999999999994227 ) ;
#3477 = FILL_AREA_STYLE ('',( #1861 ) ) ;
#3478 = VECTOR ( 'NONE', #2660, 1000.000000000000000 ) ;
#3479 = EDGE_CURVE ( 'NONE', #3787, #1891, #3975, .T. ) ;
#3480 = ORIENTED_EDGE ( 'NONE', *, *, #527, .F. ) ;
#3481 = ADVANCED_FACE ( 'NONE', ( #3913 ), #2034, .F. ) ;
#3482 = DIRECTION ( 'NONE',  ( 0.000000000000000000, 0.000000000000000000, 1.000000000000000000 ) ) ;
#3483 = ADVANCED_FACE ( 'NONE', ( #4060 ), #3690, .F. ) ;
#3484 = VECTOR ( 'NONE', #1013, 1000.000000000000000 ) ;
#3485 = CARTESIAN_POINT ( 'NONE',  ( 0.6900000000000013900, 0.6600000000000000311, -0.6900000000000009459 ) ) ;
#3486 = CARTESIAN_POINT ( 'NONE',  ( 0.5599999999999980549, 0.03250776405003887037, -1.199999999999999956 ) ) ;
#3487 = MECHANICAL_DESIGN_GEOMETRIC_PRESENTATION_REPRESENTATION (  '', ( #1294 ), #3037 ) ;
#3488 = EDGE_CURVE ( 'NONE', #4203, #2425, #502, .T. ) ;
#3489 = EDGE_CURVE ( 'NONE', #861, #968, #3080, .T. ) ;
#3490 = ORIENTED_EDGE ( 'NONE', *, *, #4057, .F. ) ;
#3491 = UNCERTAINTY_MEASURE_WITH_UNIT (LENGTH_MEASURE( 1.000000000000000082E-05 ), #1334, 'distance_accuracy_value', 'NONE');
#3492 = CARTESIAN_POINT ( 'NONE',  ( -1.124999999999999334, -1.626303258728256651E-16, 1.039999999999999591 ) ) ;
#3493 = FACE_OUTER_BOUND ( 'NONE', #2800, .T. ) ;
#3494 = SURFACE_STYLE_FILL_AREA ( #3876 ) ;
#3495 = ORIENTED_EDGE ( 'NONE', *, *, #3, .F. ) ;
#3496 = DIRECTION ( 'NONE',  ( 0.000000000000000000, -1.000000000000000000, 0.000000000000000000 ) ) ;
#3497 = FILL_AREA_STYLE_COLOUR ( '', #2427 ) ;
#3498 = CIRCLE ( 'NONE', #3235, 0.4349999999999997202 ) ;
#3499 = CARTESIAN_POINT ( 'NONE',  ( -0.7200000000000007505, 0.3199999999999998401, 1.039999999999999591 ) ) ;
#3500 = CARTESIAN_POINT ( 'NONE',  ( 1.025000000000000133, 0.1199999999999998845, -1.199999999999999734 ) ) ;
#3501 = ORIENTED_EDGE ( 'NONE', *, *, #3689, .T. ) ;
#3502 = AXIS2_PLACEMENT_3D ( 'NONE', #978, #2339, #2360 ) ;
#3503 = PRESENTATION_STYLE_ASSIGNMENT (( #2818 ) ) ;
#3504 = FILL_AREA_STYLE_COLOUR ( '', #713 ) ;
#3505 = AXIS2_PLACEMENT_3D ( 'NONE', #220, #2830, #4123 ) ;
#3506 = FILL_AREA_STYLE ('',( #535 ) ) ;
#3507 = LINE ( 'NONE', #1069, #176 ) ;
#3508 = ORIENTED_EDGE ( 'NONE', *, *, #1208, .F. ) ;
#3509 = VECTOR ( 'NONE', #2509, 1000.000000000000000 ) ;
#3510 = CIRCLE ( 'NONE', #3031, 0.2400000000000000466 ) ;
#3511 = SURFACE_STYLE_FILL_AREA ( #836 ) ;
#3512 = AXIS2_PLACEMENT_3D ( 'NONE', #3215, #998, #1982 ) ;
#3513 = STYLED_ITEM ( 'NONE', ( #1516 ), #1466 ) ;
#3514 = EDGE_LOOP ( 'NONE', ( #979, #2837, #1521, #2377 ) ) ;
#3515 = VECTOR ( 'NONE', #2585, 1000.000000000000000 ) ;
#3516 = CARTESIAN_POINT ( 'NONE',  ( 1.125000000000000222, 0.3199999999999998401, 1.039999999999999591 ) ) ;
#3517 = FILL_AREA_STYLE_COLOUR ( '', #532 ) ;
#3518 = CARTESIAN_POINT ( 'NONE',  ( 0.7199999999999999734, 0.1199999999999998845, 1.040000000000000036 ) ) ;
#3519 = SURFACE_STYLE_FILL_AREA ( #2557 ) ;
#3520 = ORIENTED_EDGE ( 'NONE', *, *, #1978, .T. ) ;
#3521 = CARTESIAN_POINT ( 'NONE',  ( 0.7234065946360537236, 0.3410285213286425865, 1.026129663941141246 ) ) ;
#3522 = SURFACE_STYLE_USAGE ( .BOTH. , #2247 ) ;
#3523 = FACE_OUTER_BOUND ( 'NONE', #2152, .T. ) ;
#3524 = ORIENTED_EDGE ( 'NONE', *, *, #3982, .F. ) ;
#3525 = CARTESIAN_POINT ( 'NONE',  ( 0.6971599597868607390, 0.2024146201765777975, 1.062840040213138826 ) ) ;
#3526 =( NAMED_UNIT ( * ) PLANE_ANGLE_UNIT ( ) SI_UNIT ( $, .RADIAN. ) );
#3527 = CARTESIAN_POINT ( 'NONE',  ( 0.6900000000000013900, 0.6600000000000000311, -0.9343682837723310541 ) ) ;
#3528 = ORIENTED_EDGE ( 'NONE', *, *, #3041, .F. ) ;
#3529 = EDGE_CURVE ( 'NONE', #4035, #2829, #784, .T. ) ;
#3530 = CIRCLE ( 'NONE', #2666, 0.4349999999999998868 ) ;
#3531 = UNCERTAINTY_MEASURE_WITH_UNIT (LENGTH_MEASURE( 1.000000000000000082E-05 ), #3398, 'distance_accuracy_value', 'NONE');
#3532 = ADVANCED_FACE ( 'NONE', ( #2101 ), #490, .T. ) ;
#3533 = UNCERTAINTY_MEASURE_WITH_UNIT (LENGTH_MEASURE( 1.000000000000000082E-05 ), #815, 'distance_accuracy_value', 'NONE');
#3534 = CARTESIAN_POINT ( 'NONE',  ( 1.125000000000000222, 0.3199999999999998401, -1.039999999999999591 ) ) ;
#3535 =( GEOMETRIC_REPRESENTATION_CONTEXT ( 3 ) GLOBAL_UNCERTAINTY_ASSIGNED_CONTEXT ( ( #2535 ) ) GLOBAL_UNIT_ASSIGNED_CONTEXT ( ( #1873, #524, #3753 ) ) REPRESENTATION_CONTEXT ( 'NONE', 'WORKASPACE' ) );
#3536 = DIRECTION ( 'NONE',  ( -0.000000000000000000, -0.000000000000000000, 1.000000000000000000 ) ) ;
#3537 = ORIENTED_EDGE ( 'NONE', *, *, #88, .F. ) ;
#3538 = SURFACE_STYLE_USAGE ( .BOTH. , #3903 ) ;
#3539 = ORIENTED_EDGE ( 'NONE', *, *, #2611, .F. ) ;
#3540 = PRESENTATION_LAYER_ASSIGNMENT (  '', '', ( #3744 ) ) ;
#3541 = DIRECTION ( 'NONE',  ( 1.000000000000000000, 0.000000000000000000, 0.000000000000000000 ) ) ;
#3542 = CARTESIAN_POINT ( 'NONE',  ( -0.7199999999999995293, 0.3199999999999998401, -1.039999999999999591 ) ) ;
#3543 = LINE ( 'NONE', #920, #884 ) ;
#3544 = CARTESIAN_POINT ( 'NONE',  ( -0.7060308921152995687, 0.2086086999215318316, 1.053969107884699552 ) ) ;
#3545 = VERTEX_POINT ( 'NONE', #4173 ) ;
#3546 = CARTESIAN_POINT ( 'NONE',  ( -0.7199999999999995293, 0.3199999999999998401, -1.039999999999999591 ) ) ;
#3547 = CARTESIAN_POINT ( 'NONE',  ( 0.5599999999999980549, 0.1199999999999998845, 1.199999999999999734 ) ) ;
#3548 = VECTOR ( 'NONE', #466, 1000.000000000000000 ) ;
#3549 = DIRECTION ( 'NONE',  ( 0.7071067811865527908, -0.000000000000000000, -0.7071067811865422437 ) ) ;
#3550 = PRESENTATION_LAYER_ASSIGNMENT (  '', '', ( #1920 ) ) ;
#3551 = VECTOR ( 'NONE', #3971, 1000.000000000000000 ) ;
#3552 =( LENGTH_UNIT ( ) NAMED_UNIT ( * ) SI_UNIT ( .MILLI., .METRE. ) );
#3553 = ORIENTED_EDGE ( 'NONE', *, *, #761, .T. ) ;
#3554 = MECHANICAL_DESIGN_GEOMETRIC_PRESENTATION_REPRESENTATION (  '', ( #1161 ), #2134 ) ;
#3555 = PRESENTATION_LAYER_ASSIGNMENT (  '', '', ( #1358 ) ) ;
#3556 = SURFACE_STYLE_USAGE ( .BOTH. , #2279 ) ;
#3557 = AXIS2_PLACEMENT_3D ( 'NONE', #621, #4222, #2882 ) ;
#3558 = ORIENTED_EDGE ( 'NONE', *, *, #1130, .T. ) ;
#3559 = CARTESIAN_POINT ( 'NONE',  ( 0.5599999999999980549, 1.000000000000000000, 1.199999999999999734 ) ) ;
#3560 = EDGE_CURVE ( 'NONE', #3929, #336, #2267, .T. ) ;
#3561 = DIRECTION ( 'NONE',  ( 1.070816960479511339E-15, 0.000000000000000000, -1.000000000000000000 ) ) ;
#3562 = SURFACE_STYLE_FILL_AREA ( #2952 ) ;
#3563 = VERTEX_POINT ( 'NONE', #2872 ) ;
#3564 = DIRECTION ( 'NONE',  ( -1.000000000000000000, -6.776263578034409615E-16, 0.000000000000000000 ) ) ;
#3565 = CARTESIAN_POINT ( 'NONE',  ( -1.199999999999998845, 0.6600000000000000311, 1.534368283772331587 ) ) ;
#3566 =( NAMED_UNIT ( * ) PLANE_ANGLE_UNIT ( ) SI_UNIT ( $, .RADIAN. ) );
#3567 = EDGE_LOOP ( 'NONE', ( #3922, #3115, #922, #1227, #2226, #1022 ) ) ;
#3568 = SURFACE_STYLE_USAGE ( .BOTH. , #1293 ) ;
#3569 = CARTESIAN_POINT ( 'NONE',  ( -1.124999999999999334, 0.3199999999999998401, 1.039999999999999591 ) ) ;
#3570 = PRESENTATION_LAYER_ASSIGNMENT (  '', '', ( #631 ) ) ;
#3571 = ORIENTED_EDGE ( 'NONE', *, *, #3610, .T. ) ;
#3572 = PRESENTATION_LAYER_ASSIGNMENT (  '', '', ( #2446 ) ) ;
#3573 = ORIENTED_EDGE ( 'NONE', *, *, #1154, .F. ) ;
#3574 = DIRECTION ( 'NONE',  ( 0.000000000000000000, 1.000000000000000000, 0.000000000000000000 ) ) ;
#3575 = STYLED_ITEM ( 'NONE', ( #3757 ), #2949 ) ;
#3576 = STYLED_ITEM ( 'NONE', ( #1851 ), #3073 ) ;
#3577 = DIRECTION ( 'NONE',  ( 0.000000000000000000, 0.000000000000000000, 1.000000000000000000 ) ) ;
#3578 = STYLED_ITEM ( 'NONE', ( #3427 ), #3901 ) ;
#3579 = EDGE_CURVE ( 'NONE', #130, #3324, #1870, .T. ) ;
#3580 = VECTOR ( 'NONE', #2430, 1000.000000000000000 ) ;
#3581 =( NAMED_UNIT ( * ) PLANE_ANGLE_UNIT ( ) SI_UNIT ( $, .RADIAN. ) );
#3582 = FACE_OUTER_BOUND ( 'NONE', #2626, .T. ) ;
#3583 = ORIENTED_EDGE ( 'NONE', *, *, #877, .F. ) ;
#3584 = DIRECTION ( 'NONE',  ( 0.000000000000000000, 0.000000000000000000, 1.000000000000000000 ) ) ;
#3585 = ORIENTED_EDGE ( 'NONE', *, *, #2372, .F. ) ;
#3586 = SURFACE_SIDE_STYLE ('',( #3222 ) ) ;
#3587 = DIRECTION ( 'NONE',  ( 1.070816960479510155E-15, -0.000000000000000000, 1.000000000000000000 ) ) ;
#3588 = SURFACE_STYLE_FILL_AREA ( #2324 ) ;
#3589 = ORIENTED_EDGE ( 'NONE', *, *, #1160, .T. ) ;
#3590 = DIRECTION ( 'NONE',  ( 1.000000000000000000, 0.000000000000000000, 0.000000000000000000 ) ) ;
#3591 = EDGE_CURVE ( 'NONE', #4041, #3662, #2559, .T. ) ;
#3592 = DIRECTION ( 'NONE',  ( 0.000000000000000000, 1.000000000000000000, 0.000000000000000000 ) ) ;
#3593 = ADVANCED_FACE ( 'NONE', ( #3186 ), #2890, .F. ) ;
#3594 = DIRECTION ( 'NONE',  ( 0.000000000000000000, 0.000000000000000000, -1.000000000000000000 ) ) ;
#3595 =( NAMED_UNIT ( * ) PLANE_ANGLE_UNIT ( ) SI_UNIT ( $, .RADIAN. ) );
#3596 = SURFACE_SIDE_STYLE ('',( #3017 ) ) ;
#3597 =( BOUNDED_CURVE ( )  B_SPLINE_CURVE ( 3, ( #3812, #888, #2459, #1781 ),
 .UNSPECIFIED., .F., .T. ) 
 B_SPLINE_CURVE_WITH_KNOTS ( ( 4, 4 ),
 ( 1.265363707695892348, 1.549961486126244070 ),
 .UNSPECIFIED. ) 
 CURVE ( )  GEOMETRIC_REPRESENTATION_ITEM ( )  RATIONAL_B_SPLINE_CURVE ( ( 1.000000000000000000, 0.9932617238286201022, 0.9932617238286201022, 1.000000000000000000 ) ) 
 REPRESENTATION_ITEM ( '' )  );
#3598 = DIRECTION ( 'NONE',  ( 0.000000000000000000, 0.000000000000000000, -1.000000000000000000 ) ) ;
#3599 = SURFACE_STYLE_USAGE ( .BOTH. , #2594 ) ;
#3600 = CARTESIAN_POINT ( 'NONE',  ( 0.6900000000000013900, 0.6600000000000000311, 1.534368283772331587 ) ) ;
#3601 = ORIENTED_EDGE ( 'NONE', *, *, #1625, .T. ) ;
#3602 = ORIENTED_EDGE ( 'NONE', *, *, #4175, .F. ) ;
#3603 = UNCERTAINTY_MEASURE_WITH_UNIT (LENGTH_MEASURE( 1.000000000000000082E-05 ), #310, 'distance_accuracy_value', 'NONE');
#3604 = DIRECTION ( 'NONE',  ( -0.000000000000000000, 1.000000000000000000, -0.000000000000000000 ) ) ;
#3605 = AXIS2_PLACEMENT_3D ( 'NONE', #403, #2766, #1694 ) ;
#3606 = AXIS2_PLACEMENT_3D ( 'NONE', #811, #834, #769 ) ;
#3607 = CARTESIAN_POINT ( 'NONE',  ( 0.7799999999999994715, 0.1199999999999998845, 1.039999999999999591 ) ) ;
#3608 = COLOUR_RGB ( '',0.7294117647058823151, 0.3568627450980392246, 0.02352941176470588203 ) ;
#3609 = FILL_AREA_STYLE ('',( #3657 ) ) ;
#3610 = EDGE_CURVE ( 'NONE', #2252, #2604, #3832, .T. ) ;
#3611 = EDGE_CURVE ( 'NONE', #321, #854, #1892, .T. ) ;
#3612 = EDGE_CURVE ( 'NONE', #3632, #1988, #1504, .T. ) ;
#3613 = ORIENTED_EDGE ( 'NONE', *, *, #377, .T. ) ;
#3614 = STYLED_ITEM ( 'NONE', ( #1576 ), #1661 ) ;
#3615 = FILL_AREA_STYLE_COLOUR ( '', #2449 ) ;
#3616 = AXIS2_PLACEMENT_3D ( 'NONE', #404, #3910, #1695 ) ;
#3617 = VECTOR ( 'NONE', #3691, 1000.000000000000000 ) ;
#3618 = PLANE ( 'NONE',  #2456 ) ;
#3619 = CARTESIAN_POINT ( 'NONE',  ( -0.5599999999999974998, 0.1625653364986607008, -1.199999999999999734 ) ) ;
#3620 = FACE_OUTER_BOUND ( 'NONE', #829, .T. ) ;
#3621 = AXIS2_PLACEMENT_3D ( 'NONE', #4192, #1312, #3269 ) ;
#3622 = ORIENTED_EDGE ( 'NONE', *, *, #36, .T. ) ;
#3623 = CARTESIAN_POINT ( 'NONE',  ( -0.7971693918810245361, 0.1918347148094735333, -1.039999999999999591 ) ) ;
#3624 = ORIENTED_EDGE ( 'NONE', *, *, #2613, .F. ) ;
#3625 = DIRECTION ( 'NONE',  ( 0.000000000000000000, 0.000000000000000000, -1.000000000000000000 ) ) ;
#3626 = LINE ( 'NONE', #676, #2130 ) ;
#3627 = FACE_OUTER_BOUND ( 'NONE', #4186, .T. ) ;
#3628 = ORIENTED_EDGE ( 'NONE', *, *, #1130, .F. ) ;
#3629 = DIRECTION ( 'NONE',  ( 0.000000000000000000, 0.000000000000000000, 1.000000000000000000 ) ) ;
#3630 = DIRECTION ( 'NONE',  ( 6.776263578034495404E-16, 1.000000000000000000, -0.000000000000000000 ) ) ;
#3631 = FILL_AREA_STYLE ('',( #2369 ) ) ;
#3632 = VERTEX_POINT ( 'NONE', #2600 ) ;
#3633 = VECTOR ( 'NONE', #3668, 999.9999999999998863 ) ;
#3634 = MANIFOLD_SOLID_BREP ( 'Cut-Extrude4[4]', #2140 ) ;
#3635 = CARTESIAN_POINT ( 'NONE',  ( 0.4250000000000005995, 0.1199999999999998845, 1.199999999999999734 ) ) ;
#3636 = VECTOR ( 'NONE', #249, 1000.000000000000000 ) ;
#3637 = PRESENTATION_LAYER_ASSIGNMENT (  '', '', ( #3100 ) ) ;
#3638 = MECHANICAL_DESIGN_GEOMETRIC_PRESENTATION_REPRESENTATION (  '', ( #3435 ), #1664 ) ;
#3639 = PRESENTATION_STYLE_ASSIGNMENT (( #793 ) ) ;
#3640 = COLOUR_RGB ( '',0.2509803921568627416, 0.2509803921568627416, 0.2509803921568627416 ) ;
#3641 = EDGE_LOOP ( 'NONE', ( #3602, #2948, #295, #820 ) ) ;
#3642 =( LENGTH_UNIT ( ) NAMED_UNIT ( * ) SI_UNIT ( .MILLI., .METRE. ) );
#3643 = VERTEX_POINT ( 'NONE', #3970 ) ;
#3644 = UNCERTAINTY_MEASURE_WITH_UNIT (LENGTH_MEASURE( 1.000000000000000082E-05 ), #2227, 'distance_accuracy_value', 'NONE');
#3645 =( GEOMETRIC_REPRESENTATION_CONTEXT ( 3 ) GLOBAL_UNCERTAINTY_ASSIGNED_CONTEXT ( ( #2984 ) ) GLOBAL_UNIT_ASSIGNED_CONTEXT ( ( #2346, #71, #1639 ) ) REPRESENTATION_CONTEXT ( 'NONE', 'WORKASPACE' ) );
#3646 = LINE ( 'NONE', #3011, #2485 ) ;
#3647 = AXIS2_PLACEMENT_3D ( 'NONE', #3182, #3160, #3467 ) ;
#3648 = DIRECTION ( 'NONE',  ( 6.123233995736766036E-17, -0.000000000000000000, 1.000000000000000000 ) ) ;
#3649 = SURFACE_STYLE_USAGE ( .BOTH. , #3667 ) ;
#3650 = PRESENTATION_LAYER_ASSIGNMENT (  '', '', ( #4063 ) ) ;
#3651 = CARTESIAN_POINT ( 'NONE',  ( -0.8089862924531853183, 0.3725337496264854997, 1.007715499771153711 ) ) ;
#3652 = ORIENTED_EDGE ( 'NONE', *, *, #505, .T. ) ;
#3653 =( GEOMETRIC_REPRESENTATION_CONTEXT ( 3 ) GLOBAL_UNCERTAINTY_ASSIGNED_CONTEXT ( ( #3533 ) ) GLOBAL_UNIT_ASSIGNED_CONTEXT ( ( #815, #3134, #2183 ) ) REPRESENTATION_CONTEXT ( 'NONE', 'WORKASPACE' ) );
#3654 = CARTESIAN_POINT ( 'NONE',  ( 0.7200000000000004174, 0.1199999999999998845, -1.040000000000000036 ) ) ;
#3655 = CARTESIAN_POINT ( 'NONE',  ( 0.6528306081189763077, 0.1918347148094735333, -1.833392230628972941 ) ) ;
#3656 = STYLED_ITEM ( 'NONE', ( #2950 ), #2321 ) ;
#3657 = FILL_AREA_STYLE_COLOUR ( '', #1994 ) ;
#3658 = ORIENTED_EDGE ( 'NONE', *, *, #2390, .T. ) ;
#3659 = UNCERTAINTY_MEASURE_WITH_UNIT (LENGTH_MEASURE( 1.000000000000000082E-05 ), #2614, 'distance_accuracy_value', 'NONE');
#3660 = ADVANCED_FACE ( 'NONE', ( #80 ), #1347, .T. ) ;
#3661 = EDGE_CURVE ( 'NONE', #854, #672, #699, .T. ) ;
#3662 = VERTEX_POINT ( 'NONE', #2643 ) ;
#3663 = LINE ( 'NONE', #1121, #116 ) ;
#3664 = CYLINDRICAL_SURFACE ( 'NONE', #1563, 0.5999999999999996447 ) ;
#3665 = CARTESIAN_POINT ( 'NONE',  ( 0.7799999999999994715, 0.3199999999999998401, 1.039999999999999591 ) ) ;
#3666 = LINE ( 'NONE', #4011, #213 ) ;
#3667 = SURFACE_SIDE_STYLE ('',( #2933 ) ) ;
#3668 = DIRECTION ( 'NONE',  ( 0.7071067811865511255, 0.000000000000000000, 0.7071067811865440200 ) ) ;
#3669 = DIRECTION ( 'NONE',  ( 0.000000000000000000, 0.000000000000000000, 1.000000000000000000 ) ) ;
#3670 = VECTOR ( 'NONE', #1430, 1000.000000000000000 ) ;
#3671 = VECTOR ( 'NONE', #3972, 999.9999999999998863 ) ;
#3672 = CARTESIAN_POINT ( 'NONE',  ( 0.7799999999999994715, 0.3199999999999998401, 1.039999999999999591 ) ) ;
#3673 = ORIENTED_EDGE ( 'NONE', *, *, #288, .F. ) ;
#3674 = CARTESIAN_POINT ( 'NONE',  ( -0.5599999999999973888, 0.1199999999999998845, -1.199999999999999734 ) ) ;
#3675 = MECHANICAL_DESIGN_GEOMETRIC_PRESENTATION_REPRESENTATION (  '', ( #2278 ), #405 ) ;
#3676 =( NAMED_UNIT ( * ) PLANE_ANGLE_UNIT ( ) SI_UNIT ( $, .RADIAN. ) );
#3677 =( GEOMETRIC_REPRESENTATION_CONTEXT ( 3 ) GLOBAL_UNCERTAINTY_ASSIGNED_CONTEXT ( ( #79 ) ) GLOBAL_UNIT_ASSIGNED_CONTEXT ( ( #595, #3566, #876 ) ) REPRESENTATION_CONTEXT ( 'NONE', 'WORKASPACE' ) );
#3678 = CARTESIAN_POINT ( 'NONE',  ( -0.6900000000000013900, 0.6599999999999999201, 0.6900000000000013900 ) ) ;
#3679 = VECTOR ( 'NONE', #323, 1000.000000000000000 ) ;
#3680 = CARTESIAN_POINT ( 'NONE',  ( -0.7971693918810245361, 0.1918347148094735333, -1.199999999999999734 ) ) ;
#3681 = CARTESIAN_POINT ( 'NONE',  ( 0.7200000000000007505, 0.3199999999999998401, 1.039999999999999591 ) ) ;
#3682 = ADVANCED_FACE ( 'NONE', ( #3930 ), #14, .T. ) ;
#3683 = PRESENTATION_LAYER_ASSIGNMENT (  '', '', ( #1294 ) ) ;
#3684 = LINE ( 'NONE', #758, #737 ) ;
#3685 = SURFACE_SIDE_STYLE ('',( #2072 ) ) ;
#3686 = CARTESIAN_POINT ( 'NONE',  ( 1.125000000000000222, 1.000000000000000000, 1.039999999999999591 ) ) ;
#3687 = CARTESIAN_POINT ( 'NONE',  ( 0.6900000000000013900, 1.000000000000000000, -1.040000000000000036 ) ) ;
#3688 = FACE_OUTER_BOUND ( 'NONE', #4137, .T. ) ;
#3689 = EDGE_CURVE ( 'NONE', #1224, #1765, #3510, .T. ) ;
#3690 = PLANE ( 'NONE',  #2637 ) ;
#3691 = DIRECTION ( 'NONE',  ( -0.000000000000000000, 1.000000000000000000, -0.000000000000000000 ) ) ;
#3692 = SURFACE_STYLE_USAGE ( .BOTH. , #788 ) ;
#3693 = VERTEX_POINT ( 'NONE', #1709 ) ;
#3694 = SURFACE_SIDE_STYLE ('',( #1486 ) ) ;
#3695 = FACE_OUTER_BOUND ( 'NONE', #3567, .T. ) ;
#3696 = MECHANICAL_DESIGN_GEOMETRIC_PRESENTATION_REPRESENTATION (  '', ( #2764 ), #179 ) ;
#3697 = SURFACE_STYLE_FILL_AREA ( #136 ) ;
#3698 = UNCERTAINTY_MEASURE_WITH_UNIT (LENGTH_MEASURE( 1.000000000000000082E-05 ), #1548, 'distance_accuracy_value', 'NONE');
#3699 = AXIS2_PLACEMENT_3D ( 'NONE', #2434, #1345, #2677 ) ;
#3700 = ORIENTED_EDGE ( 'NONE', *, *, #2423, .F. ) ;
#3701 = CARTESIAN_POINT ( 'NONE',  ( -0.7371607816549179404, 0.3620095390546280711, 1.013598003144141169 ) ) ;
#3702 = FILL_AREA_STYLE ('',( #1063 ) ) ;
#3703 = LINE ( 'NONE', #3010, #774 ) ;
#3704 = EDGE_CURVE ( 'NONE', #1443, #4058, #3092, .T. ) ;
#3705 = CARTESIAN_POINT ( 'NONE',  ( 1.534368283772331143, 0.6600000000000000311, 0.6900000000000013900 ) ) ;
#3706 = MECHANICAL_DESIGN_GEOMETRIC_PRESENTATION_REPRESENTATION (  '', ( #2086 ), #2514 ) ;
#3707 = PRESENTATION_LAYER_ASSIGNMENT (  '', '', ( #1445 ) ) ;
#3708 = CARTESIAN_POINT ( 'NONE',  ( 0.000000000000000000, 1.000000000000000000, -1.040000000000000036 ) ) ;
#3709 = DIRECTION ( 'NONE',  ( -0.000000000000000000, 1.000000000000000000, -0.000000000000000000 ) ) ;
#3710 = AXIS2_PLACEMENT_3D ( 'NONE', #3395, #1767, #1242 ) ;
#3711 = DIRECTION ( 'NONE',  ( -1.000000000000000000, -8.723465755630501521E-16, 0.000000000000000000 ) ) ;
#3712 = ORIENTED_EDGE ( 'NONE', *, *, #1545, .F. ) ;
#3713 = STYLED_ITEM ( 'NONE', ( #1166 ), #3980 ) ;
#3714 = SURFACE_SIDE_STYLE ('',( #2148 ) ) ;
#3715 = LINE ( 'NONE', #2503, #1093 ) ;
#3716 = AXIS2_PLACEMENT_3D ( 'NONE', #2757, #3440, #768 ) ;
#3717 =( NAMED_UNIT ( * ) PLANE_ANGLE_UNIT ( ) SI_UNIT ( $, .RADIAN. ) );
#3718 = AXIS2_PLACEMENT_3D ( 'NONE', #2734, #4024, #1097 ) ;
#3719 = EDGE_CURVE ( 'NONE', #2604, #2252, #2455, .T. ) ;
#3720 = ORIENTED_EDGE ( 'NONE', *, *, #999, .F. ) ;
#3721 = VERTEX_POINT ( 'NONE', #2786 ) ;
#3722 = ADVANCED_FACE ( 'NONE', ( #2701 ), #2045, .F. ) ;
#3723 = MECHANICAL_DESIGN_GEOMETRIC_PRESENTATION_REPRESENTATION (  '', ( #3111 ), #1257 ) ;
#3724 =( NAMED_UNIT ( * ) SI_UNIT ( $, .STERADIAN. ) SOLID_ANGLE_UNIT ( ) );
#3725 = CARTESIAN_POINT ( 'NONE',  ( -0.6900000000000013900, 0.6600000000000000311, 1.534368283772331587 ) ) ;
#3726 = DIRECTION ( 'NONE',  ( 0.3007057995042662912, 0.9537169507482291531, 0.000000000000000000 ) ) ;
#3727 = DIRECTION ( 'NONE',  ( 0.000000000000000000, 1.000000000000000000, 0.000000000000000000 ) ) ;
#3728 = ORIENTED_EDGE ( 'NONE', *, *, #1115, .F. ) ;
#3729 = CARTESIAN_POINT ( 'NONE',  ( -0.7550267187712905725, 0.3745557991846119039, 1.006616819330153012 ) ) ;
#3730 = SURFACE_STYLE_USAGE ( .BOTH. , #1385 ) ;
#3731 = DIRECTION ( 'NONE',  ( 0.000000000000000000, 0.000000000000000000, -1.000000000000000000 ) ) ;
#3732 = LINE ( 'NONE', #4009, #1945 ) ;
#3733 = SURFACE_SIDE_STYLE ('',( #1410 ) ) ;
#3734 = LINE ( 'NONE', #3456, #23 ) ;
#3735 = DIRECTION ( 'NONE',  ( -0.9537169507482289310, -0.3007057995042665688, 0.000000000000000000 ) ) ;
#3736 =( NAMED_UNIT ( * ) SI_UNIT ( $, .STERADIAN. ) SOLID_ANGLE_UNIT ( ) );
#3737 = ORIENTED_EDGE ( 'NONE', *, *, #1060, .T. ) ;
#3738 = VERTEX_POINT ( 'NONE', #1386 ) ;
#3739 = CIRCLE ( 'NONE', #3397, 0.2443682837723300805 ) ;
#3740 = EDGE_CURVE ( 'NONE', #1817, #825, #3325, .T. ) ;
#3741 = CARTESIAN_POINT ( 'NONE',  ( -0.8399999999999991918, 0.3199999999999998401, 1.039999999999999591 ) ) ;
#3742 = SURFACE_STYLE_USAGE ( .BOTH. , #823 ) ;
#3743 = EDGE_CURVE ( 'NONE', #1988, #1682, #3732, .T. ) ;
#3744 = STYLED_ITEM ( 'NONE', ( #3312 ), #1038 ) ;
#3745 = VERTEX_POINT ( 'NONE', #1753 ) ;
#3746 = FILL_AREA_STYLE_COLOUR ( '', #1847 ) ;
#3747 = COLOUR_RGB ( '',0.2509803921568627416, 0.2509803921568627416, 0.2509803921568627416 ) ;
#3748 = VERTEX_POINT ( 'NONE', #3385 ) ;
#3749 = CARTESIAN_POINT ( 'NONE',  ( -0.7925372851208816183, 0.3786755185899332021, 1.004409288981832127 ) ) ;
#3750 =( LENGTH_UNIT ( ) NAMED_UNIT ( * ) SI_UNIT ( .MILLI., .METRE. ) );
#3751 = CARTESIAN_POINT ( 'NONE',  ( -0.8399999999999991918, 0.3199999999999998401, 1.039999999999999591 ) ) ;
#3752 = FILL_AREA_STYLE_COLOUR ( '', #602 ) ;
#3753 =( NAMED_UNIT ( * ) SI_UNIT ( $, .STERADIAN. ) SOLID_ANGLE_UNIT ( ) );
#3754 = LINE ( 'NONE', #2724, #1907 ) ;
#3755 = MECHANICAL_DESIGN_GEOMETRIC_PRESENTATION_REPRESENTATION (  '', ( #3614 ), #2286 ) ;
#3756 = VECTOR ( 'NONE', #1797, 1000.000000000000000 ) ;
#3757 = PRESENTATION_STYLE_ASSIGNMENT (( #2479 ) ) ;
#3758 = EDGE_LOOP ( 'NONE', ( #4088, #973, #160, #830, #549, #623, #58, #2395 ) ) ;
#3759 = SURFACE_STYLE_USAGE ( .BOTH. , #1739 ) ;
#3760 =( LENGTH_UNIT ( ) NAMED_UNIT ( * ) SI_UNIT ( .MILLI., .METRE. ) );
#3761 = MECHANICAL_DESIGN_GEOMETRIC_PRESENTATION_REPRESENTATION (  '', ( #688 ), #1420 ) ;
#3762 = SURFACE_STYLE_USAGE ( .BOTH. , #2058 ) ;
#3763 = LINE ( 'NONE', #787, #1352 ) ;
#3764 = EDGE_LOOP ( 'NONE', ( #3490, #2889, #1309, #4157 ) ) ;
#3765 = CLOSED_SHELL ( 'NONE', ( #2081, #2949, #3178, #3682, #3299, #3254, #419 ) ) ;
#3766 = DIRECTION ( 'NONE',  ( -2.085004177856739069E-16, 0.000000000000000000, 1.000000000000000000 ) ) ;
#3767 = ORIENTED_EDGE ( 'NONE', *, *, #2259, .T. ) ;
#3768 = EDGE_LOOP ( 'NONE', ( #1626, #1495, #2432, #3946, #4179, #586 ) ) ;
#3769 = DIRECTION ( 'NONE',  ( -0.7071067811865522357, 0.000000000000000000, 0.7071067811865426878 ) ) ;
#3770 = ADVANCED_FACE ( 'NONE', ( #141 ), #1083, .T. ) ;
#3771 = ORIENTED_EDGE ( 'NONE', *, *, #3402, .F. ) ;
#3772 = AXIS2_PLACEMENT_3D ( 'NONE', #3192, #3482, #1555 ) ;
#3773 = SURFACE_STYLE_USAGE ( .BOTH. , #3814 ) ;
#3774 = LINE ( 'NONE', #781, #1701 ) ;
#3775 = PRESENTATION_LAYER_ASSIGNMENT (  '', '', ( #243 ) ) ;
#3776 = CARTESIAN_POINT ( 'NONE',  ( 0.7205794611241587155, 0.3283186272820278750, 1.034380816936774750 ) ) ;
#3777 = SURFACE_STYLE_FILL_AREA ( #464 ) ;
#3778 = DIRECTION ( 'NONE',  ( 0.7071067811865292541, 0.000000000000000000, -0.7071067811865658914 ) ) ;
#3779 = VECTOR ( 'NONE', #1571, 1000.000000000000114 ) ;
#3780 = DIRECTION ( 'NONE',  ( -0.000000000000000000, -0.000000000000000000, -1.000000000000000000 ) ) ;
#3781 = MECHANICAL_DESIGN_GEOMETRIC_PRESENTATION_REPRESENTATION (  '', ( #2903 ), #1869 ) ;
#3782 = ORIENTED_EDGE ( 'NONE', *, *, #3579, .T. ) ;
#3783 = ORIENTED_EDGE ( 'NONE', *, *, #505, .F. ) ;
#3784 = AXIS2_PLACEMENT_3D ( 'NONE', #3144, #894, #3541 ) ;
#3785 = CARTESIAN_POINT ( 'NONE',  ( 0.7199999999999999734, 0.3199999999999998401, 1.040000000000000036 ) ) ;
#3786 = DIRECTION ( 'NONE',  ( 1.000000000000000000, 0.000000000000000000, -0.000000000000000000 ) ) ;
#3787 = VERTEX_POINT ( 'NONE', #3048 ) ;
#3788 = VECTOR ( 'NONE', #317, 1000.000000000000000 ) ;
#3789 = ORIENTED_EDGE ( 'NONE', *, *, #3740, .F. ) ;
#3790 = CARTESIAN_POINT ( 'NONE',  ( -0.7250000000000004219, 0.4349999999999997202, 1.039999999999999591 ) ) ;
#3791 = UNCERTAINTY_MEASURE_WITH_UNIT (LENGTH_MEASURE( 1.000000000000000082E-05 ), #3760, 'distance_accuracy_value', 'NONE');
#3792 = CARTESIAN_POINT ( 'NONE',  ( -1.040000000000000924, 1.000000000000000000, -0.6900000000000009459 ) ) ;
#3793 =( LENGTH_UNIT ( ) NAMED_UNIT ( * ) SI_UNIT ( .MILLI., .METRE. ) );
#3794 = EDGE_CURVE ( 'NONE', #3168, #2044, #3703, .T. ) ;
#3795 = EDGE_CURVE ( 'NONE', #3545, #2953, #1733, .T. ) ;
#3796 = DIRECTION ( 'NONE',  ( 0.000000000000000000, -1.000000000000000000, 0.000000000000000000 ) ) ;
#3797 = EDGE_CURVE ( 'NONE', #3802, #4121, #121, .T. ) ;
#3798 = SURFACE_STYLE_FILL_AREA ( #3184 ) ;
#3799 = CARTESIAN_POINT ( 'NONE',  ( -1.199999999999998845, 0.3199999999999998401, -0.9650000000000036326 ) ) ;
#3800 = CARTESIAN_POINT ( 'NONE',  ( 1.125000000000000222, 0.3199999999999998401, -1.039999999999999591 ) ) ;
#3801 =( NAMED_UNIT ( * ) PLANE_ANGLE_UNIT ( ) SI_UNIT ( $, .RADIAN. ) );
#3802 = VERTEX_POINT ( 'NONE', #182 ) ;
#3803 = ORIENTED_EDGE ( 'NONE', *, *, #1744, .T. ) ;
#3804 = PLANE ( 'NONE',  #1714 ) ;
#3805 = EDGE_CURVE ( 'NONE', #3174, #561, #1451, .T. ) ;
#3806 = FACE_OUTER_BOUND ( 'NONE', #2472, .T. ) ;
#3807 =( NAMED_UNIT ( * ) PLANE_ANGLE_UNIT ( ) SI_UNIT ( $, .RADIAN. ) );
#3808 = PRESENTATION_LAYER_ASSIGNMENT (  '', '', ( #272 ) ) ;
#3809 = PRODUCT_CONTEXT ( 'NONE', #3823, 'mechanical' ) ;
#3810 = EDGE_CURVE ( 'NONE', #130, #3248, #2068, .T. ) ;
#3811 = MECHANICAL_DESIGN_GEOMETRIC_PRESENTATION_REPRESENTATION (  '', ( #3744 ), #2122 ) ;
#3812 = CARTESIAN_POINT ( 'NONE',  ( -0.6528306081189760857, 0.1918347148094734500, 1.107169391881023257 ) ) ;
#3813 =( NAMED_UNIT ( * ) PLANE_ANGLE_UNIT ( ) SI_UNIT ( $, .RADIAN. ) );
#3814 = SURFACE_SIDE_STYLE ('',( #4100 ) ) ;
#3815 = LINE ( 'NONE', #1855, #3006 ) ;
#3816 = EDGE_LOOP ( 'NONE', ( #2487, #1772, #3558, #2525 ) ) ;
#3817 = CARTESIAN_POINT ( 'NONE',  ( 0.7370313954716756211, 0.3618771897921577718, 1.013673757169853751 ) ) ;
#3818 = MECHANICAL_DESIGN_GEOMETRIC_PRESENTATION_REPRESENTATION (  '', ( #2049 ), #155 ) ;
#3819 = CARTESIAN_POINT ( 'NONE',  ( 0.7200000000000004174, 0.3199999999999998401, -1.040000000000000036 ) ) ;
#3820 =( GEOMETRIC_REPRESENTATION_CONTEXT ( 3 ) GLOBAL_UNCERTAINTY_ASSIGNED_CONTEXT ( ( #931 ) ) GLOBAL_UNIT_ASSIGNED_CONTEXT ( ( #3206, #1958, #1114 ) ) REPRESENTATION_CONTEXT ( 'NONE', 'WORKASPACE' ) );
#3821 = SURFACE_SIDE_STYLE ('',( #2586 ) ) ;
#3822 = PRESENTATION_LAYER_ASSIGNMENT (  '', '', ( #2551 ) ) ;
#3823 = APPLICATION_CONTEXT ( 'automotive_design' ) ;
#3824 = ORIENTED_EDGE ( 'NONE', *, *, #845, .F. ) ;
#3825 = EDGE_CURVE ( 'NONE', #746, #861, #1402, .T. ) ;
#3826 = CARTESIAN_POINT ( 'NONE',  ( -1.534368283772331587, 0.6600000000000000311, 0.6900000000000013900 ) ) ;
#3827 = CIRCLE ( 'NONE', #287, 0.2399999999999999911 ) ;
#3828 = MECHANICAL_DESIGN_GEOMETRIC_PRESENTATION_REPRESENTATION (  '', ( #3286 ), #2368 ) ;
#3829 = DIRECTION ( 'NONE',  ( 0.000000000000000000, -0.000000000000000000, 1.000000000000000000 ) ) ;
#3830 = CARTESIAN_POINT ( 'NONE',  ( -1.199999999999998845, 0.3199999999999998401, 0.9343682837723317203 ) ) ;
#3831 = VECTOR ( 'NONE', #199, 1000.000000000000000 ) ;
#3832 = B_SPLINE_CURVE_WITH_KNOTS ( 'NONE', 3,
 ( #2171, #1195, #4152, #2526, #612, #1917, #3841, #872, #2541, #208, #918, #2854, #1858, #4106, #1168, #528, #3165, #572, #2502, #1214, #1877, #3817, #1236, #2221, #263, #3521, #2197, #3776, #591, #225, #1550 ),
 .UNSPECIFIED., .F., .F.,
 ( 4, 3, 3, 3, 3, 3, 3, 3, 3, 3, 4 ),
 ( 5.448048490814188565E-19, 3.051330004894495663E-05, 5.319239350620554095E-05, 7.605790331854425364E-05, 9.609000749850042005E-05, 0.0001142436684527323453, 0.0001319496479927230307, 0.0001503350577230481327, 0.0001704050213743615828, 0.0001931346091586831290, 0.0002030172096952873365 ),
 .UNSPECIFIED. ) ;
#3833 = ORIENTED_EDGE ( 'NONE', *, *, #632, .F. ) ;
#3834 = ORIENTED_EDGE ( 'NONE', *, *, #3175, .F. ) ;
#3835 = UNCERTAINTY_MEASURE_WITH_UNIT (LENGTH_MEASURE( 1.000000000000000082E-05 ), #1500, 'distance_accuracy_value', 'NONE');
#3836 = FILL_AREA_STYLE_COLOUR ( '', #1322 ) ;
#3837 =( NAMED_UNIT ( * ) SI_UNIT ( $, .STERADIAN. ) SOLID_ANGLE_UNIT ( ) );
#3838 = AXIS2_PLACEMENT_3D ( 'NONE', #2940, #28, #347 ) ;
#3839 = CARTESIAN_POINT ( 'NONE',  ( -0.7199999999999995293, 0.2028905576439352099, -1.039999999999999591 ) ) ;
#3840 = ORIENTED_EDGE ( 'NONE', *, *, #716, .T. ) ;
#3841 = CARTESIAN_POINT ( 'NONE',  ( 0.8228392183450810027, 0.3620095390546280711, 1.013598003144141169 ) ) ;
#3842 =( NAMED_UNIT ( * ) PLANE_ANGLE_UNIT ( ) SI_UNIT ( $, .RADIAN. ) );
#3843 = COLOUR_RGB ( '',0.2509803921568627416, 0.2509803921568627416, 0.2509803921568627416 ) ;
#3844 = FILL_AREA_STYLE_COLOUR ( '', #1411 ) ;
#3845 = ORIENTED_EDGE ( 'NONE', *, *, #2622, .T. ) ;
#3846 = AXIS2_PLACEMENT_3D ( 'NONE', #3878, #2581, #2292 ) ;
#3847 = DIRECTION ( 'NONE',  ( 0.7071067811865536790, 0.000000000000000000, 0.7071067811865413555 ) ) ;
#3848 = SURFACE_STYLE_USAGE ( .BOTH. , #1539 ) ;
#3849 = PLANE ( 'NONE',  #3348 ) ;
#3850 = EDGE_CURVE ( 'NONE', #625, #3745, #2845, .T. ) ;
#3851 = EDGE_CURVE ( 'NONE', #1074, #2674, #3663, .T. ) ;
#3852 = ORIENTED_EDGE ( 'NONE', *, *, #2944, .T. ) ;
#3853 = VECTOR ( 'NONE', #4004, 1000.000000000000000 ) ;
#3854 = ORIENTED_EDGE ( 'NONE', *, *, #762, .T. ) ;
#3855 = MECHANICAL_DESIGN_GEOMETRIC_PRESENTATION_REPRESENTATION (  '', ( #3656 ), #4068 ) ;
#3856 =( NAMED_UNIT ( * ) SI_UNIT ( $, .STERADIAN. ) SOLID_ANGLE_UNIT ( ) );
#3857 = FILL_AREA_STYLE_COLOUR ( '', #2051 ) ;
#3858 = ORIENTED_EDGE ( 'NONE', *, *, #3610, .F. ) ;
#3859 = DIRECTION ( 'NONE',  ( 0.000000000000000000, 1.000000000000000000, 0.000000000000000000 ) ) ;
#3860 = DIRECTION ( 'NONE',  ( -1.000000000000000000, 0.000000000000000000, 0.000000000000000000 ) ) ;
#3861 = CARTESIAN_POINT ( 'NONE',  ( 0.000000000000000000, 0.6600000000000000311, -0.9343682837723310541 ) ) ;
#3862 = ORIENTED_EDGE ( 'NONE', *, *, #3355, .T. ) ;
#3863 = DIRECTION ( 'NONE',  ( 0.000000000000000000, 0.000000000000000000, -1.000000000000000000 ) ) ;
#3864 = PRESENTATION_STYLE_ASSIGNMENT (( #3848 ) ) ;
#3865 = CARTESIAN_POINT ( 'NONE',  ( 0.6900000000000013900, 0.6600000000000000311, -1.534368283772330477 ) ) ;
#3866 =( BOUNDED_CURVE ( )  B_SPLINE_CURVE ( 3, ( #4218, #302, #1924, #2876 ),
 .UNSPECIFIED., .F., .T. ) 
 B_SPLINE_CURVE_WITH_KNOTS ( ( 4, 4 ),
 ( 1.582290832782836221, 1.959847153298960976 ),
 .UNSPECIFIED. ) 
 CURVE ( )  GEOMETRIC_REPRESENTATION_ITEM ( )  RATIONAL_B_SPLINE_CURVE ( ( 1.000000000000000000, 0.9881561715667592782, 0.9881561715667592782, 1.000000000000000000 ) ) 
 REPRESENTATION_ITEM ( '' )  );
#3867 = EDGE_LOOP ( 'NONE', ( #1963, #2463, #1720, #1819 ) ) ;
#3868 = DIRECTION ( 'NONE',  ( 0.3007057995042671239, 0.9537169507482288200, 0.000000000000000000 ) ) ;
#3869 = EDGE_CURVE ( 'NONE', #746, #4144, #797, .T. ) ;
#3870 = EDGE_CURVE ( 'NONE', #2755, #722, #1544, .T. ) ;
#3871 = DIRECTION ( 'NONE',  ( 0.000000000000000000, -1.000000000000000000, 0.000000000000000000 ) ) ;
#3872 = PRESENTATION_LAYER_ASSIGNMENT (  '', '', ( #2804 ) ) ;
#3873 = UNCERTAINTY_MEASURE_WITH_UNIT (LENGTH_MEASURE( 1.000000000000000082E-05 ), #2150, 'distance_accuracy_value', 'NONE');
#3874 = LINE ( 'NONE', #1908, #439 ) ;
#3875 = COLOUR_RGB ( '',0.2509803921568627416, 0.2509803921568627416, 0.2509803921568627416 ) ;
#3876 = FILL_AREA_STYLE ('',( #2833 ) ) ;
#3877 = ORIENTED_EDGE ( 'NONE', *, *, #2280, .T. ) ;
#3878 = CARTESIAN_POINT ( 'NONE',  ( -0.7250000000000004219, -0.03705735337010138825, -1.039999999999999591 ) ) ;
#3879 = ORIENTED_EDGE ( 'NONE', *, *, #3612, .T. ) ;
#3880 = SURFACE_STYLE_FILL_AREA ( #1551 ) ;
#3881 =( NAMED_UNIT ( * ) PLANE_ANGLE_UNIT ( ) SI_UNIT ( $, .RADIAN. ) );
#3882 = DIRECTION ( 'NONE',  ( -1.000000000000000000, -0.000000000000000000, -0.000000000000000000 ) ) ;
#3883 = PRESENTATION_STYLE_ASSIGNMENT (( #1679 ) ) ;
#3884 = SURFACE_STYLE_FILL_AREA ( #1199 ) ;
#3885 = MECHANICAL_DESIGN_GEOMETRIC_PRESENTATION_REPRESENTATION (  '', ( #1285 ), #2203 ) ;
#3886 = VERTEX_POINT ( 'NONE', #1853 ) ;
#3887 = CARTESIAN_POINT ( 'NONE',  ( 0.6528306081189760857, 0.1918347148094734500, 1.107169391881023479 ) ) ;
#3888 = AXIS2_PLACEMENT_3D ( 'NONE', #1068, #1369, #2048 ) ;
#3889 = SURFACE_STYLE_USAGE ( .BOTH. , #620 ) ;
#3890 = COLOUR_RGB ( '',0.7294117647058823151, 0.3568627450980392246, 0.02352941176470588203 ) ;
#3891 = AXIS2_PLACEMENT_3D ( 'NONE', #3600, #1568, #3287 ) ;
#3892 = PLANE ( 'NONE',  #750 ) ;
#3893 =( NAMED_UNIT ( * ) SI_UNIT ( $, .STERADIAN. ) SOLID_ANGLE_UNIT ( ) );
#3894 = ORIENTED_EDGE ( 'NONE', *, *, #1619, .T. ) ;
#3895 = PRESENTATION_LAYER_ASSIGNMENT (  '', '', ( #2418 ) ) ;
#3896 =( BOUNDED_CURVE ( )  B_SPLINE_CURVE ( 3, ( #3052, #2399, #2047, #1712 ),
 .UNSPECIFIED., .F., .F. ) 
 B_SPLINE_CURVE_WITH_KNOTS ( ( 4, 4 ),
 ( 4.723883486372630891, 5.101439806888754092 ),
 .UNSPECIFIED. ) 
 CURVE ( )  GEOMETRIC_REPRESENTATION_ITEM ( )  RATIONAL_B_SPLINE_CURVE ( ( 1.000000000000000000, 0.9881561715667596113, 0.9881561715667596113, 1.000000000000000000 ) ) 
 REPRESENTATION_ITEM ( '' )  );
#3897 = AXIS2_PLACEMENT_3D ( 'NONE', #1668, #428, #663 ) ;
#3898 = PRESENTATION_STYLE_ASSIGNMENT (( #2283 ) ) ;
#3899 = SURFACE_STYLE_FILL_AREA ( #974 ) ;
#3900 = DIRECTION ( 'NONE',  ( 0.000000000000000000, 1.000000000000000000, -0.000000000000000000 ) ) ;
#3901 = ADVANCED_FACE ( 'NONE', ( #3493 ), #2555, .F. ) ;
#3902 = ORIENTED_EDGE ( 'NONE', *, *, #3085, .F. ) ;
#3903 = SURFACE_SIDE_STYLE ('',( #3562 ) ) ;
#3904 = ORIENTED_EDGE ( 'NONE', *, *, #4033, .F. ) ;
#3905 = UNCERTAINTY_MEASURE_WITH_UNIT (LENGTH_MEASURE( 1.000000000000000082E-05 ), #1996, 'distance_accuracy_value', 'NONE');
#3906 = CARTESIAN_POINT ( 'NONE',  ( -1.199999999999998845, 0.6600000000000000311, 1.534368283772331587 ) ) ;
#3907 = CARTESIAN_POINT ( 'NONE',  ( 0.7799999999999994715, 0.3199999999999998401, 1.039999999999999591 ) ) ;
#3908 = VECTOR ( 'NONE', #2862, 1000.000000000000000 ) ;
#3909 = FILL_AREA_STYLE ('',( #1922 ) ) ;
#3910 = DIRECTION ( 'NONE',  ( 1.000000000000000000, 0.000000000000000000, -4.170008355713479616E-16 ) ) ;
#3911 = VERTEX_POINT ( 'NONE', #842 ) ;
#3912 = DIRECTION ( 'NONE',  ( 6.123233995736766036E-17, -0.000000000000000000, 1.000000000000000000 ) ) ;
#3913 = FACE_OUTER_BOUND ( 'NONE', #2871, .T. ) ;
#3914 = DIRECTION ( 'NONE',  ( 1.000000000000000000, 0.000000000000000000, 0.000000000000000000 ) ) ;
#3915 = LINE ( 'NONE', #990, #4031 ) ;
#3916 = MECHANICAL_DESIGN_GEOMETRIC_PRESENTATION_REPRESENTATION (  '', ( #4125 ), #2153 ) ;
#3917 = MECHANICAL_DESIGN_GEOMETRIC_PRESENTATION_REPRESENTATION (  '', ( #2446 ), #239 ) ;
#3918 = CYLINDRICAL_SURFACE ( 'NONE', #3985, 0.05999999999999994227 ) ;
#3919 = CIRCLE ( 'NONE', #2080, 0.05999999999999917899 ) ;
#3920 = AXIS2_PLACEMENT_3D ( 'NONE', #2784, #3868, #944 ) ;
#3921 =( LENGTH_UNIT ( ) NAMED_UNIT ( * ) SI_UNIT ( .MILLI., .METRE. ) );
#3922 = ORIENTED_EDGE ( 'NONE', *, *, #2290, .T. ) ;
#3923 = AXIS2_PLACEMENT_3D ( 'NONE', #2216, #1801, #2240 ) ;
#3924 = AXIS2_PLACEMENT_3D ( 'NONE', #1509, #1255, #250 ) ;
#3925 = DIRECTION ( 'NONE',  ( 0.000000000000000000, 0.000000000000000000, -1.000000000000000000 ) ) ;
#3926 = ORIENTED_EDGE ( 'NONE', *, *, #1260, .F. ) ;
#3927 = PRESENTATION_LAYER_ASSIGNMENT (  '', '', ( #510 ) ) ;
#3928 = CARTESIAN_POINT ( 'NONE',  ( -0.7799999999999994715, 0.3199999999999998401, 1.039999999999999591 ) ) ;
#3929 = VERTEX_POINT ( 'NONE', #889 ) ;
#3930 = FACE_OUTER_BOUND ( 'NONE', #3986, .T. ) ;
#3931 = EDGE_CURVE ( 'NONE', #3886, #2252, #1872, .T. ) ;
#3932 = DIRECTION ( 'NONE',  ( -1.000000000000000000, 0.000000000000000000, 0.000000000000000000 ) ) ;
#3933 = ADVANCED_FACE ( 'NONE', ( #2538 ), #913, .F. ) ;
#3934 = EDGE_CURVE ( 'NONE', #3113, #3191, #1253, .T. ) ;
#3935 = SURFACE_SIDE_STYLE ('',( #2602 ) ) ;
#3936 = CARTESIAN_POINT ( 'NONE',  ( -1.199999999999998845, 0.3199999999999998401, 0.9650000000000036326 ) ) ;
#3937 = CARTESIAN_POINT ( 'NONE',  ( -0.7799999999999994715, 0.1199999999999998290, 1.099999999999999645 ) ) ;
#3938 = CARTESIAN_POINT ( 'NONE',  ( -0.6528306081189763077, 0.1918347148094735333, 1.199999999999999734 ) ) ;
#3939 = SURFACE_STYLE_USAGE ( .BOTH. , #2650 ) ;
#3940 = ORIENTED_EDGE ( 'NONE', *, *, #716, .F. ) ;
#3941 = DIRECTION ( 'NONE',  ( 0.000000000000000000, 0.000000000000000000, -1.000000000000000000 ) ) ;
#3942 = ORIENTED_EDGE ( 'NONE', *, *, #2258, .F. ) ;
#3943 = CARTESIAN_POINT ( 'NONE',  ( 0.000000000000000000, 0.3199999999999998401, 0.000000000000000000 ) ) ;
#3944 = LINE ( 'NONE', #1647, #3148 ) ;
#3945 = CARTESIAN_POINT ( 'NONE',  ( -0.8398089257779267625, 0.3255443523647985615, 1.036221213694452414 ) ) ;
#3946 = ORIENTED_EDGE ( 'NONE', *, *, #3529, .F. ) ;
#3947 = SURFACE_SIDE_STYLE ('',( #63 ) ) ;
#3948 = ORIENTED_EDGE ( 'NONE', *, *, #3302, .F. ) ;
#3949 = UNCERTAINTY_MEASURE_WITH_UNIT (LENGTH_MEASURE( 1.000000000000000082E-05 ), #1606, 'distance_accuracy_value', 'NONE');
#3950 = DIRECTION ( 'NONE',  ( -1.000000000000000000, -0.000000000000000000, -0.000000000000000000 ) ) ;
#3951 = MECHANICAL_DESIGN_GEOMETRIC_PRESENTATION_REPRESENTATION (  '', ( #1476 ), #3535 ) ;
#3952 = DIRECTION ( 'NONE',  ( 0.000000000000000000, 0.000000000000000000, -1.000000000000000000 ) ) ;
#3953 = DIRECTION ( 'NONE',  ( -0.9537169507482290420, -0.3007057995042665688, 0.000000000000000000 ) ) ;
#3954 = FILL_AREA_STYLE_COLOUR ( '', #818 ) ;
#3955 = CARTESIAN_POINT ( 'NONE',  ( -0.8309027135173742140, 0.3523118436313315560, 1.019230936510460372 ) ) ;
#3956 = FILL_AREA_STYLE ('',( #1946 ) ) ;
#3957 = AXIS2_PLACEMENT_3D ( 'NONE', #2198, #3474, #551 ) ;
#3958 = FACE_OUTER_BOUND ( 'NONE', #34, .T. ) ;
#3959 = ORIENTED_EDGE ( 'NONE', *, *, #2054, .T. ) ;
#3960 = VECTOR ( 'NONE', #2484, 1000.000000000000000 ) ;
#3961 =( LENGTH_UNIT ( ) NAMED_UNIT ( * ) SI_UNIT ( .MILLI., .METRE. ) );
#3962 = AXIS2_PLACEMENT_3D ( 'NONE', #1911, #651, #276 ) ;
#3963 =( GEOMETRIC_REPRESENTATION_CONTEXT ( 3 ) GLOBAL_UNCERTAINTY_ASSIGNED_CONTEXT ( ( #3307 ) ) GLOBAL_UNIT_ASSIGNED_CONTEXT ( ( #2767, #4081, #1390 ) ) REPRESENTATION_CONTEXT ( 'NONE', 'WORKASPACE' ) );
#3964 = COLOUR_RGB ( '',0.2509803921568627416, 0.2509803921568627416, 0.2509803921568627416 ) ;
#3965 = AXIS2_PLACEMENT_3D ( 'NONE', #3977, #991, #109 ) ;
#3966 = UNCERTAINTY_MEASURE_WITH_UNIT (LENGTH_MEASURE( 1.000000000000000082E-05 ), #1044, 'distance_accuracy_value', 'NONE');
#3967 = ORIENTED_EDGE ( 'NONE', *, *, #2046, .T. ) ;
#3968 = DIRECTION ( 'NONE',  ( 1.000000000000000000, 0.000000000000000000, 0.000000000000000000 ) ) ;
#3969 = ORIENTED_EDGE ( 'NONE', *, *, #2393, .T. ) ;
#3970 = CARTESIAN_POINT ( 'NONE',  ( -0.7200000000000007505, 0.3199999999999998401, 0.9343682837723317203 ) ) ;
#3971 = DIRECTION ( 'NONE',  ( 0.9537169507482288200, -0.3007057995042671239, 1.021256286358006133E-15 ) ) ;
#3972 = DIRECTION ( 'NONE',  ( -0.9537169507482290420, -0.3007057995042666798, 0.000000000000000000 ) ) ;
#3973 = PLANE ( 'NONE',  #3888 ) ;
#3974 = LINE ( 'NONE', #2605, #1792 ) ;
#3975 = LINE ( 'NONE', #3655, #2840 ) ;
#3976 = DIRECTION ( 'NONE',  ( 0.000000000000000000, 0.000000000000000000, -1.000000000000000000 ) ) ;
#3977 = CARTESIAN_POINT ( 'NONE',  ( 0.6900000000000013900, 0.6600000000000000311, -1.534368283772330699 ) ) ;
#3978 = ORIENTED_EDGE ( 'NONE', *, *, #1283, .F. ) ;
#3979 = DIRECTION ( 'NONE',  ( 1.000000000000000000, 0.000000000000000000, 0.000000000000000000 ) ) ;
#3980 = ADVANCED_FACE ( 'NONE', ( #2832 ), #867, .T. ) ;
#3981 = COLOUR_RGB ( '',0.2509803921568627416, 0.2509803921568627416, 0.2509803921568627416 ) ;
#3982 = EDGE_CURVE ( 'NONE', #773, #1252, #293, .T. ) ;
#3983 = CARTESIAN_POINT ( 'NONE',  ( 0.6900000000000013900, 0.3200000000000000622, 0.6900000000000013900 ) ) ;
#3984 = LINE ( 'NONE', #1446, #3756 ) ;
#3985 = AXIS2_PLACEMENT_3D ( 'NONE', #3378, #3062, #4019 ) ;
#3986 = EDGE_LOOP ( 'NONE', ( #1791, #1340, #3446, #635 ) ) ;
#3987 = ORIENTED_EDGE ( 'NONE', *, *, #35, .F. ) ;
#3988 = UNCERTAINTY_MEASURE_WITH_UNIT (LENGTH_MEASURE( 1.000000000000000082E-05 ), #1738, 'distance_accuracy_value', 'NONE');
#3989 = PRESENTATION_LAYER_ASSIGNMENT (  '', '', ( #1724 ) ) ;
#3990 = CARTESIAN_POINT ( 'NONE',  ( -0.7250000000000004219, -0.03705735337010138825, -1.199999999999999734 ) ) ;
#3991 = LINE ( 'NONE', #2397, #1842 ) ;
#3992 = VECTOR ( 'NONE', #322, 1000.000000000000114 ) ;
#3993 =( NAMED_UNIT ( * ) SI_UNIT ( $, .STERADIAN. ) SOLID_ANGLE_UNIT ( ) );
#3994 = VECTOR ( 'NONE', #1109, 1000.000000000000000 ) ;
#3995 = CARTESIAN_POINT ( 'NONE',  ( -1.124999999999999334, 0.1199999999999998845, -1.039999999999999591 ) ) ;
#3996 = PRESENTATION_STYLE_ASSIGNMENT (( #126 ) ) ;
#3997 = DIRECTION ( 'NONE',  ( 0.000000000000000000, 0.000000000000000000, -1.000000000000000000 ) ) ;
#3998 = CARTESIAN_POINT ( 'NONE',  ( -0.6900000000000013900, 0.3200000000000000622, 1.040000000000000924 ) ) ;
#3999 =( NAMED_UNIT ( * ) SI_UNIT ( $, .STERADIAN. ) SOLID_ANGLE_UNIT ( ) );
#4000 = ORIENTED_EDGE ( 'NONE', *, *, #2566, .F. ) ;
#4001 = PRODUCT_RELATED_PRODUCT_CATEGORY ( 'part', '', ( #1605 ) ) ;
#4002 = FACE_OUTER_BOUND ( 'NONE', #1887, .T. ) ;
#4003 = ADVANCED_FACE ( 'NONE', ( #693 ), #2915, .F. ) ;
#4004 = DIRECTION ( 'NONE',  ( 0.000000000000000000, 0.000000000000000000, -1.000000000000000000 ) ) ;
#4005 = SURFACE_SIDE_STYLE ('',( #2065 ) ) ;
#4006 = UNCERTAINTY_MEASURE_WITH_UNIT (LENGTH_MEASURE( 1.000000000000000082E-05 ), #3750, 'distance_accuracy_value', 'NONE');
#4007 = VERTEX_POINT ( 'NONE', #3619 ) ;
#4008 = SURFACE_STYLE_USAGE ( .BOTH. , #775 ) ;
#4009 = CARTESIAN_POINT ( 'NONE',  ( 0.5599999999999980549, 0.1199999999999998845, -1.199999999999999734 ) ) ;
#4010 = CARTESIAN_POINT ( 'NONE',  ( -0.5599999999999973888, -1.626303258728256651E-16, -1.199999999999999734 ) ) ;
#4011 = CARTESIAN_POINT ( 'NONE',  ( 1.125000000000000222, 0.1199999999999998845, 1.039999999999999591 ) ) ;
#4012 = PLANE ( 'NONE',  #2488 ) ;
#4013 = SURFACE_STYLE_FILL_AREA ( #4034 ) ;
#4014 =( LENGTH_UNIT ( ) NAMED_UNIT ( * ) SI_UNIT ( .MILLI., .METRE. ) );
#4015 = CARTESIAN_POINT ( 'NONE',  ( 0.5599999999999980549, 0.1625653364986608118, 1.199999999999999734 ) ) ;
#4016 =( GEOMETRIC_REPRESENTATION_CONTEXT ( 3 ) GLOBAL_UNCERTAINTY_ASSIGNED_CONTEXT ( ( #1871 ) ) GLOBAL_UNIT_ASSIGNED_CONTEXT ( ( #1046, #3881, #677 ) ) REPRESENTATION_CONTEXT ( 'NONE', 'WORKASPACE' ) );
#4017 = FILL_AREA_STYLE ('',( #192 ) ) ;
#4018 = ORIENTED_EDGE ( 'NONE', *, *, #3, .T. ) ;
#4019 = DIRECTION ( 'NONE',  ( 0.000000000000000000, 0.000000000000000000, -1.000000000000000000 ) ) ;
#4020 = AXIS2_PLACEMENT_3D ( 'NONE', #108, #445, #3391 ) ;
#4021 = CARTESIAN_POINT ( 'NONE',  ( -1.124999999999999334, 1.000000000000000000, 1.039999999999999591 ) ) ;
#4022 = PRESENTATION_LAYER_ASSIGNMENT (  '', '', ( #1285 ) ) ;
#4023 = EDGE_CURVE ( 'NONE', #1180, #4073, #932, .T. ) ;
#4024 = DIRECTION ( 'NONE',  ( -1.070816960479510155E-15, 0.000000000000000000, -1.000000000000000000 ) ) ;
#4025 = VECTOR ( 'NONE', #2462, 1000.000000000000000 ) ;
#4026 = CIRCLE ( 'NONE', #3343, 0.4349999999999998312 ) ;
#4027 = COLOUR_RGB ( '',0.2509803921568627416, 0.2509803921568627416, 0.2509803921568627416 ) ;
#4028 = PRESENTATION_LAYER_ASSIGNMENT (  '', '', ( #1569 ) ) ;
#4029 = CARTESIAN_POINT ( 'NONE',  ( 0.6900000000000013900, 0.6600000000000000311, -1.534368283772330699 ) ) ;
#4030 = EDGE_CURVE ( 'NONE', #4144, #968, #950, .T. ) ;
#4031 = VECTOR ( 'NONE', #2332, 1000.000000000000000 ) ;
#4032 = FILL_AREA_STYLE ('',( #1368 ) ) ;
#4033 = EDGE_CURVE ( 'NONE', #173, #2853, #668, .T. ) ;
#4034 = FILL_AREA_STYLE ('',( #2725 ) ) ;
#4035 = VERTEX_POINT ( 'NONE', #605 ) ;
#4036 = PRESENTATION_STYLE_ASSIGNMENT (( #3759 ) ) ;
#4037 = DIRECTION ( 'NONE',  ( -1.000000000000000000, 0.000000000000000000, 0.000000000000000000 ) ) ;
#4038 = CARTESIAN_POINT ( 'NONE',  ( -1.025000000000000355, 0.1199999999999998845, 1.039999999999999591 ) ) ;
#4039 =( LENGTH_UNIT ( ) NAMED_UNIT ( * ) SI_UNIT ( .MILLI., .METRE. ) );
#4040 = ORIENTED_EDGE ( 'NONE', *, *, #3240, .T. ) ;
#4041 = VERTEX_POINT ( 'NONE', #353 ) ;
#4042 = CARTESIAN_POINT ( 'NONE',  ( -0.8399999999999991918, 0.3199999999999998401, 0.8899999999999996803 ) ) ;
#4043 = APPLICATION_CONTEXT ( 'automotive_design' ) ;
#4044 = SURFACE_SIDE_STYLE ('',( #433 ) ) ;
#4045 = AXIS2_PLACEMENT_3D ( 'NONE', #4220, #3590, #2978 ) ;
#4046 = CIRCLE ( 'NONE', #1246, 0.5999999999999998668 ) ;
#4047 = ORIENTED_EDGE ( 'NONE', *, *, #3869, .T. ) ;
#4048 = SURFACE_SIDE_STYLE ('',( #3344 ) ) ;
#4049 = CARTESIAN_POINT ( 'NONE',  ( -0.6900000000000018341, 0.3200000000000000622, -1.040000000000000036 ) ) ;
#4050 =( LENGTH_UNIT ( ) NAMED_UNIT ( * ) SI_UNIT ( .MILLI., .METRE. ) );
#4051 = STYLED_ITEM ( 'NONE', ( #112 ), #3178 ) ;
#4052 = MECHANICAL_DESIGN_GEOMETRIC_PRESENTATION_REPRESENTATION (  '', ( #1590 ), #771 ) ;
#4053 =( NAMED_UNIT ( * ) PLANE_ANGLE_UNIT ( ) SI_UNIT ( $, .RADIAN. ) );
#4054 = CARTESIAN_POINT ( 'NONE',  ( -0.7799999999999994715, 0.1199999999999998290, 1.099999999999999645 ) ) ;
#4055 = DIRECTION ( 'NONE',  ( 1.070816960479510155E-15, -0.000000000000000000, 1.000000000000000000 ) ) ;
#4056 = STYLED_ITEM ( 'NONE', ( #131 ), #3299 ) ;
#4057 = EDGE_CURVE ( 'NONE', #3113, #1954, #3874, .T. ) ;
#4058 = VERTEX_POINT ( 'NONE', #3559 ) ;
#4059 = ADVANCED_FACE ( 'NONE', ( #1646 ), #2656, .T. ) ;
#4060 = FACE_OUTER_BOUND ( 'NONE', #1362, .T. ) ;
#4061 = EDGE_CURVE ( 'NONE', #1954, #560, #719, .T. ) ;
#4062 = FACE_OUTER_BOUND ( 'NONE', #665, .T. ) ;
#4063 = STYLED_ITEM ( 'NONE', ( #467 ), #2184 ) ;
#4064 = AXIS2_PLACEMENT_3D ( 'NONE', #2373, #3726, #3401 ) ;
#4065 = ORIENTED_EDGE ( 'NONE', *, *, #3850, .T. ) ;
#4066 = ORIENTED_EDGE ( 'NONE', *, *, #1115, .T. ) ;
#4067 = CARTESIAN_POINT ( 'NONE',  ( 0.7799999999999994715, 0.1199999999999998845, 1.039999999999999591 ) ) ;
#4068 =( GEOMETRIC_REPRESENTATION_CONTEXT ( 3 ) GLOBAL_UNCERTAINTY_ASSIGNED_CONTEXT ( ( #1043 ) ) GLOBAL_UNIT_ASSIGNED_CONTEXT ( ( #933, #9, #2910 ) ) REPRESENTATION_CONTEXT ( 'NONE', 'WORKASPACE' ) );
#4069 = SURFACE_STYLE_FILL_AREA ( #2452 ) ;
#4070 =( LENGTH_UNIT ( ) NAMED_UNIT ( * ) SI_UNIT ( .MILLI., .METRE. ) );
#4071 = EDGE_CURVE ( 'NONE', #369, #521, #4209, .T. ) ;
#4072 = ORIENTED_EDGE ( 'NONE', *, *, #899, .T. ) ;
#4073 = VERTEX_POINT ( 'NONE', #114 ) ;
#4074 = FACE_OUTER_BOUND ( 'NONE', #3867, .T. ) ;
#4075 = ORIENTED_EDGE ( 'NONE', *, *, #2613, .T. ) ;
#4076 = CARTESIAN_POINT ( 'NONE',  ( -0.7866108791077239815, 0.3799418225564705209, 1.003737081678634180 ) ) ;
#4077 = CARTESIAN_POINT ( 'NONE',  ( 1.040000000000000480, 1.000000000000000000, 0.6900000000000013900 ) ) ;
#4078 = CARTESIAN_POINT ( 'NONE',  ( -0.7799999999999994715, 0.3199999999999998401, 1.039999999999999591 ) ) ;
#4079 =( NAMED_UNIT ( * ) SI_UNIT ( $, .STERADIAN. ) SOLID_ANGLE_UNIT ( ) );
#4080 = CARTESIAN_POINT ( 'NONE',  ( 0.6900000000000013900, 0.6600000000000000311, 0.6900000000000013900 ) ) ;
#4081 =( NAMED_UNIT ( * ) PLANE_ANGLE_UNIT ( ) SI_UNIT ( $, .RADIAN. ) );
#4082 = ORIENTED_EDGE ( 'NONE', *, *, #1777, .F. ) ;
#4083 = LINE ( 'NONE', #2102, #2615 ) ;
#4084 = LINE ( 'NONE', #1481, #545 ) ;
#4085 = SURFACE_SIDE_STYLE ('',( #1129 ) ) ;
#4086 = ORIENTED_EDGE ( 'NONE', *, *, #4118, .T. ) ;
#4087 = TOROIDAL_SURFACE ( 'NONE', #2473, 0.8443682837723300860, 0.5999999999999996447 ) ;
#4088 = ORIENTED_EDGE ( 'NONE', *, *, #2564, .F. ) ;
#4089 = CARTESIAN_POINT ( 'NONE',  ( -0.6900000000000013900, 0.3200000000000000622, 0.6900000000000013900 ) ) ;
#4090 = CARTESIAN_POINT ( 'NONE',  ( 0.7799999999999994715, 0.3199999999999998401, 1.099999999999999645 ) ) ;
#4091 = VECTOR ( 'NONE', #495, 1000.000000000000000 ) ;
#4092 = STYLED_ITEM ( 'NONE', ( #200 ), #1133 ) ;
#4093 = APPLICATION_PROTOCOL_DEFINITION ( 'draft international standard', 'automotive_design', 1998, #4043 ) ;
#4094 = DIRECTION ( 'NONE',  ( 0.000000000000000000, -1.000000000000000000, 0.000000000000000000 ) ) ;
#4095 =( GEOMETRIC_REPRESENTATION_CONTEXT ( 3 ) GLOBAL_UNCERTAINTY_ASSIGNED_CONTEXT ( ( #292 ) ) GLOBAL_UNIT_ASSIGNED_CONTEXT ( ( #640, #1146, #1072 ) ) REPRESENTATION_CONTEXT ( 'NONE', 'WORKASPACE' ) );
#4096 = ORIENTED_EDGE ( 'NONE', *, *, #3591, .T. ) ;
#4097 = CARTESIAN_POINT ( 'NONE',  ( -0.7200000000000007505, 0.3199999999999998401, 1.039999999999999591 ) ) ;
#4098 = DIRECTION ( 'NONE',  ( 0.000000000000000000, 0.000000000000000000, -1.000000000000000000 ) ) ;
#4099 = PRESENTATION_LAYER_ASSIGNMENT (  '', '', ( #747 ) ) ;
#4100 = SURFACE_STYLE_FILL_AREA ( #2789 ) ;
#4101 = FILL_AREA_STYLE_COLOUR ( '', #4102 ) ;
#4102 = COLOUR_RGB ( '',0.2509803921568627416, 0.2509803921568627416, 0.2509803921568627416 ) ;
#4103 = MECHANICAL_DESIGN_GEOMETRIC_PRESENTATION_REPRESENTATION (  '', ( #1358 ), #3820 ) ;
#4104 = FILL_AREA_STYLE_COLOUR ( '', #3169 ) ;
#4105 = EDGE_LOOP ( 'NONE', ( #1881, #3132, #563, #4151 ) ) ;
#4106 = CARTESIAN_POINT ( 'NONE',  ( 0.7796540745758723245, 0.3803072472912160107, 1.003545908035250234 ) ) ;
#4107 =( LENGTH_UNIT ( ) NAMED_UNIT ( * ) SI_UNIT ( .MILLI., .METRE. ) );
#4108 = CARTESIAN_POINT ( 'NONE',  ( 0.7799999999999994715, 0.3199999999999998401, 0.9343682837723317203 ) ) ;
#4109 = PRESENTATION_LAYER_ASSIGNMENT (  '', '', ( #688 ) ) ;
#4110 = CARTESIAN_POINT ( 'NONE',  ( 0.7200000000000004174, 0.2028905576439351544, -1.040000000000000036 ) ) ;
#4111 = ORIENTED_EDGE ( 'NONE', *, *, #738, .T. ) ;
#4112 = ORIENTED_EDGE ( 'NONE', *, *, #877, .T. ) ;
#4113 = LINE ( 'NONE', #2531, #2838 ) ;
#4114 = SURFACE_STYLE_USAGE ( .BOTH. , #1398 ) ;
#4115 = FACE_OUTER_BOUND ( 'NONE', #1276, .T. ) ;
#4116 = FILL_AREA_STYLE_COLOUR ( '', #196 ) ;
#4117 = ORIENTED_EDGE ( 'NONE', *, *, #2518, .F. ) ;
#4118 = EDGE_CURVE ( 'NONE', #241, #247, #751, .T. ) ;
#4119 = DIRECTION ( 'NONE',  ( 0.000000000000000000, 1.000000000000000000, 0.000000000000000000 ) ) ;
#4120 = ADVANCED_FACE ( 'NONE', ( #3695 ), #732, .F. ) ;
#4121 = VERTEX_POINT ( 'NONE', #1726 ) ;
#4122 = CARTESIAN_POINT ( 'NONE',  ( -0.6900000000000018341, 0.6600000000000000311, -0.9343682837723310541 ) ) ;
#4123 = DIRECTION ( 'NONE',  ( 0.000000000000000000, 0.000000000000000000, 1.000000000000000000 ) ) ;
#4124 = CARTESIAN_POINT ( 'NONE',  ( -0.6900000000000013900, 0.6600000000000000311, 0.6900000000000013900 ) ) ;
#4125 = STYLED_ITEM ( 'NONE', ( #1970 ), #2664 ) ;
#4126 = DIRECTION ( 'NONE',  ( 0.000000000000000000, 0.000000000000000000, 1.000000000000000000 ) ) ;
#4127 =( LENGTH_UNIT ( ) NAMED_UNIT ( * ) SI_UNIT ( .MILLI., .METRE. ) );
#4128 = EDGE_CURVE ( 'NONE', #130, #3121, #2977, .T. ) ;
#4129 =( LENGTH_UNIT ( ) NAMED_UNIT ( * ) SI_UNIT ( .MILLI., .METRE. ) );
#4130 = ORIENTED_EDGE ( 'NONE', *, *, #1152, .F. ) ;
#4131 = DIRECTION ( 'NONE',  ( 0.000000000000000000, 0.000000000000000000, 1.000000000000000000 ) ) ;
#4132 =( NAMED_UNIT ( * ) SI_UNIT ( $, .STERADIAN. ) SOLID_ANGLE_UNIT ( ) );
#4133 = COLOUR_RGB ( '',0.2509803921568627416, 0.2509803921568627416, 0.2509803921568627416 ) ;
#4134 = FACE_OUTER_BOUND ( 'NONE', #461, .T. ) ;
#4135 = DIRECTION ( 'NONE',  ( -0.9537169507482290420, -0.3007057995042665688, 0.000000000000000000 ) ) ;
#4136 = PRESENTATION_LAYER_ASSIGNMENT (  '', '', ( #2903 ) ) ;
#4137 = EDGE_LOOP ( 'NONE', ( #3978, #581, #1553, #1137, #297 ) ) ;
#4138 = ORIENTED_EDGE ( 'NONE', *, *, #1428, .T. ) ;
#4139 = DIRECTION ( 'NONE',  ( -0.000000000000000000, -0.000000000000000000, 1.000000000000000000 ) ) ;
#4140 = SURFACE_SIDE_STYLE ('',( #230 ) ) ;
#4141 = AXIS2_PLACEMENT_3D ( 'NONE', #3485, #924, #1864 ) ;
#4142 = PRESENTATION_LAYER_ASSIGNMENT (  '', '', ( #1061 ) ) ;
#4143 =( GEOMETRIC_REPRESENTATION_CONTEXT ( 3 ) GLOBAL_UNCERTAINTY_ASSIGNED_CONTEXT ( ( #2316 ) ) GLOBAL_UNIT_ASSIGNED_CONTEXT ( ( #3921, #2260, #972 ) ) REPRESENTATION_CONTEXT ( 'NONE', 'WORKASPACE' ) );
#4144 = VERTEX_POINT ( 'NONE', #2064 ) ;
#4145 = UNCERTAINTY_MEASURE_WITH_UNIT (LENGTH_MEASURE( 1.000000000000000082E-05 ), #1463, 'distance_accuracy_value', 'NONE');
#4146 = CARTESIAN_POINT ( 'NONE',  ( 0.7799999999999994715, 0.3199999999999998401, 0.8899999999999996803 ) ) ;
#4147 = CARTESIAN_POINT ( 'NONE',  ( 0.8399999999999991918, 0.3199999999999998401, 1.039999999999999591 ) ) ;
#4148 = EDGE_CURVE ( 'NONE', #4041, #3787, #1057, .T. ) ;
#4149 = CYLINDRICAL_SURFACE ( 'NONE', #2866, 0.5999999999999996447 ) ;
#4150 = FACE_OUTER_BOUND ( 'NONE', #421, .T. ) ;
#4151 = ORIENTED_EDGE ( 'NONE', *, *, #679, .F. ) ;
#4152 = CARTESIAN_POINT ( 'NONE',  ( 0.8381968168166139543, 0.3370851812012334858, 1.028586080075245324 ) ) ;
#4153 = SURFACE_STYLE_FILL_AREA ( #628 ) ;
#4154 = DIRECTION ( 'NONE',  ( 0.000000000000000000, 0.000000000000000000, -1.000000000000000000 ) ) ;
#4155 = LINE ( 'NONE', #3819, #1124 ) ;
#4156 = FILL_AREA_STYLE ('',( #1763 ) ) ;
#4157 = ORIENTED_EDGE ( 'NONE', *, *, #2991, .F. ) ;
#4158 = LINE ( 'NONE', #3547, #995 ) ;
#4159 = CARTESIAN_POINT ( 'NONE',  ( 0.7200000000000007505, 0.3199999999999998401, 0.8899999999999996803 ) ) ;
#4160 = FILL_AREA_STYLE_COLOUR ( '', #27 ) ;
#4161 = ORIENTED_EDGE ( 'NONE', *, *, #2178, .F. ) ;
#4162 = VECTOR ( 'NONE', #3407, 1000.000000000000000 ) ;
#4163 = PRESENTATION_LAYER_ASSIGNMENT (  '', '', ( #882 ) ) ;
#4164 = ORIENTED_EDGE ( 'NONE', *, *, #1777, .T. ) ;
#4165 = DIRECTION ( 'NONE',  ( 0.000000000000000000, 0.000000000000000000, -1.000000000000000000 ) ) ;
#4166 = PRESENTATION_LAYER_ASSIGNMENT (  '', '', ( #1981 ) ) ;
#4167 = PRESENTATION_STYLE_ASSIGNMENT (( #2191 ) ) ;
#4168 = DIRECTION ( 'NONE',  ( -1.000000000000000000, 6.211574946531536346E-15, 0.000000000000000000 ) ) ;
#4169 = COLOUR_RGB ( '',0.7921568627450980005, 0.8196078431372548767, 0.9333333333333333481 ) ;
#4170 = PLANE ( 'NONE',  #3028 ) ;
#4171 =( GEOMETRIC_REPRESENTATION_CONTEXT ( 3 ) GLOBAL_UNCERTAINTY_ASSIGNED_CONTEXT ( ( #3791 ) ) GLOBAL_UNIT_ASSIGNED_CONTEXT ( ( #3760, #3801, #1215 ) ) REPRESENTATION_CONTEXT ( 'NONE', 'WORKASPACE' ) );
#4172 = ORIENTED_EDGE ( 'NONE', *, *, #211, .F. ) ;
#4173 = CARTESIAN_POINT ( 'NONE',  ( -1.025000000000000355, 0.1199999999999998290, -1.039999999999999591 ) ) ;
#4174 = DIRECTION ( 'NONE',  ( -6.776263578034398768E-16, 1.000000000000000000, -9.795786256852399169E-30 ) ) ;
#4175 = EDGE_CURVE ( 'NONE', #4196, #2042, #1039, .T. ) ;
#4176 = ADVANCED_FACE ( 'NONE', ( #2759 ), #1400, .T. ) ;
#4177 = CARTESIAN_POINT ( 'NONE',  ( -1.124999999999999334, 1.199999999999999956, 1.039999999999999591 ) ) ;
#4178 =( GEOMETRIC_REPRESENTATION_CONTEXT ( 3 ) GLOBAL_UNCERTAINTY_ASSIGNED_CONTEXT ( ( #3157 ) ) GLOBAL_UNIT_ASSIGNED_CONTEXT ( ( #115, #1382, #3114 ) ) REPRESENTATION_CONTEXT ( 'NONE', 'WORKASPACE' ) );
#4179 = ORIENTED_EDGE ( 'NONE', *, *, #4198, .F. ) ;
#4180 = CARTESIAN_POINT ( 'NONE',  ( -0.6746182703644885148, 0.1987043383279878395, 1.085381729635510384 ) ) ;
#4181 = SURFACE_STYLE_USAGE ( .BOTH. , #576 ) ;
#4182 = SURFACE_SIDE_STYLE ('',( #3110 ) ) ;
#4183 = FILL_AREA_STYLE ('',( #2898 ) ) ;
#4184 = COLOUR_RGB ( '',0.7294117647058823151, 0.3568627450980392246, 0.02352941176470588203 ) ;
#4185 = ORIENTED_EDGE ( 'NONE', *, *, #3043, .F. ) ;
#4186 = EDGE_LOOP ( 'NONE', ( #1848, #3376, #2652, #4130 ) ) ;
#4187 = UNCERTAINTY_MEASURE_WITH_UNIT (LENGTH_MEASURE( 1.000000000000000082E-05 ), #1389, 'distance_accuracy_value', 'NONE');
#4188 = DIRECTION ( 'NONE',  ( 0.7071067811865658914, 0.000000000000000000, -0.7071067811865292541 ) ) ;
#4189 = SURFACE_SIDE_STYLE ('',( #277 ) ) ;
#4190 = VECTOR ( 'NONE', #2107, 1000.000000000000000 ) ;
#4191 = SURFACE_SIDE_STYLE ('',( #3519 ) ) ;
#4192 = CARTESIAN_POINT ( 'NONE',  ( -0.5599999999999979439, 0.1199999999999998845, 1.199999999999999734 ) ) ;
#4193 = PRESENTATION_LAYER_ASSIGNMENT (  '', '', ( #2002 ) ) ;
#4194 = DIRECTION ( 'NONE',  ( 0.000000000000000000, 1.000000000000000000, 0.000000000000000000 ) ) ;
#4195 =( NAMED_UNIT ( * ) PLANE_ANGLE_UNIT ( ) SI_UNIT ( $, .RADIAN. ) );
#4196 = VERTEX_POINT ( 'NONE', #1381 ) ;
#4197 = STYLED_ITEM ( 'NONE', ( #2170 ), #2921 ) ;
#4198 = EDGE_CURVE ( 'NONE', #539, #4035, #1707, .T. ) ;
#4199 = FACE_OUTER_BOUND ( 'NONE', #697, .T. ) ;
#4200 = ADVANCED_FACE ( 'NONE', ( #1076 ), #2407, .F. ) ;
#4201 = DIRECTION ( 'NONE',  ( 1.000000000000000000, 0.000000000000000000, 0.000000000000000000 ) ) ;
#4202 = LINE ( 'NONE', #1578, #479 ) ;
#4203 = VERTEX_POINT ( 'NONE', #454 ) ;
#4204 = EDGE_LOOP ( 'NONE', ( #3508, #2386, #3622, #1282, #1423, #2620 ) ) ;
#4205 = PRESENTATION_LAYER_ASSIGNMENT (  '', '', ( #4056 ) ) ;
#4206 = FACE_OUTER_BOUND ( 'NONE', #3460, .T. ) ;
#4207 = MECHANICAL_DESIGN_GEOMETRIC_PRESENTATION_REPRESENTATION (  '', ( #3713 ), #2908 ) ;
#4208 =( GEOMETRIC_REPRESENTATION_CONTEXT ( 3 ) GLOBAL_UNCERTAINTY_ASSIGNED_CONTEXT ( ( #2679 ) ) GLOBAL_UNIT_ASSIGNED_CONTEXT ( ( #3357, #3375, #3999 ) ) REPRESENTATION_CONTEXT ( 'NONE', 'WORKASPACE' ) );
#4209 = CIRCLE ( 'NONE', #2090, 0.3499999999999992006 ) ;
#4210 = VECTOR ( 'NONE', #594, 1000.000000000000000 ) ;
#4211 = SURFACE_SIDE_STYLE ('',( #3220 ) ) ;
#4212 = VERTEX_POINT ( 'NONE', #154 ) ;
#4213 = VERTEX_POINT ( 'NONE', #1748 ) ;
#4214 = CARTESIAN_POINT ( 'NONE',  ( 0.5599999999999980549, 1.199999999999999956, -1.199999999999999734 ) ) ;
#4215 = DIRECTION ( 'NONE',  ( -1.000000000000000000, 0.000000000000000000, 0.000000000000000000 ) ) ;
#4216 = DIRECTION ( 'NONE',  ( 1.000000000000000000, 0.000000000000000000, 0.000000000000000000 ) ) ;
#4217 = DIRECTION ( 'NONE',  ( 1.000000000000000000, 0.000000000000000000, -0.000000000000000000 ) ) ;
#4218 = CARTESIAN_POINT ( 'NONE',  ( 0.7200000000000004174, 2.873658136903940391E-05, -1.040000000000000036 ) ) ;
#4219 = ORIENTED_EDGE ( 'NONE', *, *, #1883, .F. ) ;
#4220 = CARTESIAN_POINT ( 'NONE',  ( -0.6900000000000018341, 0.6600000000000000311, -1.534368283772330699 ) ) ;
#4221 = SURFACE_STYLE_FILL_AREA ( #1882 ) ;
#4222 = DIRECTION ( 'NONE',  ( 1.000000000000000000, 0.000000000000000000, 0.000000000000000000 ) ) ;
#4223 = VERTEX_POINT ( 'NONE', #3067 ) ;
ENDSEC;
END-ISO-10303-21;
